Workbook
Name __ISC01: #REF!
Name __ISC01: #REF!
Name __ISC01: #REF!
Name __ISC01: #REF!
Name __ISC2: #REF!
Name __ISC2: #REF!
Name __ISC2: #REF!
Name __ISC2: #REF!
Name __ISC3: #REF!+#REF!
Name __ISC3: #REF!+#REF!
Name __ISC3: #REF!+#REF!
Name __ISC3: #REF!+#REF!
Name __ISC567: #REF!
Name __ISC567: #REF!
Name __ISC567: #REF!
Name __ISC567: #REF!
Name _10000: #REF!
Name _10000: #REF!
Name _10000: #REF!
Name _10000: #REF!
Name _1080: #REF!
Name _1080: #REF!
Name _1080: #REF!
Name _1080: #REF!
Name _1090: #REF!
Name _1090: #REF!
Name _1090: #REF!
Name _1090: #REF!
Name _1100: #REF!
Name _1100: #REF!
Name _1100: #REF!
Name _1100: #REF!
Name _1110: #REF!
Name _1110: #REF!
Name _1110: #REF!
Name _1110: #REF!
Name _2: #REF!
Name _2: #REF!
Name _2: #REF!
Name _2: #REF!
Name _2010: #REF!
Name _2010: #REF!
Name _2010: #REF!
Name _2010: #REF!
Name _2080: #REF!
Name _2080: #REF!
Name _2080: #REF!
Name _2080: #REF!
Name _2090: #REF!
Name _2090: #REF!
Name _2090: #REF!
Name _2090: #REF!
Name _2100: #REF!
Name _2100: #REF!
Name _2100: #REF!
Name _2100: #REF!
Name _2110: #REF!
Name _2110: #REF!
Name _2110: #REF!
Name _2110: #REF!

Sheet ReadMe
A1: Country-Level Input-Output Analysis - Inputs used by : | D1: "Total Economy" | G1: A-Matrix Coefficients & Domestic Share
B5: O0p | C5: Share by Sector in Total Economy Output (Current Price, MER)
B6: Oxs | C6: Share by Countries in Total Economy and Sectoral Output (Current Price, MER)
B7: Ox | C7: ="A-Matrix by Sector and Country: Inputs used by Total Economy as a Share of Total Economy Output (Current Price, MER)" -> A-Matrix by Sector and Country: Inputs used by Total Economy as a Share of Total Economy Output (Current Price, MER)
B8: Px | C8: Inputs used by Total Economy: Domestic Sectoral Inputs Used as Share of Total Sectoral Inputs (Current Price MER)
B9: Qx | C9: ="Import, Export, Consumption, Investment, Intermediate Consumption as Share of Total Economy Supply (Output & Import) (Current Price MER)" -> Import, Export, Consumption, Investment, Intermediate Consumption as Share of Total Economy Supply (Output & Import) (Current Price MER)
B10: Qxo | C10: ="Import, Export, Consumption, Investment as Share of Sector Output (Current Price MER)" -> Import, Export, Consumption, Investment as Share of Sector Output (Current Price MER)
B11: Qxg | C11: ="Import, Export as Share of Sector Gross Final Expenditure (Current Price MER)" -> Import, Export as Share of Sector Gross Final Expenditure (Current Price MER)
B14: Sheet Number | C14: Sector Name
B15: 1 | C15: Food
B16: 2a | C16: Housing Services
B17: 2b | C17: Construction
B18: 3 | C18: Manufacturing
B19: 4 | C19: Energy
B20: 5 | C20: Education/Health
B21: 6 | C21: Leisure/Culture
B22: 7 | C22: Transport
B23: 8 | C23: Other services

Sheet O0p
A1: Data series on Output: Share of each Sector in World Output (current price MER).
A4: Year | B4: Food | C4: Housing Services | D4: Construction | E4: Manufacturing | F4: Energy | G4: Education/Health | H4: Leisure/Culture | I4: Transport | J4: Other Services
A5: 1970 | B5: 0.13011013 | C5: 0.041268213 | D5: 0.07636786 | E5: 0.22325366 | F5: 0.091736303 | G5: 0.11176989 | H5: 0.17203991 | I5: 0.053878158 | J5: 0.099575878
A6: 1971 | B6: 0.12730089 | C6: 0.041872162 | D6: 0.078196674 | E6: 0.22122856 | F6: 0.092831563 | G6: 0.11280852 | H6: 0.17106556 | I6: 0.053668343 | J6: 0.10102774
A7: 1972 | B7: 0.12509748 | C7: 0.041786929 | D7: 0.079433067 | E7: 0.22160528 | F7: 0.095639751 | G7: 0.11222399 | H7: 0.17024148 | I7: 0.053260414 | J7: 0.1007116
A8: 1973 | B8: 0.12720901 | C8: 0.04137314 | D8: 0.079959448 | E8: 0.22663792 | F8: 0.096597543 | G8: 0.10741486 | H8: 0.16777216 | I8: 0.053494515 | J8: 0.099541396
A9: 1974 | B9: 0.12453557 | C9: 0.0410281 | D9: 0.076376825 | E9: 0.22880268 | F9: 0.099539905 | G9: 0.10823161 | H9: 0.1678907 | I9: 0.054571305 | J9: 0.099023302
A10: 1975 | B10: 0.12336313 | C10: 0.041592613 | D10: 0.075203491 | E10: 0.21964987 | F10: 0.1045351 | G10: 0.11365598 | H10: 0.16682973 | I10: 0.053823261 | J10: 0.10134681
A11: 1976 | B11: 0.11968605 | C11: 0.04154111 | D11: 0.073418887 | E11: 0.22210652 | F11: 0.10694338 | G11: 0.11283617 | H11: 0.16870562 | I11: 0.05374722 | J11: 0.10101505
A12: 1977 | B12: 0.11735945 | C12: 0.041758704 | D12: 0.073546704 | E12: 0.22363047 | F12: 0.10713334 | G12: 0.11206693 | H12: 0.16911727 | I12: 0.053725162 | J12: 0.10166196
A13: 1978 | B13: 0.11529055 | C13: 0.04226945 | D13: 0.075307961 | E13: 0.22553659 | F13: 0.10509666 | G13: 0.11150372 | H13: 0.16823571 | I13: 0.054000489 | J13: 0.10275888
A14: 1979 | B14: 0.11453069 | C14: 0.042241251 | D14: 0.07560641 | E14: 0.2262923 | F14: 0.1057682 | G14: 0.11082718 | H14: 0.16724275 | I14: 0.054001017 | J14: 0.1034902
A15: 1980 | B15: 0.11231473 | C15: 0.042268018 | D15: 0.073758775 | E15: 0.22295553 | F15: 0.110867 | G15: 0.11082175 | H15: 0.16852532 | I15: 0.054568906 | J15: 0.10391998
A16: 1981 | B16: 0.111456 | C16: 0.043606078 | D16: 0.07221973 | E16: 0.22074951 | F16: 0.10868805 | G16: 0.1144707 | H16: 0.16874476 | I16: 0.053788482 | J16: 0.10627669
... A60: 2025 | B60: 0.082464744 | C60: 0.051913312 | D60: 0.073769242 | E60: 0.19932942 | F60: 0.088593311 | G60: 0.12524772 | H60: 0.15893735 | I60: 0.052653975 | J60: 0.16709093
A61: 2026
A62: 2027
A63: 2028
A64: 2029
A65: 2030
A66: 2031
A67: 2032
A68: 2033
A69: 2034
A70: 2035
A71: 2036
A72: 2037
... A135: 2100

Sheet O0s
A1: ="Data series on Output: Country and Region Output Shares in Total Economy (current price MER)." -> Data series on Output: Country and Region Output Shares in Total Economy (current price MER).
A4: Year | B4: World | C4: Europe | D4: North America/ Oceania | E4: Latin America | F4: Middle East/North Africa | G4: Subsaharan Africa | H4: Russia/ Central Asia | I4: East Asia | J4: South & South-East Asia | K4: DE | L4: DK | M4: ES | N4: FR | O4: GB | P4: IT | Q4: NL | R4: NO | S4: SE | T4: OC | U4: QM | V4: US | W4: CA | X4: AU | Y4: NZ | Z4: OH | AA4: AR | AB4: BR | AC4: CL | AD4: CO | AE4: MX | AF4: OD | AG4: AE | AH4: DZ | AI4: EG | AJ4: IR | AK4: MA | AL4: SA | AM4: TR | AN4: OE | AO4: CD | AP4: CI | AQ4: ET | AR4: KE | AS4: ML | AT4: NE | AU4: NG | AV4: RW | AW4: SD | AX4: ZA | AY4: OJ | AZ4: RU | BA4: OA | BB4: CN | BC4: JP | BD4: KR | BE4: TW | BF4: OB | BG4: BD | BH4: IN | BI4: ID | BJ4: MM | BK4: PK | BL4: PH | BM4: TH | BN4: VN | BO4: OI
A5: 1970 | B5: =SUM(C5:J5) -> 1 | C5: =SUM(K5:U5) -> 0.27507175 | D5: =SUM(V5:Z5) -> 0.31536158 | E5: =SUM(AA5:AF5) -> 0.048569818 | F5: =SUM(AG5:AN5) -> 0.025811883 | G5: =SUM(AO5:AY5) -> 0.046783071 | H5: =SUM(AZ5:BA5) -> 0.15302459 | I5: =SUM(BB5:BF5) -> 0.1026282 | J5: =SUM(BG5:BO5) -> 0.032749117 | K5: 0.061284526 | L5: 0.0048574984 | M5: 0.012041241 | N5: 0.048589091 | O5: 0.035131571 | P5: 0.036306901 | Q5: 0.0099245391 | R5: 0.0036583097 | S5: 0.012167034 | T5: 0.032888467 | U5: 0.028177936 | V5: 0.28899227 | W5: 0.021335026 | X5: 0.013789947 | Y5: 0.0019978605 | Z5: 0.00066000323 | AA5: 0.0092829649 | AB5: 0.010367237 | AC5: 0.0024718872 | AD5: 0.0031099383 | AE5: 0.014816558 | AF5: 0.014304685 | AG5: 0.00052568142 | AH5: 0.0019941471 | AI5: 0.0020008396 | AJ5: 0.0040584669 | AK5: 0.001199641 | AL5: 0.0015865038 | AM5: 0.0069905276 | AN5: 0.0083902566 | AO5: 0.0010424719 | AP5: 0.0004197359 | AQ5: 0.00060205286 | AR5: 0.00070143204 | AS5: 8.1446947e-05 | AT5: 0.00014770632 | AU5: 0.011292118 | AV5: 5.7916561e-05 | AW5: 0.00020148876 | AX5: 0.0049791637 | AY5: 0.007991758 | AZ5: 0.10197299 | BA5: 0.03733129 | BB5: 0.029242668 | BC5: 0.069746252 | BD5: 0.0032117506 | BE5: 0.0018040895 | BF5: 0.0023377432 | BG5: 0.0014133553 | BH5: 0.016900343 | BI5: 0.0027636786 | BJ5: 0.00076428425 | BK5: 0.0037530852 | BL5: 0.0018420935 | BM5: 0.002279489 | BN5: 0.00072576613 | BO5: 0.0034922752
A6: 1971 | B6: =SUM(C6:J6) -> 1 | C6: =SUM(K6:U6) -> 0.28055955 | D6: =SUM(V6:Z6) -> 0.31028974 | E6: =SUM(AA6:AF6) -> 0.048987944 | F6: =SUM(AG6:AN6) -> 0.026529026 | G6: =SUM(AO6:AY6) -> 0.049041749 | H6: =SUM(AZ6:BA6) -> 0.14729209 | I6: =SUM(BB6:BF6) -> 0.10369281 | J6: =SUM(BG6:BO6) -> 0.033607097 | K6: 0.064224484 | L6: 0.0048443794 | M6: 0.012290292 | N6: 0.049245785 | O6: 0.035989499 | P6: 0.036022452 | Q6: 0.010738692 | R6: 0.0038128282 | S6: 0.012009324 | T6: 0.03430496 | U6: 0.028170318 | V6: 0.28357852 | W6: 0.022078462 | X6: 0.014049696 | Y6: 0.0021718845 | Z6: 0.00068019499 | AA6: 0.0099535724 | AB6: 0.010455638 | AC6: 0.0026420127 | AD6: 0.0030345304 | AE6: 0.014524259 | AF6: 0.014175092 | AG6: 0.00066674721 | AH6: 0.0019137782 | AI6: 0.0019593049 | AJ6: 0.0046832443 | AK6: 0.0011816781 | AL6: 0.001942994 | AM6: 0.0060381114 | AN6: 0.0091921386 | AO6: 0.001128303 | AP6: 0.00042894565 | AQ6: 0.00060270416 | AR6: 0.00075253928 | AS6: 8.6618143e-05 | AT6: 0.00015323822 | AU6: 0.012273633 | AV6: 6.7397456e-05 | AW6: 0.00021253434 | AX6: 0.0053489607 | AY6: 0.0084247373 | AZ6: 0.096134768 | BA6: 0.035081937 | BB6: 0.028661236 | BC6: 0.071483284 | BD6: 0.0032317447 | BE6: 0.0019911764 | BF6: 0.0024254334 | BG6: 0.0011769587 | BH6: 0.017654975 | BI6: 0.002801996 | BJ6: 0.00074939193 | BK6: 0.0038485708 | BL6: 0.001968688 | BM6: 0.0022818957 | BN6: 0.00076513277 | BO6: 0.0036883303
A7: 1972 | B7: =SUM(C7:J7) -> 1 | C7: =SUM(K7:U7) -> 0.28468991 | D7: =SUM(V7:Z7) -> 0.29590173 | E7: =SUM(AA7:AF7) -> 0.051794224 | F7: =SUM(AG7:AN7) -> 0.0290637 | G7: =SUM(AO7:AY7) -> 0.048433274 | H7: =SUM(AZ7:BA7) -> 0.14768911 | I7: =SUM(BB7:BF7) -> 0.11291609 | J7: =SUM(BG7:BO7) -> 0.029511965 | K7: 0.066369659 | L7: 0.0049861346 | M7: 0.013504158 | N7: 0.051311243 | O7: 0.034947622 | P7: 0.036143498 | Q7: 0.011283062 | R7: 0.0038816296 | S7: 0.01223992 | T7: 0.035461714 | U7: 0.027204376 | V7: 0.27013643 | W7: 0.021714351 | X7: 0.014192011 | Y7: 0.002306 | Z7: 0.00069397156 | AA7: 0.012895854 | AB7: 0.01158158 | AC7: 0.0024638678 | AD7: 0.0029229572 | AE7: 0.014417518 | AF7: 0.013641196 | AG7: 0.00091152863 | AH7: 0.0023049524 | AI7: 0.0017650568 | AJ7: 0.0052676405 | AK7: 0.0012598206 | AL7: 0.002342925 | AM7: 0.0067435203 | AN7: 0.009758978 | AO7: 0.0010586673 | AP7: 0.00042236945 | AQ7: 0.00057112519 | AR7: 0.00071557178 | AS7: 9.044322e-05 | AT7: 0.00016294895 | AU7: 0.012572183 | AV7: 6.4315803e-05 | AW7: 0.0002100452 | AX7: 0.0048093048 | AY7: 0.0078789948 | AZ7: 0.093428961 | BA7: 0.034608605 | BB7: 0.028462533 | BC7: 0.081949763 | BD7: 0.0030516061 | BE7: 0.0019331416 | BF7: 0.0025336584 | BG7: 0.001283764 | BH7: 0.015884957 | BI7: 0.0028100162 | BJ7: 0.00058641036 | BK7: 0.0020647578 | BL7: 0.0018115524 | BM7: 0.0021405557 | BN7: 0.00069886122 | BO7: 0.0035417195
A8: 1973 | B8: =SUM(C8:J8) -> 1 | C8: =SUM(K8:U8) -> 0.30019658 | D8: =SUM(V8:Z8) -> 0.27477691 | E8: =SUM(AA8:AF8) -> 0.058604555 | F8: =SUM(AG8:AN8) -> 0.030666184 | G8: =SUM(AO8:AY8) -> 0.041431712 | H8: =SUM(AZ8:BA8) -> 0.14085715 | I8: =SUM(BB8:BF8) -> 0.12468934 | J8: =SUM(BG8:BO8) -> 0.028777578 | K8: 0.071229013 | L8: 0.0054538903 | M8: 0.014603426 | N8: 0.054338079 | O8: 0.034817545 | P8: 0.035616899 | Q8: 0.012071124 | R8: 0.0041576121 | S8: 0.012227764 | T8: 0.038625427 | U8: 0.026871081 | V8: 0.24451729 | W8: 0.020361013 | X8: 0.015638917 | Y8: 0.0024871183 | Z8: 0.00075672989 | AA8: 0.018089986 | AB8: 0.013368369 | AC8: 0.0028622031 | AD8: 0.0028254098 | AE8: 0.014537326 | AF8: 0.013149863 | AG8: 0.0013658055 | AH8: 0.0023155517 | AI8: 0.0016129566 | AJ8: 0.0063403607 | AK8: 0.0012357639 | AL8: 0.0028249851 | AM8: 0.0067439123 | AN8: 0.0092295155 | AO8: 0.0010412312 | AP8: 0.00044052739 | AQ8: 0.00052174803 | AR8: 0.00065191531 | AS8: 8.0694128e-05 | AT8: 0.00013377623 | AU8: 0.010612975 | AV8: 6.1472831e-05 | AW8: 0.00020472466 | AX8: 0.0050782894 | AY8: 0.0071499188 | AZ8: 0.091549853 | BA8: 0.033713248 | BB8: 0.028992812 | BC8: 0.091625655 | BD8: 0.0032699744 | BE8: 0.0023521499 | BF8: 0.0025256083 | BG8: 0.0015364261 | BH8: 0.014637574 | BI8: 0.0031919639 | BJ8: 0.00058328671 | BK8: 0.0017651525 | BL8: 0.0017633741 | BM8: 0.0021755989 | BN8: 0.00056093561 | BO8: 0.0035041834
A9: 1974 | B9: =SUM(C9:J9) -> 1 | C9: =SUM(K9:U9) -> 0.30262619 | D9: =SUM(V9:Z9) -> 0.26701028 | E9: =SUM(AA9:AF9) -> 0.065035689 | F9: =SUM(AG9:AN9) -> 0.043483569 | G9: =SUM(AO9:AY9) -> 0.047081069 | H9: =SUM(AZ9:BA9) -> 0.11919438 | I9: =SUM(BB9:BF9) -> 0.12399398 | J9: =SUM(BG9:BO9) -> 0.031574846 | K9: 0.071207914 | L9: 0.0053403114 | M9: 0.015660971 | N9: 0.051809461 | O9: 0.03566917 | P9: 0.037037487 | Q9: 0.01283891 | R9: 0.0044431681 | S9: 0.011797934 | T9: 0.041050534 | U9: 0.026761391 | V9: 0.23581681 | W9: 0.021790905 | X9: 0.015781148 | Y9: 0.0025212018 | Z9: 0.00079773572 | AA9: 0.020596549 | AB9: 0.014917834 | AC9: 0.0022974814 | AD9: 0.0027919395 | AE9: 0.015791026 | AF9: 0.014492193 | AG9: 0.0030967215 | AH9: 0.0028040325 | AI9: 0.0016246597 | AJ9: 0.0089031861 | AK9: 0.0013335376 | AL9: 0.0072308914 | AM9: 0.0081686566 | AN9: 0.01190116 | AO9: 0.0011027354 | AP9: 0.00046290285 | AQ9: 0.00048257961 | AR9: 0.00067259576 | AS9: 6.5774239e-05 | AT9: 0.00013343957 | AU9: 0.014039393 | AV9: 7.0555093e-05 | AW9: 0.00022193148 | AX9: 0.0055103714 | AY9: 0.0072968239 | AZ9: 0.075138537 | BA9: 0.027308515 | BB9: 0.02707511 | BC9: 0.092025753 | BD9: 0.0041893373 | BE9: 0.0027042115 | BF9: 0.0025029012 | BG9: 0.0020366269 | BH9: 0.014883488 | BI9: 0.0043477761 | BJ9: 0.00061385538 | BK9: 0.0019836729 | BL9: 0.0020979201 | BM9: 0.0024065322 | BN9: 0.00052532309 | BO9: 0.0038264155
A10: 1975 | B10: =SUM(C10:J10) -> 1 | C10: =SUM(K10:U10) -> 0.31567453 | D10: =SUM(V10:Z10) -> 0.25757693 | E10: =SUM(AA10:AF10) -> 0.054635449 | F10: =SUM(AG10:AN10) -> 0.045566708 | G10: =SUM(AO10:AY10) -> 0.056172952 | H10: =SUM(AZ10:BA10) -> 0.12031337 | I10: =SUM(BB10:BF10) -> 0.11824594 | J10: =SUM(BG10:BO10) -> 0.031814134 | K10: 0.07164396 | L10: 0.0056853049 | M10: 0.016657977 | N10: 0.05933866 | O10: 0.035918923 | P10: 0.037542457 | Q10: 0.013808727 | R10: 0.0049783076 | S10: 0.013020214 | T10: 0.042816957 | U10: 0.026615614 | V10: 0.22821738 | W10: 0.021339974 | X10: 0.015161495 | Y10: 0.0021713192 | Z10: 0.00076593179 | AA10: 0.0077659213 | AB10: 0.015873179 | AC10: 0.00099834315 | AD10: 0.0027986915 | AE10: 0.017907609 | AF10: 0.01516763 | AG10: 0.0036973301 | AH10: 0.0030527072 | AI10: 0.0017093655 | AJ10: 0.0099794741 | AK10: 0.0014230432 | AL10: 0.0068385104 | AM10: 0.0092494192 | AN10: 0.011399917 | AO10: 0.0011287914 | AP10: 0.00055126081 | AQ10: 0.00048057883 | AR10: 0.00070702665 | AS10: 9.3765314e-05 | AT10: 0.00016274008 | AU10: 0.017297619 | AV10: 8.079294e-05 | AW10: 0.00026223298 | AX10: 0.0055416237 | AY10: 0.0076230244 | AZ10: 0.078621764 | BA10: 0.027972411 | BB10: 0.027411972 | BC10: 0.086307537 | BD10: 0.0042039365 | BE10: 0.0025018902 | BF10: 0.0024476503 | BG10: 0.0015225596 | BH10: 0.014806787 | BI10: 0.0049591621 | BJ10: 0.00053071159 | BK10: 0.0022592163 | BL10: 0.0021658828 | BM10: 0.0024739315 | BN10: 0.00054251629 | BO10: 0.0037982767
A11: 1976 | B11: =SUM(C11:J11) -> 1 | C11: =SUM(K11:U11) -> 0.30218978 | D11: =SUM(V11:Z11) -> 0.26771132 | E11: =SUM(AA11:AF11) -> 0.057915082 | F11: =SUM(AG11:AN11) -> 0.050635708 | G11: =SUM(AO11:AY11) -> 0.060683995 | H11: =SUM(AZ11:BA11) -> 0.11001003 | I11: =SUM(BB11:BF11) -> 0.11905482 | J11: =SUM(BG11:BO11) -> 0.031799264 | K11: 0.070368619 | L11: 0.0058830842 | M11: 0.015711277 | N11: 0.056397382 | O11: 0.031538551 | P11: 0.034155263 | Q11: 0.013753834 | R11: 0.004967518 | S11: 0.013076042 | T11: 0.041935284 | U11: 0.026356812 | V11: 0.23704406 | W11: 0.023414939 | X11: 0.015123003 | Y11: 0.0019770177 | Z11: 0.00074229833 | AA11: 0.0099644436 | AB11: 0.017065209 | AC11: 0.0012561141 | AD11: 0.0030540089 | AE11: 0.016428496 | AF11: 0.015473473 | AG11: 0.0044044062 | AH11: 0.0032001496 | AI11: 0.0019571187 | AJ11: 0.011603665 | AK11: 0.0014136847 | AL11: 0.0085395113 | AM11: 0.0098493102 | AN11: 0.011670887 | AO11: 0.0010062513 | AP11: 0.00061613646 | AQ11: 0.00050512078 | AR11: 0.00071198374 | AS11: 0.00010492335 | AT11: 0.00018196892 | AU11: 0.019712258 | AV11: 8.513301e-05 | AW11: 0.00030895767 | AX11: 0.0050698254 | AY11: 0.0074662561 | AZ11: 0.073218374 | BA11: 0.025865852 | BB11: 0.023484073 | BC11: 0.089502667 | BD11: 0.0052156914 | BE11: 0.0028647137 | BF11: 0.0026971931 | BG11: 0.0010900968 | BH11: 0.013753901 | BI11: 0.0057454086 | BJ11: 0.00056009736 | BK11: 0.0024514944 | BL11: 0.0023473324 | BM11: 0.0026515336 | BN11: 0.00059784462 | BO11: 0.0038594556
A12: 1977 | B12: =SUM(C12:J12) -> 1 | C12: =SUM(K12:U12) -> 0.30324964 | D12: =SUM(V12:Z12) -> 0.26253961 | E12: =SUM(AA12:AF12) -> 0.054833436 | F12: =SUM(AG12:AN12) -> 0.053088156 | G12: =SUM(AO12:AY12) -> 0.06104521 | H12: =SUM(AZ12:BA12) -> 0.10619499 | I12: =SUM(BB12:BF12) -> 0.12538686 | J12: =SUM(BG12:BO12) -> 0.033662086 | K12: 0.071784767 | L12: 0.0057698417 | M12: 0.015381866 | N12: 0.055192425 | O12: 0.031232555 | P12: 0.034611367 | Q12: 0.014328203 | R12: 0.0051128389 | S12: 0.012389807 | T12: 0.042120362 | U12: 0.027126558 | V12: 0.23530802 | W12: 0.021422446 | X12: 0.013369957 | Y12: 0.0019455968 | Z12: 0.00071030488 | AA12: 0.0083933018 | AB12: 0.0172894 | AC12: 0.0015113128 | AD12: 0.0034654593 | AE12: 0.013204942 | AF12: 0.015454735 | AG12: 0.0051382114 | AH12: 0.0033863174 | AI12: 0.0021750902 | AJ12: 0.01254617 | AK12: 0.0014461736 | AL12: 0.0087840956 | AM12: 0.0099447586 | AN12: 0.011733262 | AO12: 0.0011681956 | AP12: 0.00074435879 | AQ12: 0.00050302705 | AR12: 0.00083392247 | AS12: 0.00011063861 | AT12: 0.00019470082 | AU12: 0.020357582 | AV12: 9.0312602e-05 | AW12: 0.00033792408 | AX12: 0.0051301913 | AY12: 0.0071832493 | AZ12: 0.071072323 | BA12: 0.024755094 | BB12: 0.023281167 | BC12: 0.09523851 | BD12: 0.0057624443 | BE12: 0.0032115786 | BF12: 0.0027725894 | BG12: 0.0011369224 | BH12: 0.014456734 | BI12: 0.0064092948 | BJ12: 0.00052807238 | BK12: 0.0025648765 | BL12: 0.002448247 | BM12: 0.0027910316 | BN12: 0.00064677816 | BO12: 0.0039900869
A13: 1978 | B13: =SUM(C13:J13) -> 1 | C13: =SUM(K13:U13) -> 0.31255964 | D13: =SUM(V13:Z13) -> 0.25109193 | E13: =SUM(AA13:AF13) -> 0.054759087 | F13: =SUM(AG13:AN13) -> 0.047719283 | G13: =SUM(AO13:AY13) -> 0.057264397 | H13: =SUM(AZ13:BA13) -> 0.10026254 | I13: =SUM(BB13:BF13) -> 0.14260303 | J13: =SUM(BG13:BO13) -> 0.033740088 | K13: 0.073485737 | L13: 0.005909208 | M13: 0.015756412 | N13: 0.057075852 | O13: 0.033147216 | P13: 0.035857327 | Q13: 0.014819072 | R13: 0.0048882332 | S13: 0.011447066 | T13: 0.043840064 | U13: 0.026575611 | V13: 0.22471094 | W13: 0.019115986 | X13: 0.012779039 | Y13: 0.0020089524 | Z13: 0.00070495206 | AA13: 0.0091122609 | AB13: 0.016558303 | AC13: 0.0014672256 | AD13: 0.0035142911 | AE13: 0.014024218 | AF13: 0.014234453 | AG13: 0.0040915082 | AH13: 0.0035342579 | AI13: 0.0021814367 | AJ13: 0.010529519 | AK13: 0.0014444159 | AL13: 0.0078532436 | AM13: 0.0090840824 | AN13: 0.010564515 | AO13: 0.0014218365 | AP13: 0.00079645084 | AQ13: 0.00046596513 | AR13: 0.00084536506 | AS13: 0.00010978707 | AT13: 0.00022568603 | AU13: 0.019083603 | AV13: 9.379702e-05 | AW13: 0.00031237046 | AX13: 0.0050795046 | AY13: 0.0069159541 | AZ13: 0.06864123 | BA13: 0.023571408 | BB13: 0.024502644 | BC13: 0.11006823 | BD13: 0.0067393801 | BE13: 0.0033788093 | BF13: 0.0025868804 | BG13: 0.0012137586 | BH13: 0.014692177 | BI13: 0.006164841 | BJ13: 0.00050547937 | BK13: 0.0024821284 | BL13: 0.0024263375 | BM13: 0.0028871607 | BN13: 0.00066896129 | BO13: 0.0038048614
A14: 1979 | B14: =SUM(C14:J14) -> 1 | C14: =SUM(K14:U14) -> 0.32782171 | D14: =SUM(V14:Z14) -> 0.242364 | E14: =SUM(AA14:AF14) -> 0.060251808 | F14: =SUM(AG14:AN14) -> 0.052048192 | G14: =SUM(AO14:AY14) -> 0.054748447 | H14: =SUM(AZ14:BA14) -> 0.09267988 | I14: =SUM(BB14:BF14) -> 0.1370753 | J14: =SUM(BG14:BO14) -> 0.033010666 | K14: 0.076994443 | L14: 0.0060058023 | M14: 0.018248204 | N14: 0.059181889 | O14: 0.036285142 | P14: 0.039165643 | Q14: 0.015341976 | R14: 0.0047569606 | S14: 0.01172969 | T14: 0.044054111 | U14: 0.02520596 | V14: 0.2158686 | W14: 0.018187352 | X14: 0.012369434 | Y14: 0.001978997 | Z14: 0.00072297338 | AA14: 0.012915306 | AB14: 0.015740106 | AC14: 0.0016953157 | AD14: 0.0036472921 | AE14: 0.015938151 | AF14: 0.014518659 | AG14: 0.0046349292 | AH14: 0.0038248301 | AI14: 0.0013042518 | AJ14: 0.010096552 | AK14: 0.0014844736 | AL14: 0.0093293699 | AM14: 0.01062581 | AN14: 0.012200419 | AO14: 0.001206424 | AP14: 0.0007961751 | AQ14: 0.0004360759 | AR14: 0.00083923784 | AS14: 0.00012014922 | AT14: 0.00025572966 | AU14: 0.019279335 | AV14: 9.9438799e-05 | AW14: 0.00028881821 | AX14: 0.0053944965 | AY14: 0.0069217385 | AZ14: 0.063705681 | BA14: 0.021771725 | BB14: 0.025722514 | BC14: 0.10160816 | BD14: 0.0074864582 | BE14: 0.0034832774 | BF14: 0.0026000765 | BG14: 0.0011759489 | BH14: 0.014420061 | BI14: 0.0052638064 | BJ14: 0.0005034896 | BK14: 0.0024795925 | BL14: 0.0025481494 | BM14: 0.0028436966 | BN14: 0.00063191031 | BO14: 0.0040651992
A15: 1980 | B15: =SUM(C15:J15) -> 1 | C15: =SUM(K15:U15) -> 0.32591414 | D15: =SUM(V15:Z15) -> 0.23550148 | E15: =SUM(AA15:AF15) -> 0.065209635 | F15: =SUM(AG15:AN15) -> 0.055617818 | G15: =SUM(AO15:AY15) -> 0.060031425 | H15: =SUM(AZ15:BA15) -> 0.088143677 | I15: =SUM(BB15:BF15) -> 0.13394738 | J15: =SUM(BG15:BO15) -> 0.03563445 | K15: 0.075237339 | L15: 0.0053836654 | M15: 0.016996435 | N15: 0.05977208 | O15: 0.040080152 | P15: 0.041769251 | Q15: 0.014966394 | R15: 0.0050909283 | S15: 0.011611935 | T15: 0.043509995 | U15: 0.021809331 | V15: 0.20926186 | W15: 0.018043629 | X15: 0.012912416 | Y15: 0.0019967355 | Z15: 0.00073914933 | AA15: 0.016329608 | AB15: 0.012817775 | AC15: 0.0019944447 | AD15: 0.0038928153 | AE15: 0.01932336 | AF15: 0.015440452 | AG15: 0.0060606206 | AH15: 0.0045065327 | AI15: 0.0015870965 | AJ15: 0.010071416 | AK15: 0.0015859034 | AL15: 0.012522071 | AM15: 0.0072421405 | AN15: 0.013802031 | AO15: 0.0010174021 | AP15: 0.00077703057 | AQ15: 0.00040560941 | AR15: 0.00086110938 | AS15: 0.00012340091 | AT15: 0.00027440318 | AU15: 0.021718085 | AV15: 9.9085478e-05 | AW15: 0.00028127932 | AX15: 0.0068836313 | AY15: 0.0071489052 | AZ15: 0.059352104 | BA15: 0.01975225 | BB15: 0.028491061 | BC15: 0.096097944 | BD15: 0.0068291369 | BE15: 0.0038938688 | BF15: 0.0028740535 | BG15: 0.0012034143 | BH15: 0.015750176 | BI15: 0.0065810788 | BJ15: 0.00049197176 | BK15: 0.0025996575 | BL15: 0.0026604922 | BM15: 0.0029487744 | BN15: 0.00018794417 | BO15: 0.0043385724
A16: 1981 | B16: =SUM(C16:J16) -> 1 | C16: =SUM(K16:U16) -> 0.29181578 | D16: =SUM(V16:Z16) -> 0.25744268 | E16: =SUM(AA16:AF16) -> 0.073300148 | F16: =SUM(AG16:AN16) -> 0.058762324 | G16: =SUM(AO16:AY16) -> 0.056269081 | H16: =SUM(AZ16:BA16) -> 0.084053346 | I16: =SUM(BB16:BF16) -> 0.13902486 | J16: =SUM(BG16:BO16) -> 0.039331776 | K16: 0.063351917 | L16: 0.0047537406 | M16: 0.015211233 | N16: 0.052145029 | O16: 0.037238741 | P16: 0.037702537 | Q16: 0.012820592 | R16: 0.0051137812 | S16: 0.010632508 | T16: 0.039243011 | U16: 0.022564694 | V16: 0.22735696 | W16: 0.020352853 | X16: 0.014856122 | Y16: 0.0020754442 | Z16: 0.00070766365 | AA16: 0.013160705 | AB16: 0.016015011 | AC16: 0.0023662959 | AD16: 0.004214419 | AE16: 0.02409495 | AF16: 0.016827883 | AG16: 0.0068446398 | AH16: 0.0047166373 | AI16: 0.0020007323 | AJ16: 0.010552806 | AK16: 0.0012913566 | AL16: 0.013870647 | AM16: 0.007499531 | AN16: 0.013790633 | AO16: 0.00089783262 | AP16: 0.00063389228 | AQ16: 0.00042008592 | AR16: 0.00080980343 | AS16: 0.00011350273 | AT16: 0.00023865328 | AU16: 0.019869855 | AV16: 0.00011080231 | AW16: 0.00033442689 | AX16: 0.007122587 | AY16: 0.0072430243 | AZ16: 0.056387954 | BA16: 0.018610325 | BB16: 0.025875133 | BC16: 0.102293 | BD16: 0.007500662 | BE16: 0.0045294254 | BF16: 0.0030962538 | BG16: 0.0011777485 | BH16: 0.016745246 | BI16: 0.0083733612 | BJ16: 0.00049170875 | BK16: 0.0030257252 | BL16: 0.0029170794 | BM16: 0.0031491779 | BN16: 0.00014802631 | BO16: 0.0045116268
... A60: 2025 | B60: =SUM(C60:J60) -> 1 | C60: =SUM(K60:U60) -> 0.23627517 | D60: =SUM(V60:Z60) -> 0.26612703 | E60: =SUM(AA60:AF60) -> 0.058960491 | F60: =SUM(AG60:AN60) -> 0.050047769 | G60: =SUM(AO60:AY60) -> 0.017072713 | H60: =SUM(AZ60:BA60) -> 0.026148013 | I60: =SUM(BB60:BF60) -> 0.26725481 | J60: =SUM(BG60:BO60) -> 0.078113995 | K60: 0.044171432 | L60: 0.0039812604 | M60: 0.015723358 | N60: 0.031485238 | O60: 0.03219259 | P60: 0.0236476 | Q60: 0.011357343 | R60: 0.0055381937 | S60: 0.0058194499 | T60: 0.034529391 | U60: 0.027970731 | V60: 0.22923474 | W60: 0.018188646 | X60: 0.015808792 | Y60: 0.0024634132 | Z60: 0.00059072778 | AA60: 0.0056689506 | AB60: 0.018622443 | AC60: 0.0026512435 | AD60: 0.003550742 | AE60: 0.014690444 | AF60: 0.013811956 | AG60: 0.0049491442 | AH60: 0.0019204421 | AI60: 0.0022235934 | AJ60: 0.0045012893 | AK60: 0.0012035713 | AL60: 0.0075822826 | AM60: 0.013208343 | AN60: 0.014489057 | AO60: 0.00044281436 | AP60: 0.00063665786 | AQ60: 0.0020025105 | AR60: 0.0010085452 | AS60: 0.00017493824 | AT60: 0.00015183153 | AU60: 0.0018188732 | AV60: 0.00010901448 | AW60: 0.00012765279 | AX60: 0.0039767813 | AY60: 0.0060347954 | AZ60: 0.018099383 | BA60: 0.0080642806 | BB60: 0.20214221 | BC60: 0.034406987 | BD60: 0.01904185 | BE60: 0.0065599162 | BF60: 0.0052638054 | BG60: 0.003775115 | BH60: 0.033512555 | BI60: 0.01107802 | BJ60: 0.00064994839 | BK60: 0.0034876139 | BL60: 0.0037813993 | BM60: 0.004589847 | BN60: 0.0076081303 | BO60: 0.0096781183
A61: 2026
A62: 2027
A63: 2028
A64: 2029
A65: 2030
A66: 2031
A67: 2032
A68: 2033
A69: 2034
A70: 2035
A71: 2036
A72: 2037
... A135: 2100

Sheet O1s
A1: Data series on Output: Country and Region Output Shares in "Food" Sector (current price MER).
A4: Year | B4: World | C4: Europe | D4: North America/ Oceania | E4: Latin America | F4: Middle East/North Africa | G4: Subsaharan Africa | H4: Russia/ Central Asia | I4: East Asia | J4: South & South-East Asia | K4: DE | L4: DK | M4: ES | N4: FR | O4: GB | P4: IT | Q4: NL | R4: NO | S4: SE | T4: OC | U4: QM | V4: US | W4: CA | X4: AU | Y4: NZ | Z4: OH | AA4: AR | AB4: BR | AC4: CL | AD4: CO | AE4: MX | AF4: OD | AG4: AE | AH4: DZ | AI4: EG | AJ4: IR | AK4: MA | AL4: SA | AM4: TR | AN4: OE | AO4: CD | AP4: CI | AQ4: ET | AR4: KE | AS4: ML | AT4: NE | AU4: NG | AV4: RW | AW4: SD | AX4: ZA | AY4: OJ | AZ4: RU | BA4: OA | BB4: CN | BC4: JP | BD4: KR | BE4: TW | BF4: OB | BG4: BD | BH4: IN | BI4: ID | BJ4: MM | BK4: PK | BL4: PH | BM4: TH | BN4: VN | BO4: OI
A5: 1970 | B5: =SUM(C5:J5) -> 1 | C5: =SUM(K5:U5) -> 0.25096415 | D5: =SUM(V5:Z5) -> 0.18050585 | E5: =SUM(AA5:AF5) -> 0.057054512 | F5: =SUM(AG5:AN5) -> 0.02912303 | G5: =SUM(AO5:AY5) -> 0.084236589 | H5: =SUM(AZ5:BA5) -> 0.14361713 | I5: =SUM(BB5:BF5) -> 0.12961882 | J5: =SUM(BG5:BO5) -> 0.12487992 | K5: 0.044175104 | L5: 0.0046276915 | M5: 0.015619729 | N5: 0.045330373 | O5: 0.024136674 | P5: 0.034134733 | Q5: 0.0067860838 | R5: 0.0033477538 | S5: 0.010317445 | T5: 0.031014451 | U5: 0.024620738 | V5: 0.142046 | W5: 0.012760641 | X5: 0.018395015 | Y5: 0.0020286203 | Z5: 0.00034628034 | AA5: 0.010950239 | AB5: 0.0079313065 | AC5: 0.0030567667 | AD5: 0.0034512695 | AE5: 0.017317953 | AF5: 0.01635908 | AG5: 0.00025875777 | AH5: 0.0017004241 | AI5: 0.0022923853 | AJ5: 0.0034606851 | AK5: 0.0022614502 | AL5: 0.0012913794 | AM5: 0.0085741846 | AN5: 0.0084884658 | AO5: 0.0034167462 | AP5: 0.0018287132 | AQ5: 0.0020655042 | AR5: 0.0024064512 | AS5: 0.00027942565 | AT5: 0.00050674623 | AU5: 0.025632471 | AV5: 0.00019869834 | AW5: 0.00069126137 | AX5: 0.015679258 | AY5: 0.027345215 | AZ5: 0.11190896 | BA5: 0.053410039 | BB5: 0.068529033 | BC5: 0.044282086 | BD5: 0.0072433177 | BE5: 0.0027802664 | BF5: 0.0032444569 | BG5: 0.0052095229 | BH5: 0.057559852 | BI5: 0.0081947407 | BJ5: 0.0039272211 | BK5: 0.016430707 | BL5: 0.0059495096 | BM5: 0.0094081568 | BN5: 0.0027542206 | BO5: 0.012035741
A6: 1971 | B6: =SUM(C6:J6) -> 1 | C6: =SUM(K6:U6) -> 0.25404035 | D6: =SUM(V6:Z6) -> 0.17741367 | E6: =SUM(AA6:AF6) -> 0.058863664 | F6: =SUM(AG6:AN6) -> 0.029451752 | G6: =SUM(AO6:AY6) -> 0.089257029 | H6: =SUM(AZ6:BA6) -> 0.13891476 | I6: =SUM(BB6:BF6) -> 0.12765199 | J6: =SUM(BG6:BO6) -> 0.12440679 | K6: 0.045082342 | L6: 0.0045759957 | M6: 0.016462093 | N6: 0.045429048 | O6: 0.025431409 | P6: 0.033845281 | Q6: 0.0070884545 | R6: 0.0035179637 | S6: 0.010444749 | T6: 0.032312075 | U6: 0.025495443 | V6: 0.1396546 | W6: 0.013318416 | X6: 0.018786801 | Y6: 0.0022551723 | Z6: 0.00035693794 | AA6: 0.011624805 | AB6: 0.0082410951 | AC6: 0.0032613296 | AD6: 0.0033626599 | AE6: 0.017320196 | AF6: 0.016110633 | AG6: 0.00032787729 | AH6: 0.0016361986 | AI6: 0.0022770016 | AJ6: 0.0040039737 | AK6: 0.0022809866 | AL6: 0.0015830368 | AM6: 0.0075138604 | AN6: 0.0093238702 | AO6: 0.0036644098 | AP6: 0.0018659385 | AQ6: 0.0020490058 | AR6: 0.0025583984 | AS6: 0.00029447462 | AT6: 0.00052096206 | AU6: 0.028705082 | AV6: 0.00022913029 | AW6: 0.00072255036 | AX6: 0.016453029 | AY6: 0.02859209 | AZ6: 0.10338502 | BA6: 0.050298333 | BB6: 0.06694578 | BC6: 0.044917752 | BD6: 0.0074507137 | BE6: 0.0028007826 | BF6: 0.0033483813 | BG6: 0.0043646438 | BH6: 0.057450543 | BI6: 0.0082743899 | BJ6: 0.0039412588 | BK6: 0.01700546 | BL6: 0.0063747559 | BM6: 0.0093286091 | BN6: 0.0029185936 | BO6: 0.0126156
A7: 1972 | B7: =SUM(C7:J7) -> 1 | C7: =SUM(K7:U7) -> 0.26312673 | D7: =SUM(V7:Z7) -> 0.17647711 | E7: =SUM(AA7:AF7) -> 0.063149653 | F7: =SUM(AG7:AN7) -> 0.031508298 | G7: =SUM(AO7:AY7) -> 0.086237537 | H7: =SUM(AZ7:BA7) -> 0.13777227 | I7: =SUM(BB7:BF7) -> 0.13120584 | J7: =SUM(BG7:BO7) -> 0.11052256 | K7: 0.047023546 | L7: 0.004783342 | M7: 0.017269246 | N7: 0.049636367 | O7: 0.024462944 | P7: 0.033229075 | Q7: 0.0074518893 | R7: 0.0036200755 | S7: 0.010268832 | T7: 0.033695109 | U7: 0.02554317 | V7: 0.13696549 | W7: 0.013477438 | X7: 0.018969532 | Y7: 0.0025617512 | Z7: 0.00038274218 | AA7: 0.015726184 | AB7: 0.0092946104 | AC7: 0.0032007439 | AD7: 0.0034180941 | AE7: 0.017350945 | AF7: 0.016242324 | AG7: 0.0004287551 | AH7: 0.0019014023 | AI7: 0.0020118683 | AJ7: 0.0043453843 | AK7: 0.0024247969 | AL7: 0.0018342611 | AM7: 0.0082558178 | AN7: 0.0095703981 | AO7: 0.0034125989 | AP7: 0.0018454569 | AQ7: 0.0019326733 | AR7: 0.002421477 | AS7: 0.00030605759 | AT7: 0.00055141517 | AU7: 0.029657067 | AV7: 0.00021764307 | AW7: 0.00071078771 | AX7: 0.01444481 | AY7: 0.026636729 | AZ7: 0.10411258 | BA7: 0.052319725 | BB7: 0.064786004 | BC7: 0.050272106 | BD7: 0.0068331534 | BE7: 0.0028594208 | BF7: 0.0033919372 | BG7: 0.0047941407 | BH7: 0.053360847 | BI7: 0.0082181051 | BJ7: 0.0031453337 | BK7: 0.0091966897 | BL7: 0.0058749361 | BM7: 0.0086645913 | BN7: 0.0026743308 | BO7: 0.012013248
A8: 1973 | B8: =SUM(C8:J8) -> 1 | C8: =SUM(K8:U8) -> 0.2697015 | D8: =SUM(V8:Z8) -> 0.17723615 | E8: =SUM(AA8:AF8) -> 0.069258719 | F8: =SUM(AG8:AN8) -> 0.032322307 | G8: =SUM(AO8:AY8) -> 0.078299844 | H8: =SUM(AZ8:BA8) -> 0.13163317 | I8: =SUM(BB8:BF8) -> 0.13399449 | J8: =SUM(BG8:BO8) -> 0.10755382 | K8: 0.048971328 | L8: 0.0056373069 | M8: 0.01742661 | N8: 0.051603919 | O8: 0.024443809 | P8: 0.033067426 | Q8: 0.0078293962 | R8: 0.0037089083 | S8: 0.0094230347 | T8: 0.03602217 | U8: 0.02484847 | V8: 0.13730702 | W8: 0.013221859 | X8: 0.018956865 | Y8: 0.0029034974 | Z8: 0.00043140004 | AA8: 0.021609472 | AB8: 0.010376112 | AC8: 0.0036715656 | AD8: 0.0032863279 | AE8: 0.017528359 | AF8: 0.015406367 | AG8: 0.00065327971 | AH8: 0.0019221565 | AI8: 0.0018375918 | AJ8: 0.0052631801 | AK8: 0.0023842773 | AL8: 0.0022112104 | AM8: 0.0082096635 | AN8: 0.0090356964 | AO8: 0.0032602195 | AP8: 0.0018757965 | AQ8: 0.0017180382 | AR8: 0.0021466595 | AS8: 0.00026571368 | AT8: 0.0004405051 | AU8: 0.02571024 | AV8: 0.00020242083 | AW8: 0.00067412765 | AX8: 0.014691405 | AY8: 0.023545236 | AZ8: 0.09999639 | BA8: 0.050744396 | BB8: 0.063766076 | BC8: 0.053701358 | BD8: 0.0064422683 | BE8: 0.0034491579 | BF8: 0.0032974036 | BG8: 0.0056020469 | BH8: 0.051680387 | BI8: 0.0091373991 | BJ8: 0.0030844972 | BK8: 0.0076916573 | BL8: 0.0055898475 | BM8: 0.0084879469 | BN8: 0.0021047808 | BO8: 0.01149575
A9: 1974 | B9: =SUM(C9:J9) -> 1 | C9: =SUM(K9:U9) -> 0.25670695 | D9: =SUM(V9:Z9) -> 0.17374614 | E9: =SUM(AA9:AF9) -> 0.076585788 | F9: =SUM(AG9:AN9) -> 0.044036968 | G9: =SUM(AO9:AY9) -> 0.091340193 | H9: =SUM(AZ9:BA9) -> 0.1134406 | I9: =SUM(BB9:BF9) -> 0.12963923 | J9: =SUM(BG9:BO9) -> 0.11450413 | K9: 0.048317571 | L9: 0.0054056009 | M9: 0.018324355 | N9: 0.043048454 | O9: 0.023334438 | P9: 0.032918579 | Q9: 0.0080359963 | R9: 0.0038148098 | S9: 0.0095508963 | T9: 0.036406572 | U9: 0.024441102 | V9: 0.13760342 | W9: 0.014221206 | X9: 0.016293875 | Y9: 0.0030612969 | Z9: 0.0004623817 | AA9: 0.024412547 | AB9: 0.011525056 | AC9: 0.0029451581 | AD9: 0.0032825134 | AE9: 0.019293348 | AF9: 0.016937723 | AG9: 0.0015633809 | AH9: 0.0023964031 | AI9: 0.001863617 | AJ9: 0.0076089073 | AK9: 0.0025936502 | AL9: 0.0057793277 | AM9: 0.0098787528 | AN9: 0.011819667 | AO9: 0.0034789551 | AP9: 0.0019828307 | AQ9: 0.0016009544 | AR9: 0.0022313316 | AS9: 0.00021820557 | AT9: 0.0004426848 | AU9: 0.03668364 | AV9: 0.00023406602 | AW9: 0.00073625611 | AX9: 0.015976876 | AY9: 0.024237506 | AZ9: 0.082119633 | BA9: 0.041729529 | BB9: 0.059415413 | BC9: 0.052517662 | BD9: 0.0083583468 | BE9: 0.0045837159 | BF9: 0.003194238 | BG9: 0.0075233621 | BH9: 0.050051322 | BI9: 0.012713064 | BJ9: 0.0033280509 | BK9: 0.0087807 | BL9: 0.0067498552 | BM9: 0.0093704262 | BN9: 0.0020114108 | BO9: 0.012589362
A10: 1975 | B10: =SUM(C10:J10) -> 1 | C10: =SUM(K10:U10) -> 0.27190349 | D10: =SUM(V10:Z10) -> 0.16306368 | E10: =SUM(AA10:AF10) -> 0.062820091 | F10: =SUM(AG10:AN10) -> 0.047070677 | G10: =SUM(AO10:AY10) -> 0.096734181 | H10: =SUM(AZ10:BA10) -> 0.11712813 | I10: =SUM(BB10:BF10) -> 0.13253006 | J10: =SUM(BG10:BO10) -> 0.10874969 | K10: 0.049458046 | L10: 0.005581474 | M10: 0.019902848 | N10: 0.049051315 | O10: 0.02391233 | P10: 0.034149081 | Q10: 0.0086593146 | R10: 0.0042916364 | S10: 0.01048156 | T10: 0.038748598 | U10: 0.025149537 | V10: 0.1298132 | W10: 0.013756186 | X10: 0.015147761 | Y10: 0.0024384743 | Z10: 0.00039814175 | AA10: 0.0090790795 | AB10: 0.012137095 | AC10: 0.0012733368 | AD10: 0.0032555827 | AE10: 0.021287174 | AF10: 0.01757907 | AG10: 0.0018536723 | AH10: 0.0026305551 | AI10: 0.0020267199 | AJ10: 0.0085994349 | AK10: 0.0028954627 | AL10: 0.005519955 | AM10: 0.011628569 | AN10: 0.011480448 | AO10: 0.0033804628 | AP10: 0.0022895058 | AQ10: 0.001516569 | AR10: 0.0022311734 | AS10: 0.00029589645 | AT10: 0.00051356103 | AU10: 0.042801351 | AV10: 0.00025495935 | AW10: 0.00082753211 | AX10: 0.014881088 | AY10: 0.024110936 | AZ10: 0.083103076 | BA10: 0.042562665 | BB10: 0.060709642 | BC10: 0.054813626 | BD10: 0.0083501542 | BE10: 0.0042436359 | BF10: 0.0031858083 | BG10: 0.0054781234 | BH10: 0.046102445 | BI10: 0.013711826 | BJ10: 0.0028739091 | BK10: 0.0097848145 | BL10: 0.0067098909 | BM10: 0.0091894912 | BN10: 0.0020111876 | BO10: 0.011881013
A11: 1976 | B11: =SUM(C11:J11) -> 1 | C11: =SUM(K11:U11) -> 0.26546039 | D11: =SUM(V11:Z11) -> 0.16331752 | E11: =SUM(AA11:AF11) -> 0.067569717 | F11: =SUM(AG11:AN11) -> 0.052604288 | G11: =SUM(AO11:AY11) -> 0.10149217 | H11: =SUM(AZ11:BA11) -> 0.1100543 | I11: =SUM(BB11:BF11) -> 0.13162654 | J11: =SUM(BG11:BO11) -> 0.10787508 | K11: 0.05052651 | L11: 0.0058718472 | M11: 0.018911106 | N11: 0.04609893 | O11: 0.02272948 | P11: 0.031330738 | Q11: 0.008939201 | R11: 0.0043354478 | S11: 0.010679237 | T11: 0.038596524 | U11: 0.025990619 | V11: 0.1284143 | W11: 0.015594544 | X11: 0.015642359 | Y11: 0.0023701472 | Z11: 0.00040362943 | AA11: 0.011846318 | AB11: 0.013657612 | AC11: 0.0016437772 | AD11: 0.0036284055 | AE11: 0.018684116 | AF11: 0.018257228 | AG11: 0.0022763473 | AH11: 0.0028242112 | AI11: 0.0023742391 | AJ11: 0.010240521 | AK11: 0.0029624118 | AL11: 0.0070417104 | AM11: 0.012609462 | AN11: 0.011987901 | AO11: 0.0029971572 | AP11: 0.0025773348 | AQ11: 0.001587258 | AR11: 0.0022372905 | AS11: 0.00032970419 | AT11: 0.00057180708 | AU11: 0.04949444 | AV11: 0.00026751633 | AW11: 0.0009708481 | AX11: 0.013283245 | AY11: 0.023535178 | AZ11: 0.077245908 | BA11: 0.040240701 | BB11: 0.054706249 | BC11: 0.057617982 | BD11: 0.010272556 | BE11: 0.0048237046 | BF11: 0.0034867045 | BG11: 0.003973372 | BH11: 0.042281434 | BI11: 0.015829499 | BJ11: 0.0031252595 | BK11: 0.010779402 | BL11: 0.0073210563 | BM11: 0.0097756372 | BN11: 0.0022404993 | BO11: 0.011959376
A12: 1977 | B12: =SUM(C12:J12) -> 1 | C12: =SUM(K12:U12) -> 0.26685737 | D12: =SUM(V12:Z12) -> 0.15349793 | E12: =SUM(AA12:AF12) -> 0.065747475 | F12: =SUM(AG12:AN12) -> 0.055117517 | G12: =SUM(AO12:AY12) -> 0.10338366 | H12: =SUM(AZ12:BA12) -> 0.10754999 | I12: =SUM(BB12:BF12) -> 0.13410547 | J12: =SUM(BG12:BO12) -> 0.1137406 | K12: 0.050762535 | L12: 0.0060009675 | M12: 0.018193436 | N12: 0.04486428 | O12: 0.023933645 | P12: 0.032054961 | Q12: 0.0091609358 | R12: 0.0044350511 | S12: 0.010057195 | T12: 0.038756913 | U12: 0.027354997 | V12: 0.12172624 | W12: 0.014627626 | X12: 0.013732427 | Y12: 0.0023023181 | Z12: 0.00037164769 | AA12: 0.010188247 | AB12: 0.014962569 | AC12: 0.0020342227 | AD12: 0.0042341216 | AE12: 0.014980565 | AF12: 0.018653045 | AG12: 0.0026416724 | AH12: 0.0029940494 | AI12: 0.0026812608 | AJ12: 0.011092833 | AK12: 0.0031205021 | AL12: 0.0072475543 | AM12: 0.012974412 | AN12: 0.012100351 | AO12: 0.0034101679 | AP12: 0.0030783175 | AQ12: 0.0015512336 | AR12: 0.0025716481 | AS12: 0.00034118708 | AT12: 0.00060041792 | AU12: 0.051619063 | AV12: 0.00027850578 | AW12: 0.0010420895 | AX12: 0.012953208 | AY12: 0.022256349 | AZ12: 0.075704985 | BA12: 0.039697275 | BB12: 0.051301071 | BC12: 0.062718324 | BD12: 0.01110543 | BE12: 0.0047681331 | BF12: 0.0035680303 | BG12: 0.0041274016 | BH12: 0.045422033 | BI12: 0.017355834 | BJ12: 0.0029928168 | BK12: 0.011271323 | BL12: 0.0075609402 | BM12: 0.010023657 | BN12: 0.0024145812 | BO12: 0.0120254
A13: 1978 | B13: =SUM(C13:J13) -> 1 | C13: =SUM(K13:U13) -> 0.27575602 | D13: =SUM(V13:Z13) -> 0.15039886 | E13: =SUM(AA13:AF13) -> 0.063353015 | F13: =SUM(AG13:AN13) -> 0.051543901 | G13: =SUM(AO13:AY13) -> 0.098665782 | H13: =SUM(AZ13:BA13) -> 0.1053384 | I13: =SUM(BB13:BF13) -> 0.14484815 | J13: =SUM(BG13:BO13) -> 0.11009586 | K13: 0.05232773 | L13: 0.0063504289 | M13: 0.019452222 | N13: 0.048828642 | O13: 0.025259207 | P13: 0.032732255 | Q13: 0.009641317 | R13: 0.0042740505 | S13: 0.0091195142 | T13: 0.040900113 | U13: 0.02788741 | V13: 0.11978901 | W13: 0.012971236 | X13: 0.015268916 | Y13: 0.0025374726 | Z13: 0.00038683257 | AA13: 0.01068842 | AB13: 0.01368435 | AC13: 0.0019250448 | AD13: 0.0041792765 | AE13: 0.014702659 | AF13: 0.016649556 | AG13: 0.0021824247 | AH13: 0.0032511431 | AI13: 0.0028230124 | AJ13: 0.0096860432 | AK13: 0.0032930332 | AL13: 0.0067104959 | AM13: 0.012460304 | AN13: 0.011327516 | AO13: 0.0040771804 | AP13: 0.0032680092 | AQ13: 0.0014136849 | AR13: 0.002564741 | AS13: 0.00033308142 | AT13: 0.00068470562 | AU13: 0.048920002 | AV13: 0.00028456944 | AW13: 0.00094769628 | AX13: 0.012383593 | AY13: 0.021130836 | AZ13: 0.069784463 | BA13: 0.037033674 | BB13: 0.053520214 | BC13: 0.071130047 | BD13: 0.012573297 | BE13: 0.0047344413 | BF13: 0.0034242844 | BG13: 0.0043988396 | BH13: 0.044508843 | BI13: 0.016475398 | BJ13: 0.0029100754 | BK13: 0.010923022 | BL13: 0.0074410137 | BM13: 0.010140459 | BN13: 0.0024963148 | BO13: 0.01120788
A14: 1979 | B14: =SUM(C14:J14) -> 1 | C14: =SUM(K14:U14) -> 0.28240823 | D14: =SUM(V14:Z14) -> 0.14884396 | E14: =SUM(AA14:AF14) -> 0.068875499 | F14: =SUM(AG14:AN14) -> 0.054062593 | G14: =SUM(AO14:AY14) -> 0.10096507 | H14: =SUM(AZ14:BA14) -> 0.094556203 | I14: =SUM(BB14:BF14) -> 0.14487784 | J14: =SUM(BG14:BO14) -> 0.10541061 | K14: 0.053096613 | L14: 0.0063396181 | M14: 0.021618712 | N14: 0.049803769 | O14: 0.027660015 | P14: 0.034315041 | Q14: 0.0099975729 | R14: 0.004121215 | S14: 0.0084317191 | T14: 0.040656049 | U14: 0.026957194 | V14: 0.11780569 | W14: 0.013520731 | X14: 0.014892887 | Y14: 0.0025412226 | Z14: 0.00039400849 | AA14: 0.015071406 | AB14: 0.013176401 | AC14: 0.0022316528 | AD14: 0.0043535706 | AE14: 0.014914035 | AF14: 0.01695085 | AG14: 0.0023745365 | AH14: 0.003390662 | AI14: 0.0016427497 | AJ14: 0.0089504619 | AK14: 0.0033430979 | AL14: 0.0076691524 | AM14: 0.014190515 | AN14: 0.012614227 | AO14: 0.0034305472 | AP14: 0.0032440367 | AQ14: 0.0013123161 | AR14: 0.0025255818 | AS14: 0.00036157412 | AT14: 0.00076958658 | AU14: 0.051264721 | AV14: 0.00029924869 | AW14: 0.00086916244 | AX14: 0.012931522 | AY14: 0.021024933 | AZ14: 0.063781633 | BA14: 0.034349048 | BB14: 0.061120185 | BC14: 0.0625506 | BD14: 0.013699488 | BE14: 0.0045479863 | BF14: 0.0032618847 | BG14: 0.0042760444 | BH14: 0.041501048 | BI14: 0.014178314 | BJ14: 0.0029377681 | BK14: 0.0109581 | BL14: 0.0078267921 | BM14: 0.0098148114 | BN14: 0.0023845267 | BO14: 0.011753158
A15: 1980 | B15: =SUM(C15:J15) -> 1 | C15: =SUM(K15:U15) -> 0.27706615 | D15: =SUM(V15:Z15) -> 0.1435362 | E15: =SUM(AA15:AF15) -> 0.074271412 | F15: =SUM(AG15:AN15) -> 0.053814097 | G15: =SUM(AO15:AY15) -> 0.11176095 | H15: =SUM(AZ15:BA15) -> 0.087420354 | I15: =SUM(BB15:BF15) -> 0.13698299 | J15: =SUM(BG15:BO15) -> 0.11514784 | K15: 0.050958427 | L15: 0.0062052538 | M15: 0.020023046 | N15: 0.049252746 | O15: 0.028805945 | P15: 0.035420469 | Q15: 0.010185954 | R15: 0.0043495367 | S15: 0.0082817443 | T15: 0.039324967 | U15: 0.023725208 | V15: 0.1112559 | W15: 0.014075317 | X15: 0.014761583 | Y15: 0.0027443647 | Z15: 0.00042298569 | AA15: 0.019565869 | AB15: 0.010852298 | AC15: 0.0027157667 | AD15: 0.0047908057 | AE15: 0.017920175 | AF15: 0.018588917 | AG15: 0.0029249362 | AH15: 0.0038066829 | AI15: 0.0019444441 | AJ15: 0.0085073584 | AK15: 0.0035564147 | AL15: 0.0098484914 | AM15: 0.0094523333 | AN15: 0.013669941 | AO15: 0.002854546 | AP15: 0.0031430844 | AQ15: 0.001206917 | AR15: 0.0025622866 | AS15: 0.00036718737 | AT15: 0.00081650439 | AU15: 0.058452757 | AV15: 0.00029483524 | AW15: 0.00083696481 | AX15: 0.015969756 | AY15: 0.021511338 | AZ15: 0.060148203 | BA15: 0.032251801 | BB15: 0.062104723 | BC15: 0.055628053 | BD15: 0.010953321 | BE15: 0.0046076108 | BF15: 0.0034258408 | BG15: 0.0043814626 | BH15: 0.047588629 | BI15: 0.017479199 | BJ15: 0.0029240865 | BK15: 0.011528394 | BL15: 0.0081396834 | BM15: 0.0099262525 | BN15: 0.00070971915 | BO15: 0.012248966
A16: 1981 | B16: =SUM(C16:J16) -> 1 | C16: =SUM(K16:U16) -> 0.25079708 | D16: =SUM(V16:Z16) -> 0.15546604 | E16: =SUM(AA16:AF16) -> 0.079985818 | F16: =SUM(AG16:AN16) -> 0.056274456 | G16: =SUM(AO16:AY16) -> 0.10429397 | H16: =SUM(AZ16:BA16) -> 0.084439829 | I16: =SUM(BB16:BF16) -> 0.14507867 | J16: =SUM(BG16:BO16) -> 0.12366412 | K16: 0.043034879 | L16: 0.0057953885 | M16: 0.017216912 | N16: 0.043838021 | O16: 0.026739671 | P16: 0.030692524 | Q16: 0.0095188774 | R16: 0.0043289688 | S16: 0.0077255935 | T16: 0.036416195 | U16: 0.024977855 | V16: 0.11938847 | W16: 0.016595749 | X16: 0.016049212 | Y16: 0.0027375094 | Z16: 0.00037759869 | AA16: 0.015919737 | AB16: 0.012664572 | AC16: 0.0032756616 | AD16: 0.0052849068 | AE16: 0.02336373 | AF16: 0.020626772 | AG16: 0.0033200528 | AH16: 0.00400054 | AI16: 0.0024737521 | AJ16: 0.0089506401 | AK16: 0.0029528294 | AL16: 0.010946365 | AM16: 0.0098612266 | AN16: 0.013654122 | AO16: 0.0024515457 | AP16: 0.0025286577 | AQ16: 0.0012177931 | AR16: 0.0023475508 | AS16: 0.00032903469 | AT16: 0.00069183543 | AU16: 0.05301946 | AV16: 0.00032120641 | AW16: 0.00096947493 | AX16: 0.015684122 | AY16: 0.021284908 | AZ16: 0.057151896 | BA16: 0.031080237 | BB16: 0.062340267 | BC16: 0.06154268 | BD16: 0.012166246 | BE16: 0.0051154159 | BF16: 0.0036177714 | BG16: 0.0042486186 | BH16: 0.049320439 | BI16: 0.021638638 | BJ16: 0.0029454568 | BK16: 0.013324599 | BL16: 0.0087959662 | BM16: 0.010254665 | BN16: 0.00055283538 | BO16: 0.01233035
... A60: 2025 | B60: =SUM(C60:J60) -> 1 | C60: =SUM(K60:U60) -> 0.13549553 | D60: =SUM(V60:Z60) -> 0.11504482 | E60: =SUM(AA60:AF60) -> 0.087547633 | F60: =SUM(AG60:AN60) -> 0.059363303 | G60: =SUM(AO60:AY60) -> 0.025671958 | H60: =SUM(AZ60:BA60) -> 0.033241892 | I60: =SUM(BB60:BF60) -> 0.37528558 | J60: =SUM(BG60:BO60) -> 0.16834929 | K60: 0.016628614 | L60: 0.002044942 | M60: 0.011547747 | N60: 0.019382226 | O60: 0.013996456 | P60: 0.014819431 | Q60: 0.009515267 | R60: 0.002887088 | S60: 0.0022681257 | T60: 0.018952691 | U60: 0.02340216 | V60: 0.089741981 | W60: 0.01150994 | X60: 0.010163264 | Y60: 0.0033574017 | Z60: 0.00022911086 | AA60: 0.012901703 | AB60: 0.022926298 | AC60: 0.0036564312 | AD60: 0.0064348619 | AE60: 0.021174446 | AF60: 0.02042108 | AG60: 0.0034329963 | AH60: 0.0022504915 | AI60: 0.00419755 | AJ60: 0.0052748861 | AK60: 0.0039189472 | AL60: 0.0041616267 | AM60: 0.020358672 | AN60: 0.015745884 | AO60: 0.00060643963 | AP60: 0.0021846795 | AQ60: 0.0032070515 | AR60: 0.0016152008 | AS60: 0.0002801663 | AT60: 0.00024316054 | AU60: 0.0032549067 | AV60: 0.00017458837 | AW60: 0.00020443792 | AX60: 0.0037023149 | AY60: 0.010564193 | AZ60: 0.020850213 | BA60: 0.01237922 | BB60: 0.34360055 | BC60: 0.016433297 | BD60: 0.0097466326 | BE60: 0.0031605366 | BF60: 0.0022038992 | BG60: 0.01181509 | BH60: 0.058260961 | BI60: 0.024735882 | BJ60: 0.0044692557 | BK60: 0.015415927 | BL60: 0.01097962 | BM60: 0.007282986 | BN60: 0.021904048 | BO60: 0.013422422
A61: 2026
A62: 2027
A63: 2028
A64: 2029
A65: 2030
A66: 2031
A67: 2032
A68: 2033
A69: 2034
A70: 2035
A71: 2036
A72: 2037
... A135: 2100

Sheet O2as
A1: Data series on Output: Country and Region Output Shares in "Housing Services" Sector (current price MER).
A4: Year | B4: World | C4: Europe | D4: North America/ Oceania | E4: Latin America | F4: Middle East/North Africa | G4: Subsaharan Africa | H4: Russia/ Central Asia | I4: East Asia | J4: South & South-East Asia | K4: DE | L4: DK | M4: ES | N4: FR | O4: GB | P4: IT | Q4: NL | R4: NO | S4: SE | T4: OC | U4: QM | V4: US | W4: CA | X4: AU | Y4: NZ | Z4: OH | AA4: AR | AB4: BR | AC4: CL | AD4: CO | AE4: MX | AF4: OD | AG4: AE | AH4: DZ | AI4: EG | AJ4: IR | AK4: MA | AL4: SA | AM4: TR | AN4: OE | AO4: CD | AP4: CI | AQ4: ET | AR4: KE | AS4: ML | AT4: NE | AU4: NG | AV4: RW | AW4: SD | AX4: ZA | AY4: OJ | AZ4: RU | BA4: OA | BB4: CN | BC4: JP | BD4: KR | BE4: TW | BF4: OB | BG4: BD | BH4: IN | BI4: ID | BJ4: MM | BK4: PK | BL4: PH | BM4: TH | BN4: VN | BO4: OI
A5: 1970 | B5: =SUM(C5:J5) -> 1 | C5: =SUM(K5:U5) -> 0.28974966 | D5: =SUM(V5:Z5) -> 0.46259844 | E5: =SUM(AA5:AF5) -> 0.051621399 | F5: =SUM(AG5:AN5) -> 0.019093897 | G5: =SUM(AO5:AY5) -> 0.0071232805 | H5: =SUM(AZ5:BA5) -> 0.09245224 | I5: =SUM(BB5:BF5) -> 0.069012396 | J5: =SUM(BG5:BO5) -> 0.0083486893 | K5: 0.051197687 | L5: 0.0044257894 | M5: 0.0057653266 | N5: 0.055741656 | O5: 0.045014924 | P5: 0.024130327 | Q5: 0.0094137661 | R5: 0.0050912961 | S5: 0.016536119 | T5: 0.037077614 | U5: 0.029449208 | V5: 0.40101321 | W5: 0.033719925 | X5: 0.015189647 | Y5: 0.0023432833 | Z5: 0.000903276 | AA5: 0.0098871336 | AB5: 0.0076732443 | AC5: 0.003790716 | AD5: 0.0032432665 | AE5: 0.022209642 | AF5: 0.015850797 | AG5: 0.00023679772 | AH5: 0.0011241672 | AI5: 0.001629676 | AJ5: 0.002287893 | AK5: 0.00085642519 | AL5: 0.00099465941 | AM5: 0.0059632804 | AN5: 0.0056118085 | AO5: 0.00028278287 | AP5: 0.00012656166 | AQ5: 0.00020276667 | AR5: 0.00023623679 | AS5: 2.7430691e-05 | AT5: 4.9746325e-05 | AU5: 0.0025162915 | AV5: 1.9505842e-05 | AW5: 6.7859828e-05 | AX5: 0.0016449046 | AY5: 0.0026844283 | AZ5: 0.070217093 | BA5: 0.027767592 | BB5: 0.010751325 | BC5: 0.053310029 | BD5: 0.0011756868 | BE5: 0.00095134952 | BF5: 0.0014173315 | BG5: 0.00041429165 | BH5: 0.0038848031 | BI5: 0.00069625223 | BJ5: 0.00017332608 | BK5: 0.00091255454 | BL5: 0.00049547272 | BM5: 0.00051624841 | BN5: 0.00021231104 | BO5: 0.00087325897
A6: 1971 | B6: =SUM(C6:J6) -> 1 | C6: =SUM(K6:U6) -> 0.29755342 | D6: =SUM(V6:Z6) -> 0.4536677 | E6: =SUM(AA6:AF6) -> 0.052730376 | F6: =SUM(AG6:AN6) -> 0.018613509 | G6: =SUM(AO6:AY6) -> 0.0082026371 | H6: =SUM(AZ6:BA6) -> 0.086991935 | I6: =SUM(BB6:BF6) -> 0.073504773 | J6: =SUM(BG6:BO6) -> 0.0087356576 | K6: 0.055600618 | L6: 0.0045427976 | M6: 0.0058588337 | N6: 0.057250957 | O6: 0.04591445 | P6: 0.024494638 | Q6: 0.0099580989 | R6: 0.0052562976 | S6: 0.016068935 | T6: 0.037928748 | U6: 0.029167495 | V6: 0.3918803 | W6: 0.034781739 | X6: 0.0150928 | Y6: 0.0025803236 | Z6: 0.00092930187 | AA6: 0.010436268 | AB6: 0.0078165943 | AC6: 0.0040039755 | AD6: 0.003183396 | AE6: 0.021727872 | AF6: 0.015556396 | AG6: 0.00028872549 | AH6: 0.0010408768 | AI6: 0.0015469228 | AJ6: 0.0025471501 | AK6: 0.00079448807 | AL6: 0.0011470442 | AM6: 0.0049164976 | AN6: 0.0059870278 | AO6: 0.0003263035 | AP6: 0.00013470638 | AQ6: 0.0002164168 | AR6: 0.00027021905 | AS6: 3.1102526e-05 | AT6: 5.5024218e-05 | AU6: 0.0030672679 | AV6: 2.4200832e-05 | AW6: 7.6316054e-05 | AX6: 0.0018805964 | AY6: 0.0030199728 | AZ6: 0.066019332 | BA6: 0.025861876 | BB6: 0.010388018 | BC6: 0.058085304 | BD6: 0.0011912301 | BE6: 0.00098028259 | BF6: 0.001498418 | BG6: 0.00036468375 | BH6: 0.0040249081 | BI6: 0.00072444362 | BJ6: 0.00017420249 | BK6: 0.0009929299 | BL6: 0.00057847919 | BM6: 0.00052763011 | BN6: 0.00022422256 | BO6: 0.00096234834
A7: 1972 | B7: =SUM(C7:J7) -> 1 | C7: =SUM(K7:U7) -> 0.30678218 | D7: =SUM(V7:Z7) -> 0.43032995 | E7: =SUM(AA7:AF7) -> 0.055508034 | F7: =SUM(AG7:AN7) -> 0.020384878 | G7: =SUM(AO7:AY7) -> 0.0081654543 | H7: =SUM(AZ7:BA7) -> 0.088993087 | I7: =SUM(BB7:BF7) -> 0.082101925 | J7: =SUM(BG7:BO7) -> 0.0077344953 | K7: 0.058680478 | L7: 0.0047338793 | M7: 0.006311534 | N7: 0.060641691 | O7: 0.046689673 | P7: 0.025557604 | Q7: 0.010413934 | R7: 0.0054070096 | S7: 0.017072107 | T7: 0.038893095 | U7: 0.028428478 | V7: 0.37162198 | W7: 0.033875458 | X7: 0.015522272 | Y7: 0.0028043117 | Z7: 0.000961398 | AA7: 0.013370503 | AB7: 0.0086256077 | AC7: 0.0037054526 | AD7: 0.0031032526 | AE7: 0.0209361 | AF7: 0.01488912 | AG7: 0.00039361689 | AH7: 0.0012610374 | AI7: 0.0014149674 | AJ7: 0.0028819214 | AK7: 0.00084117101 | AL7: 0.0013539814 | AM7: 0.0055050056 | AN7: 0.0064705305 | AO7: 0.00031827465 | AP7: 0.00013568142 | AQ7: 0.00021379884 | AR7: 0.00026787195 | AS7: 3.3857122e-05 | AT7: 6.0999405e-05 | AU7: 0.003349075 | AV7: 2.4076409e-05 | AW7: 7.8629732e-05 | AX7: 0.0017512298 | AY7: 0.0029466238 | AZ7: 0.064439104 | BA7: 0.025334675 | BB7: 0.0093787765 | BC7: 0.067955335 | BD7: 0.0010606826 | BE7: 0.00096800456 | BF7: 0.0016812947 | BG7: 0.00041023712 | BH7: 0.0036138976 | BI7: 0.00072417541 | BJ7: 0.00013595382 | BK7: 0.00055027965 | BL7: 0.00056374395 | BM7: 0.00049379775 | BN7: 0.00020004954 | BO7: 0.00094270638
A8: 1973 | B8: =SUM(C8:J8) -> 1 | C8: =SUM(K8:U8) -> 0.32966231 | D8: =SUM(V8:Z8) -> 0.39386567 | E8: =SUM(AA8:AF8) -> 0.061779174 | F8: =SUM(AG8:AN8) -> 0.021555448 | G8: =SUM(AO8:AY8) -> 0.0085443421 | H8: =SUM(AZ8:BA8) -> 0.08809696 | I8: =SUM(BB8:BF8) -> 0.08858008 | J8: =SUM(BG8:BO8) -> 0.0079160089 | K8: 0.065679435 | L8: 0.0051911962 | M8: 0.0070325576 | N8: 0.067274043 | O8: 0.048533985 | P8: 0.024365172 | Q8: 0.01151063 | R8: 0.0060197898 | S8: 0.016862025 | T8: 0.042997403 | U8: 0.029235117 | V8: 0.33532417 | W8: 0.031312251 | X8: 0.017098626 | Y8: 0.0031274737 | Z8: 0.0010760223 | AA8: 0.019011367 | AB8: 0.0096095282 | AC8: 0.0043794435 | AD8: 0.0031248643 | AE8: 0.019953755 | AF8: 0.014645819 | AG8: 0.00061954201 | AH8: 0.0013168911 | AI8: 0.0013255688 | AJ8: 0.0036058641 | AK8: 0.0008158231 | AL8: 0.0016467973 | AM8: 0.0055264422 | AN8: 0.0063741397 | AO8: 0.00034620285 | AP8: 0.00015307154 | AQ8: 0.00021639473 | AR8: 0.00027038155 | AS8: 3.3467849e-05 | AT8: 5.5483624e-05 | AU8: 0.0033283061 | AV8: 2.5495825e-05 | AW8: 8.4909448e-05 | AX8: 0.0020540948 | AY8: 0.002964125 | AZ8: 0.065537882 | BA8: 0.025290484 | BB8: 0.0086811236 | BC8: 0.074509449 | BD8: 0.0010717648 | BE8: 0.0011931141 | BF8: 0.0017916218 | BG8: 0.00053426357 | BH8: 0.003398743 | BI8: 0.0008835218 | BJ8: 0.00014210895 | BK8: 0.00051323917 | BL8: 0.00061500137 | BM8: 0.00053184108 | BN8: 0.0001671727 | BO8: 0.0010109924
A9: 1974 | B9: =SUM(C9:J9) -> 1 | C9: =SUM(K9:U9) -> 0.33693173 | D9: =SUM(V9:Z9) -> 0.37484579 | E9: =SUM(AA9:AF9) -> 0.068328647 | F9: =SUM(AG9:AN9) -> 0.031731095 | G9: =SUM(AO9:AY9) -> 0.010670653 | H9: =SUM(AZ9:BA9) -> 0.081319558 | I9: =SUM(BB9:BF9) -> 0.087071938 | J9: =SUM(BG9:BO9) -> 0.0091005897 | K9: 0.066267319 | L9: 0.0051545038 | M9: 0.0076897208 | N9: 0.067208548 | O9: 0.054637432 | P9: 0.02388929 | Q9: 0.012274206 | R9: 0.0065537894 | S9: 0.015030259 | T9: 0.046199355 | U9: 0.029599787 | V9: 0.3178864 | W9: 0.032343282 | X9: 0.017596571 | Y9: 0.0031915506 | Z9: 0.0011272978 | AA9: 0.02206645 | AB9: 0.010896369 | AC9: 0.0035938726 | AD9: 0.0032442388 | AE9: 0.019982035 | AF9: 0.016556576 | AG9: 0.0015758833 | AH9: 0.0017450531 | AI9: 0.0014185483 | AJ9: 0.005540782 | AK9: 0.00090015751 | AL9: 0.0044657213 | AM9: 0.0069059584 | AN9: 0.0089503749 | AO9: 0.00039916409 | AP9: 0.00017080353 | AQ9: 0.00021787715 | AR9: 0.00030366647 | AS9: 2.9696041e-05 | AT9: 6.0245878e-05 | AU9: 0.0051564764 | AV9: 3.1854522e-05 | AW9: 0.0001001986 | AX9: 0.0024453962 | AY9: 0.0032957894 | AZ9: 0.056581586 | BA9: 0.021236291 | BB9: 0.0081386467 | BC9: 0.073504235 | BD9: 0.0013446561 | BE9: 0.0015143552 | BF9: 0.001942709 | BG9: 0.00075949079 | BH9: 0.0034549197 | BI9: 0.0012832448 | BJ9: 0.00015543867 | BK9: 0.00062057367 | BL9: 0.00080624142 | BM9: 0.00061466593 | BN9: 0.00016140593 | BO9: 0.001179041
A10: 1975 | B10: =SUM(C10:J10) -> 1 | C10: =SUM(K10:U10) -> 0.35243996 | D10: =SUM(V10:Z10) -> 0.36920934 | E10: =SUM(AA10:AF10) -> 0.058064049 | F10: =SUM(AG10:AN10) -> 0.03172245 | G10: =SUM(AO10:AY10) -> 0.012740826 | H10: =SUM(AZ10:BA10) -> 0.07948098 | I10: =SUM(BB10:BF10) -> 0.086609533 | J10: =SUM(BG10:BO10) -> 0.0097328637 | K10: 0.067904321 | L10: 0.0055835547 | M10: 0.0086370025 | N10: 0.07486693 | O10: 0.048733316 | P10: 0.026720115 | Q10: 0.013151749 | R10: 0.0072153627 | S10: 0.017409648 | T10: 0.049122973 | U10: 0.028969219 | V10: 0.31431548 | W10: 0.032304927 | X10: 0.014391246 | Y10: 0.0027965284 | Z10: 0.0010790819 | AA10: 0.0082535653 | AB10: 0.011943436 | AC10: 0.001556029 | AD10: 0.0032723182 | AE10: 0.022671869 | AF10: 0.017323038 | AG10: 0.0017527617 | AH10: 0.0017969121 | AI10: 0.001436498 | AJ10: 0.0058742083 | AK10: 0.0008990418 | AL10: 0.0039034297 | AM10: 0.0074488351 | AN10: 0.0082394108 | AO10: 0.00043900377 | AP10: 0.00021850832 | AQ10: 0.00023360619 | AR10: 0.00034368098 | AS10: 4.55787e-05 | AT10: 7.9106877e-05 | AU10: 0.0068323758 | AV10: 3.9272914e-05 | AW10: 0.00012746972 | AX10: 0.0026129361 | AY10: 0.0037096336 | AZ10: 0.058918542 | BA10: 0.021612897 | BB10: 0.0081389081 | BC10: 0.072741839 | BD10: 0.0013546334 | BE10: 0.0014571153 | BF10: 0.0019031602 | BG10: 0.00061362119 | BH10: 0.003588627 | BI10: 0.0015168552 | BJ10: 0.00014281254 | BK10: 0.0007677816 | BL10: 0.00090975775 | BM10: 0.00066311597 | BN10: 0.00017120674 | BO10: 0.0012451499
A11: 1976 | B11: =SUM(C11:J11) -> 1 | C11: =SUM(K11:U11) -> 0.33663823 | D11: =SUM(V11:Z11) -> 0.37912301 | E11: =SUM(AA11:AF11) -> 0.061642542 | F11: =SUM(AG11:AN11) -> 0.034621886 | G11: =SUM(AO11:AY11) -> 0.014359988 | H11: =SUM(AZ11:BA11) -> 0.073303117 | I11: =SUM(BB11:BF11) -> 0.089944079 | J11: =SUM(BG11:BO11) -> 0.010367142 | K11: 0.065740803 | L11: 0.0058016432 | M11: 0.0084197055 | N11: 0.072105803 | O11: 0.042202442 | P11: 0.023350724 | Q11: 0.013638597 | R11: 0.0073288081 | S11: 0.016848458 | T11: 0.04869647 | U11: 0.029220533 | V11: 0.32270187 | W11: 0.036148826 | X11: 0.012909886 | Y11: 0.0026039179 | Z11: 0.0010597808 | AA11: 0.010342726 | AB11: 0.01333159 | AC11: 0.0019209358 | AD11: 0.003540371 | AE11: 0.021072893 | AF11: 0.01734554 | AG11: 0.0021075389 | AH11: 0.0018889644 | AI11: 0.001635392 | AJ11: 0.0068493389 | AK11: 0.00085843723 | AL11: 0.0047537243 | AM11: 0.007723396 | AN11: 0.0084673225 | AO11: 0.00042301287 | AP11: 0.00026213143 | AQ11: 0.00026571844 | AR11: 0.00037453856 | AS11: 5.5194858e-05 | AT11: 9.5724627e-05 | AU11: 0.008602996 | AV11: 4.4784161e-05 | AW11: 0.00016252697 | AX11: 0.00257043 | AY11: 0.0039363676 | AZ11: 0.053808234 | BA11: 0.019449319 | BB11: 0.0072418158 | BC11: 0.07629433 | BD11: 0.0017867773 | BE11: 0.0015733533 | BF11: 0.0021703074 | BG11: 0.00047442344 | BH11: 0.0035147787 | BI11: 0.0018463196 | BJ11: 0.00015891366 | BK11: 0.00090215732 | BL11: 0.0010800893 | BM11: 0.00074725781 | BN11: 0.00019467527 | BO11: 0.0013473851
A12: 1977 | B12: =SUM(C12:J12) -> 1 | C12: =SUM(K12:U12) -> 0.3357998 | D12: =SUM(V12:Z12) -> 0.37476618 | E12: =SUM(AA12:AF12) -> 0.057573909 | F12: =SUM(AG12:AN12) -> 0.035216191 | G12: =SUM(AO12:AY12) -> 0.015263863 | H12: =SUM(AZ12:BA12) -> 0.070144858 | I12: =SUM(BB12:BF12) -> 0.10028883 | J12: =SUM(BG12:BO12) -> 0.010946358 | K12: 0.068205424 | L12: 0.005831668 | M12: 0.008521783 | N12: 0.069355277 | O12: 0.040105775 | P12: 0.023498787 | Q12: 0.014422276 | R12: 0.0075433842 | S12: 0.015655479 | T12: 0.049747403 | U12: 0.030046542 | V12: 0.32291769 | W12: 0.034090898 | X12: 0.010906516 | Y12: 0.0026269649 | Z12: 0.001025536 | AA12: 0.0085723841 | AB12: 0.013816327 | AC12: 0.0022812146 | AD12: 0.0040227644 | AE12: 0.016187937 | AF12: 0.017159137 | AG12: 0.0023924106 | AH12: 0.0019588683 | AI12: 0.0017928335 | AJ12: 0.0072575286 | AK12: 0.00084251212 | AL12: 0.00466313 | AM12: 0.0075894704 | AN12: 0.0084188718 | AO12: 0.00050459273 | AP12: 0.00032234071 | AQ12: 0.0002722529 | AR12: 0.00045134314 | AS12: 5.988084e-05 | AT12: 0.00010537776 | AU12: 0.009412365 | AV12: 4.8879812e-05 | AW12: 0.00018289436 | AX12: 0.0026662849 | AY12: 0.0038965885 | AZ12: 0.051987431 | BA12: 0.01834716 | BB12: 0.007484826 | BC12: 0.085796311 | BD12: 0.0022018122 | BE12: 0.0016454717 | BF12: 0.002304461 | BG12: 0.00050693272 | BH12: 0.0035899031 | BI12: 0.0020624552 | BJ12: 0.00015041489 | BK12: 0.00097094651 | BL12: 0.0011691117 | BM12: 0.00078507964 | BN12: 0.00020693952 | BO12: 0.0014111492
A13: 1978 | B13: =SUM(C13:J13) -> 1 | C13: =SUM(K13:U13) -> 0.34104712 | D13: =SUM(V13:Z13) -> 0.35575188 | E13: =SUM(AA13:AF13) -> 0.057311639 | F13: =SUM(AG13:AN13) -> 0.0316661 | G13: =SUM(AO13:AY13) -> 0.016001835 | H13: =SUM(AZ13:BA13) -> 0.067199306 | I13: =SUM(BB13:BF13) -> 0.11970736 | J13: =SUM(BG13:BO13) -> 0.011314769 | K13: 0.071205797 | L13: 0.0060673792 | M13: 0.0084091388 | N13: 0.069173819 | O13: 0.040326272 | P13: 0.024866146 | Q13: 0.015315147 | R13: 0.0070377928 | S13: 0.015346134 | T13: 0.051152628 | U13: 0.028788283 | V13: 0.30822519 | W13: 0.029991844 | X13: 0.010287715 | Y13: 0.0027260489 | Z13: 0.0010176813 | AA13: 0.0092623541 | AB13: 0.013547734 | AC13: 0.0022139359 | AD13: 0.0041302661 | AE13: 0.017243101 | AF13: 0.015874597 | AG13: 0.001911974 | AH13: 0.002057635 | AI13: 0.0018118716 | AJ13: 0.0061302566 | AK13: 0.00081865595 | AL13: 0.0040665739 | AM13: 0.0068820465 | AN13: 0.0076752432 | AO13: 0.0006555331 | AP13: 0.00036566158 | AQ13: 0.00026959847 | AR13: 0.00048911197 | AS13: 6.3520687e-05 | AT13: 0.0001305776 | AU13: 0.0096875821 | AV13: 5.4269152e-05 | AW13: 0.00018073155 | AX13: 0.0028122059 | AY13: 0.0040084681 | AZ13: 0.050484203 | BA13: 0.017503435 | BB13: 0.0076818285 | BC13: 0.10418967 | BD13: 0.0026572117 | BE13: 0.0017382708 | BF13: 0.0022615085 | BG13: 0.00057614798 | BH13: 0.0036673031 | BI13: 0.0020705017 | BJ13: 0.00014999799 | BK13: 0.0010040478 | BL13: 0.001248139 | BM13: 0.00084558393 | BN13: 0.00021905337 | BO13: 0.0014225678
A14: 1979 | B14: =SUM(C14:J14) -> 1 | C14: =SUM(K14:U14) -> 0.35583194 | D14: =SUM(V14:Z14) -> 0.34468291 | E14: =SUM(AA14:AF14) -> 0.06233568 | F14: =SUM(AG14:AN14) -> 0.034097418 | G14: =SUM(AO14:AY14) -> 0.01821129 | H14: =SUM(AZ14:BA14) -> 0.062665269 | I14: =SUM(BB14:BF14) -> 0.11032064 | J14: =SUM(BG14:BO14) -> 0.011854851 | K14: 0.076573139 | L14: 0.0062436921 | M14: 0.0098480419 | N14: 0.070908151 | O14: 0.045800161 | P14: 0.026486066 | Q14: 0.015669745 | R14: 0.007019297 | S14: 0.015595676 | T14: 0.050123788 | U14: 0.027955353 | V14: 0.29925933 | W14: 0.027785901 | X14: 0.010329872 | Y14: 0.0027529841 | Z14: 0.0010590577 | AA14: 0.012980599 | AB14: 0.01313275 | AC14: 0.0025400273 | AD14: 0.0043172365 | AE14: 0.018541417 | AF14: 0.016089847 | AG14: 0.0021612373 | AH14: 0.0022294493 | AI14: 0.00108677 | AJ14: 0.0058851639 | AK14: 0.00082126709 | AL14: 0.0046975584 | AM14: 0.0079456759 | AN14: 0.0089244817 | AO14: 0.00061388214 | AP14: 0.00039776494 | AQ14: 0.00027854166 | AR14: 0.00053605966 | AS14: 7.6744813e-05 | AT14: 0.00016334625 | AU14: 0.011280798 | AV14: 6.3516117e-05 | AW14: 0.00018448142 | AX14: 0.0033210942 | AY14: 0.0044341266 | AZ14: 0.046904354 | BA14: 0.016045157 | BB14: 0.0071580151 | BC14: 0.094549801 | BD14: 0.0031132392 | BE14: 0.0020033598 | BF14: 0.0023773588 | BG14: 0.00061184126 | BH14: 0.0037009878 | BI14: 0.0019326783 | BJ14: 0.00015921558 | BK14: 0.0011010824 | BL14: 0.0014569194 | BM14: 0.00089466733 | BN14: 0.00021973083 | BO14: 0.0016574967
A15: 1980 | B15: =SUM(C15:J15) -> 1 | C15: =SUM(K15:U15) -> 0.36126063 | D15: =SUM(V15:Z15) -> 0.3405528 | E15: =SUM(AA15:AF15) -> 0.066260558 | F15: =SUM(AG15:AN15) -> 0.034612729 | G15: =SUM(AO15:AY15) -> 0.020111176 | H15: =SUM(AZ15:BA15) -> 0.058884433 | I15: =SUM(BB15:BF15) -> 0.10607178 | J15: =SUM(BG15:BO15) -> 0.012245899 | K15: 0.076737835 | L15: 0.0056207003 | M15: 0.0097937821 | N15: 0.071897486 | O15: 0.052385678 | P15: 0.027538015 | Q15: 0.01502433 | R15: 0.0077710841 | S15: 0.015405412 | T15: 0.050060911 | U15: 0.025118891 | V15: 0.29440641 | W15: 0.027636518 | X15: 0.011010055 | Y15: 0.0027507567 | Z15: 0.0010664762 | AA15: 0.016201348 | AB15: 0.010915728 | AC15: 0.0029591927 | AD15: 0.004609755 | AE15: 0.021370094 | AF15: 0.016960096 | AG15: 0.0027076925 | AH15: 0.00254577 | AI15: 0.001297878 | AJ15: 0.0056894095 | AK15: 0.0008445379 | AL15: 0.0059643813 | AM15: 0.00525139 | AN15: 0.0099373842 | AO15: 0.00050869133 | AP15: 0.00037829628 | AQ15: 0.00025510841 | AR15: 0.00054159555 | AS15: 7.7613115e-05 | AT15: 0.00017258613 | AU15: 0.012775869 | AV15: 6.2319904e-05 | AW15: 0.00017691089 | AX15: 0.0041539711 | AY15: 0.0045062224 | AZ15: 0.04349233 | BA15: 0.014381245 | BB15: 0.0070600634 | BC15: 0.089502618 | BD15: 0.003368376 | BE15: 0.0023005223 | BF15: 0.0026931876 | BG15: 0.00061283501 | BH15: 0.0037199875 | BI15: 0.0023151064 | BJ15: 0.00014920152 | BK15: 0.0011330726 | BL15: 0.0015027108 | BM15: 0.00088709347 | BN15: 6.1519036e-05 | BO15: 0.0017319508
A16: 1981 | B16: =SUM(C16:J16) -> 1 | C16: =SUM(K16:U16) -> 0.32036938 | D16: =SUM(V16:Z16) -> 0.37342676 | E16: =SUM(AA16:AF16) -> 0.072537176 | F16: =SUM(AG16:AN16) -> 0.034598119 | G16: =SUM(AO16:AY16) -> 0.01996674 | H16: =SUM(AZ16:BA16) -> 0.054162332 | I16: =SUM(BB16:BF16) -> 0.11124078 | J16: =SUM(BG16:BO16) -> 0.01369872 | K16: 0.064043941 | L16: 0.0047239839 | M16: 0.0086877547 | N16: 0.061312429 | O16: 0.049211662 | P16: 0.024006041 | Q16: 0.012111147 | R16: 0.0075525713 | S16: 0.014531278 | T16: 0.04440021 | U16: 0.025184819 | V16: 0.32092444 | W16: 0.030989709 | X16: 0.012178442 | Y16: 0.0029351239 | Z16: 0.001033094 | AA16: 0.013131423 | AB16: 0.012459126 | AC16: 0.0035405052 | AD16: 0.0051107349 | AE16: 0.026836876 | AF16: 0.018785481 | AG16: 0.0029136017 | AH16: 0.0025362574 | AI16: 0.0015525679 | AJ16: 0.0056745158 | AK16: 0.00063125127 | AL16: 0.0061036782 | AM16: 0.0050651062 | AN16: 0.0096239836 | AO16: 0.00045882118 | AP16: 0.00031537672 | AQ16: 0.00027033798 | AR16: 0.00052113297 | AS16: 7.3042433e-05 | AT16: 0.00015358059 | AU16: 0.012127167 | AV16: 7.1304633e-05 | AW16: 0.0002152138 | AX16: 0.0043621446 | AY16: 0.0046716205 | AZ16: 0.042100097 | BA16: 0.013724228 | BB16: 0.0063327567 | BC16: 0.09434179 | BD16: 0.0033881946 | BE16: 0.0027219276 | BF16: 0.0028576369 | BG16: 0.00061258961 | BH16: 0.0039035404 | BI16: 0.0029399152 | BJ16: 0.00014930953 | BK16: 0.0013508953 | BL16: 0.0016965599 | BM16: 0.00094971149 | BN16: 4.7583119e-05 | BO16: 0.0018517716
... A60: 2025 | B60: =SUM(C60:J60) -> 1 | C60: =SUM(K60:U60) -> 0.26118148 | D60: =SUM(V60:Z60) -> 0.43160102 | E60: =SUM(AA60:AF60) -> 0.04400227 | F60: =SUM(AG60:AN60) -> 0.038791129 | G60: =SUM(AO60:AY60) -> 0.014963217 | H60: =SUM(AZ60:BA60) -> 0.021413179 | I60: =SUM(BB60:BF60) -> 0.14971852 | J60: =SUM(BG60:BO60) -> 0.038329187 | K60: 0.04972176 | L60: 0.0040765795 | M60: 0.017221961 | N60: 0.036333153 | O60: 0.048924035 | P60: 0.024093569 | Q60: 0.011429778 | R60: 0.0052954125 | S60: 0.0066573973 | T60: 0.036190333 | U60: 0.02135467 | V60: 0.37371264 | W60: 0.030710161 | X60: 0.020612828 | Y60: 0.005856851 | Z60: 0.00090216303 | AA60: 0.0032974045 | AB60: 0.012872034 | AC60: 0.0030498535 | AD60: 0.00343232 | AE60: 0.012740364 | AF60: 0.0086300343 | AG60: 0.0056465785 | AH60: 0.0017346135 | AI60: 0.0016517756 | AJ60: 0.0040657292 | AK60: 0.00040057566 | AL60: 0.0036067137 | AM60: 0.0062192752 | AN60: 0.01548327 | AO60: 0.00041001734 | AP60: 0.00039514046 | AQ60: 0.0019981824 | AR60: 0.0010063654 | AS60: 0.00017456014 | AT60: 0.00015150337 | AU60: 0.0016975302 | AV60: 0.00010877886 | AW60: 0.00012737689 | AX60: 0.0027589519 | AY60: 0.0056929034 | AZ60: 0.01527208 | BA60: 0.0061507051 | BB60: 0.080589207 | BC60: 0.041712436 | BD60: 0.015660564 | BE60: 0.0060374993 | BF60: 0.0057859819 | BG60: 0.0019643257 | BH60: 0.019382186 | BI60: 0.0033384753 | BJ60: 0.00019109038 | BK60: 0.0015562875 | BL60: 0.002290987 | BM60: 0.0014019595 | BN60: 0.002727761 | BO60: 0.0054933092
A61: 2026
A62: 2027
A63: 2028
A64: 2029
A65: 2030
A66: 2031
A67: 2032
A68: 2033
A69: 2034
A70: 2035
A71: 2036
A72: 2037
... A135: 2100

Sheet O2bs
A1: Data series on Output: Country and Region Output Shares in "Construction" Sector (current price MER).
A4: Year | B4: World | C4: Europe | D4: North America/ Oceania | E4: Latin America | F4: Middle East/North Africa | G4: Subsaharan Africa | H4: Russia/ Central Asia | I4: East Asia | J4: South & South-East Asia | K4: DE | L4: DK | M4: ES | N4: FR | O4: GB | P4: IT | Q4: NL | R4: NO | S4: SE | T4: OC | U4: QM | V4: US | W4: CA | X4: AU | Y4: NZ | Z4: OH | AA4: AR | AB4: BR | AC4: CL | AD4: CO | AE4: MX | AF4: OD | AG4: AE | AH4: DZ | AI4: EG | AJ4: IR | AK4: MA | AL4: SA | AM4: TR | AN4: OE | AO4: CD | AP4: CI | AQ4: ET | AR4: KE | AS4: ML | AT4: NE | AU4: NG | AV4: RW | AW4: SD | AX4: ZA | AY4: OJ | AZ4: RU | BA4: OA | BB4: CN | BC4: JP | BD4: KR | BE4: TW | BF4: OB | BG4: BD | BH4: IN | BI4: ID | BJ4: MM | BK4: PK | BL4: PH | BM4: TH | BN4: VN | BO4: OI
A5: 1970 | B5: =SUM(C5:J5) -> 1 | C5: =SUM(K5:U5) -> 0.38279642 | D5: =SUM(V5:Z5) -> 0.30330215 | E5: =SUM(AA5:AF5) -> 0.041824896 | F5: =SUM(AG5:AN5) -> 0.016526516 | G5: =SUM(AO5:AY5) -> 0.0088540544 | H5: =SUM(AZ5:BA5) -> 0.081751904 | I5: =SUM(BB5:BF5) -> 0.13415555 | J5: =SUM(BG5:BO5) -> 0.030788516 | K5: 0.074703389 | L5: 0.0083085672 | M5: 0.020602438 | N5: 0.070737845 | O5: 0.030445947 | P5: 0.060704586 | Q5: 0.016474699 | R5: 0.004775161 | S5: 0.015761365 | T5: 0.04236948 | U5: 0.037536552 | V5: 0.24249465 | W5: 0.034078387 | X5: 0.023889685 | Y5: 0.0019251971 | Z5: 0.00061600874 | AA5: 0.0067490737 | AB5: 0.0064433459 | AC5: 0.0020390688 | AD5: 0.002012898 | AE5: 0.014036098 | AF5: 0.010672458 | AG5: 0.00027389586 | AH5: 0.001016159 | AI5: 0.0014446982 | AJ5: 0.002068076 | AK5: 0.00087487643 | AL5: 0.0010544886 | AM5: 0.0047054376 | AN5: 0.0050726349 | AO5: 0.00058290997 | AP5: 0.00014517169 | AQ5: 0.0002335597 | AR5: 0.00027211275 | AS5: 3.1596436e-05 | AT5: 5.730102e-05 | AU5: 0.0028984266 | AV5: 2.2468085e-05 | AW5: 7.816532e-05 | AX5: 0.0018253524 | AY5: 0.0030920974 | AZ5: 0.058679796 | BA5: 0.023411996 | BB5: 0.03067202 | BC5: 0.096601776 | BD5: 0.0031336403 | BE5: 0.00086705876 | BF5: 0.0027491409 | BG5: 0.001462062 | BH5: 0.016161895 | BI5: 0.0022902787 | BJ5: 0.0006219354 | BK5: 0.0029467061 | BL5: 0.0019275522 | BM5: 0.0017193063 | BN5: 0.00060550275 | BO5: 0.0030230052
A6: 1971 | B6: =SUM(C6:J6) -> 1 | C6: =SUM(K6:U6) -> 0.38027704 | D6: =SUM(V6:Z6) -> 0.31728721 | E6: =SUM(AA6:AF6) -> 0.039710491 | F6: =SUM(AG6:AN6) -> 0.016409926 | G6: =SUM(AO6:AY6) -> 0.0091753196 | H6: =SUM(AZ6:BA6) -> 0.076258451 | I6: =SUM(BB6:BF6) -> 0.13132433 | J6: =SUM(BG6:BO6) -> 0.029557233 | K6: 0.081324791 | L6: 0.0079850272 | M6: 0.019658741 | N6: 0.068522836 | O6: 0.030571746 | P6: 0.055156615 | Q6: 0.017078136 | R6: 0.0047199268 | S6: 0.014783022 | T6: 0.044206937 | U6: 0.036021933 | V6: 0.25433823 | W6: 0.035779743 | X6: 0.024318472 | Y6: 0.0020323208 | Z6: 0.00061207836 | AA6: 0.0070496405 | AB6: 0.0066173598 | AC6: 0.0021967711 | AD6: 0.0019210978 | AE6: 0.011496427 | AF6: 0.01043165 | AG6: 0.00033342795 | AH6: 0.00093937502 | AI6: 0.0013589697 | AJ6: 0.0022987631 | AK6: 0.00085364678 | AL6: 0.0012388998 | AM6: 0.0040071168 | AN6: 0.0053690541 | AO6: 0.0006048916 | AP6: 0.00014424899 | AQ6: 0.0002241815 | AR6: 0.00027991409 | AS6: 3.2218436e-05 | AT6: 5.6998401e-05 | AU6: 0.0031435708 | AV6: 2.506912e-05 | AW6: 7.9054155e-05 | AX6: 0.0018623786 | AY6: 0.0031376874 | AZ6: 0.054584876 | BA6: 0.021825227 | BB6: 0.029589787 | BC6: 0.095518997 | BD6: 0.0025292458 | BE6: 0.00089644392 | BF6: 0.002704443 | BG6: 0.0011631424 | BH6: 0.01559427 | BI6: 0.0022286802 | BJ6: 0.00056271477 | BK6: 0.0028019965 | BL6: 0.001923377 | BM6: 0.0016264418 | BN6: 0.000615167 | BO6: 0.0030222191
A7: 1972 | B7: =SUM(C7:J7) -> 1 | C7: =SUM(K7:U7) -> 0.37999443 | D7: =SUM(V7:Z7) -> 0.3077253 | E7: =SUM(AA7:AF7) -> 0.042911539 | F7: =SUM(AG7:AN7) -> 0.017187329 | G7: =SUM(AO7:AY7) -> 0.0088025129 | H7: =SUM(AZ7:BA7) -> 0.073121025 | I7: =SUM(BB7:BF7) -> 0.14400109 | J7: =SUM(BG7:BO7) -> 0.026256769 | K7: 0.084034957 | L7: 0.0083263976 | M7: 0.021145228 | N7: 0.068119821 | O7: 0.028605617 | P7: 0.052038163 | Q7: 0.017209686 | R7: 0.0046221603 | S7: 0.014657038 | T7: 0.04715624 | U7: 0.033830111 | V7: 0.24719741 | W7: 0.03349934 | X7: 0.024106842 | Y7: 0.0021108385 | Z7: 0.00060922034 | AA7: 0.0088563369 | AB7: 0.0076693496 | AC7: 0.002053652 | AD7: 0.0018056184 | AE7: 0.012495066 | AF7: 0.0098525292 | AG7: 0.00042718926 | AH7: 0.0010695408 | AI7: 0.001159605 | AJ7: 0.0024442833 | AK7: 0.00089427627 | AL7: 0.0014035093 | AM7: 0.004360299 | AN7: 0.0054173625 | AO7: 0.00056464653 | AP7: 0.00014387725 | AQ7: 0.00021194976 | AR7: 0.00026555521 | AS7: 3.3564303e-05 | AT7: 6.0471841e-05 | AU7: 0.0032563647 | AV7: 2.3868181e-05 | AW7: 7.7949689e-05 | AX7: 0.0016480419 | AY7: 0.0029381186 | AZ7: 0.052243515 | BA7: 0.021208107 | BB7: 0.028826693 | BC7: 0.10949623 | BD7: 0.0020241641 | BE7: 0.0008955754 | BF7: 0.0026640558 | BG7: 0.0012569002 | BH7: 0.014295542 | BI7: 0.0022098612 | BJ7: 0.00041942775 | BK7: 0.0014424275 | BL7: 0.0017107453 | BM7: 0.0014946169 | BN7: 0.00055947467 | BO7: 0.0028505678
A8: 1973 | B8: =SUM(C8:J8) -> 1 | C8: =SUM(K8:U8) -> 0.38752062 | D8: =SUM(V8:Z8) -> 0.27807608 | E8: =SUM(AA8:AF8) -> 0.04711863 | F8: =SUM(AG8:AN8) -> 0.018326254 | G8: =SUM(AO8:AY8) -> 0.0086969565 | H8: =SUM(AZ8:BA8) -> 0.071254401 | I8: =SUM(BB8:BF8) -> 0.16487906 | J8: =SUM(BG8:BO8) -> 0.024127999 | K8: 0.085615015 | L8: 0.0085678572 | M8: 0.024073589 | N8: 0.069928092 | O8: 0.028930411 | P8: 0.050534731 | Q8: 0.017525954 | R8: 0.0047698995 | S8: 0.013956712 | T8: 0.050373542 | U8: 0.032634779 | V8: 0.21880093 | W8: 0.031125542 | X8: 0.024859236 | Y8: 0.0022089324 | Z8: 0.00064368486 | AA8: 0.012190577 | AB8: 0.0091450442 | AC8: 0.0024193619 | AD8: 0.0017317709 | AE8: 0.01225039 | AF8: 0.0094435271 | AG8: 0.0006683299 | AH8: 0.0011101785 | AI8: 0.001071934 | AJ8: 0.0030398509 | AK8: 0.00090721024 | AL8: 0.0017341533 | AM8: 0.0044972407 | AN8: 0.0052685064 | AO8: 0.00058372859 | AP8: 0.00015917507 | AQ8: 0.00020388252 | AR8: 0.00025474775 | AS8: 3.1532696e-05 | AT8: 5.2275492e-05 | AU8: 0.0030537253 | AV8: 2.4021625e-05 | AW8: 7.9999879e-05 | AX8: 0.0018252464 | AY8: 0.0028177606 | AZ8: 0.051447494 | BA8: 0.020729912 | BB8: 0.028691525 | BC8: 0.12996897 | BD8: 0.0022357736 | BE8: 0.0010830759 | BF8: 0.0026401568 | BG8: 0.001560036 | BH8: 0.011571525 | BI8: 0.0026481133 | BJ8: 0.00041471373 | BK8: 0.00123978 | BL8: 0.0016965544 | BM8: 0.0015654942 | BN8: 0.00047150154 | BO8: 0.0029222978
A9: 1974 | B9: =SUM(C9:J9) -> 1 | C9: =SUM(K9:U9) -> 0.38725342 | D9: =SUM(V9:Z9) -> 0.26283692 | E9: =SUM(AA9:AF9) -> 0.056547404 | F9: =SUM(AG9:AN9) -> 0.027757486 | G9: =SUM(AO9:AY9) -> 0.010821823 | H9: =SUM(AZ9:BA9) -> 0.065076411 | I9: =SUM(BB9:BF9) -> 0.16202784 | J9: =SUM(BG9:BO9) -> 0.027678696 | K9: 0.078591824 | L9: 0.0082835413 | M9: 0.028246826 | N9: 0.067676457 | O9: 0.029350796 | P9: 0.054095043 | Q9: 0.017449307 | R9: 0.00519175 | S9: 0.012766771 | T9: 0.051896329 | U9: 0.033438174 | V9: 0.19897442 | W9: 0.035220075 | X9: 0.025493709 | Y9: 0.002281532 | Z9: 0.00068623509 | AA9: 0.014862137 | AB9: 0.01114265 | AC9: 0.0021461946 | AD9: 0.0018591909 | AE9: 0.015169268 | AF9: 0.011297225 | AG9: 0.001684048 | AH9: 0.0014573433 | AI9: 0.0011281944 | AJ9: 0.0046272639 | AK9: 0.001043075 | AL9: 0.0047653341 | AM9: 0.0057521975 | AN9: 0.00728092 | AO9: 0.00066322107 | AP9: 0.0001801499 | AQ9: 0.00020228865 | AR9: 0.00028193999 | AS9: 2.7571372e-05 | AT9: 5.5935454e-05 | AU9: 0.0046346688 | AV9: 2.957542e-05 | AW9: 9.3029667e-05 | AX9: 0.0021283951 | AY9: 0.0030951588 | AZ9: 0.046671772 | BA9: 0.018502529 | BB9: 0.027329583 | BC9: 0.12726828 | BD9: 0.0031339707 | BE9: 0.0015097006 | BF9: 0.0026747626 | BG9: 0.0021897198 | BH9: 0.011917278 | BI9: 0.0039069368 | BJ9: 0.00044386774 | BK9: 0.0014311526 | BL9: 0.0021015882 | BM9: 0.0018201219 | BN9: 0.00047442633 | BO9: 0.0033745493
A10: 1975 | B10: =SUM(C10:J10) -> 1 | C10: =SUM(K10:U10) -> 0.40676112 | D10: =SUM(V10:Z10) -> 0.24496794 | E10: =SUM(AA10:AF10) -> 0.051498579 | F10: =SUM(AG10:AN10) -> 0.029623004 | G10: =SUM(AO10:AY10) -> 0.011795471 | H10: =SUM(AZ10:BA10) -> 0.066795637 | I10: =SUM(BB10:BF10) -> 0.15931029 | J10: =SUM(BG10:BO10) -> 0.029247964 | K10: 0.073846654 | L10: 0.008335062 | M10: 0.030830633 | N10: 0.080972498 | O10: 0.028802675 | P10: 0.057053714 | Q10: 0.018461588 | R10: 0.0057117308 | S10: 0.014661169 | T10: 0.055168094 | U10: 0.033113722 | V10: 0.18097796 | W10: 0.035401782 | X10: 0.02600272 | Y10: 0.0020326581 | Z10: 0.00067111068 | AA10: 0.0054469359 | AB10: 0.012320225 | AC10: 0.00093665031 | AD10: 0.0018100863 | AE10: 0.018675804 | AF10: 0.011657413 | AG10: 0.0019939488 | AH10: 0.0015974996 | AI10: 0.0012075466 | AJ10: 0.0052223175 | AK10: 0.0011662024 | AL10: 0.0045398988 | AM10: 0.0068218541 | AN10: 0.007088041 | AO10: 0.00066763909 | AP10: 0.0002166486 | AQ10: 0.000198523 | AR10: 0.00029206666 | AS10: 3.8733649e-05 | AT10: 6.7226534e-05 | AU10: 0.0055933588 | AV10: 3.3374872e-05 | AW10: 0.0001083262 | AX10: 0.0020699216 | AY10: 0.0031978524 | AZ10: 0.047648095 | BA10: 0.01869073 | BB10: 0.028210817 | BC10: 0.12356674 | BD10: 0.0032606607 | BE10: 0.0017019992 | BF10: 0.0026469998 | BG10: 0.0016214637 | BH10: 0.013682087 | BI10: 0.0043474809 | BJ10: 0.0003698895 | BK10: 0.001568999 | BL10: 0.0020857866 | BM10: 0.0018310142 | BN10: 0.00048565471 | BO10: 0.0032697115
A11: 1976 | B11: =SUM(C11:J11) -> 1 | C11: =SUM(K11:U11) -> 0.38540562 | D11: =SUM(V11:Z11) -> 0.25921157 | E11: =SUM(AA11:AF11) -> 0.055461481 | F11: =SUM(AG11:AN11) -> 0.033979526 | G11: =SUM(AO11:AY11) -> 0.012460666 | H11: =SUM(AZ11:BA11) -> 0.063239065 | I11: =SUM(BB11:BF11) -> 0.16014593 | J11: =SUM(BG11:BO11) -> 0.030096149 | K11: 0.072356833 | L11: 0.0088626854 | M11: 0.028209904 | N11: 0.075573587 | O11: 0.024835035 | P11: 0.048706039 | Q11: 0.018420245 | R11: 0.0057309134 | S11: 0.015820679 | T11: 0.053722938 | U11: 0.033420503 | V11: 0.19190288 | W11: 0.038989588 | X11: 0.025967005 | Y11: 0.0018690969 | Z11: 0.00065366005 | AA11: 0.00707303 | AB11: 0.013724309 | AC11: 0.0012320779 | AD11: 0.0020001804 | AE11: 0.018350277 | AF11: 0.012162807 | AG11: 0.0024752909 | AH11: 0.0017337929 | AI11: 0.0014093294 | AJ11: 0.0062866909 | AK11: 0.001208638 | AL11: 0.0058498681 | AM11: 0.0075402007 | AN11: 0.0074980866 | AO11: 0.00060072312 | AP11: 0.00024877086 | AQ11: 0.00021086059 | AR11: 0.00029721469 | AS11: 4.3799823e-05 | AT11: 7.596218e-05 | AU11: 0.0065497151 | AV11: 3.5538425e-05 | AW11: 0.00012897311 | AX11: 0.0018914406 | AY11: 0.0031702187 | AZ11: 0.045126919 | BA11: 0.01766636 | BB11: 0.024992436 | BC11: 0.12644598 | BD11: 0.0038694512 | BE11: 0.0020325854 | BF11: 0.0029109143 | BG11: 0.0011715406 | BH11: 0.013783331 | BI11: 0.0050719694 | BJ11: 0.00038015462 | BK11: 0.0016655773 | BL11: 0.002226158 | BM11: 0.0019593406 | BN11: 0.00054221229 | BO11: 0.0033156798
A12: 1977 | B12: =SUM(C12:J12) -> 1 | C12: =SUM(K12:U12) -> 0.38282567 | D12: =SUM(V12:Z12) -> 0.25656292 | E12: =SUM(AA12:AF12) -> 0.050368849 | F12: =SUM(AG12:AN12) -> 0.03552452 | G12: =SUM(AO12:AY12) -> 0.012920172 | H12: =SUM(AZ12:BA12) -> 0.061048265 | I12: =SUM(BB12:BF12) -> 0.16940439 | J12: =SUM(BG12:BO12) -> 0.03134522 | K12: 0.073336742 | L12: 0.0083705822 | M12: 0.027214205 | N12: 0.072844915 | O12: 0.023509883 | P12: 0.048708837 | Q12: 0.019606407 | R12: 0.0057103246 | S12: 0.014425815 | T12: 0.055213765 | U12: 0.033725801 | V12: 0.19611157 | W12: 0.034570667 | X12: 0.023353882 | Y12: 0.0018109307 | Z12: 0.00060971878 | AA12: 0.0058939429 | AB12: 0.01425623 | AC12: 0.0015120079 | AD12: 0.0022533664 | AE12: 0.014039398 | AF12: 0.012157765 | AG12: 0.0028501391 | AH12: 0.001823721 | AI12: 0.0015562376 | AJ12: 0.006756813 | AK12: 0.0012647674 | AL12: 0.0059712032 | AM12: 0.0077577659 | AN12: 0.0075291747 | AO12: 0.0006948502 | AP12: 0.00030354461 | AQ12: 0.00020949598 | AR12: 0.00034730419 | AS12: 4.6077729e-05 | AT12: 8.1087169e-05 | AU12: 0.0069249755 | AV12: 3.7612544e-05 | AW12: 0.00014073545 | AX12: 0.0018931246 | AY12: 0.003059145 | AZ12: 0.043876497 | BA12: 0.016972419 | BB12: 0.026132455 | BC12: 0.13327803 | BD12: 0.0047259221 | BE12: 0.0022586898 | BF12: 0.0029392069 | BG12: 0.0012142577 | BH12: 0.014222318 | BI12: 0.0056290506 | BJ12: 0.00034454749 | BK12: 0.0016807885 | BL12: 0.0022531967 | BM12: 0.002026651 | BN12: 0.00058621914 | BO12: 0.003375222
A13: 1978 | B13: =SUM(C13:J13) -> 1 | C13: =SUM(K13:U13) -> 0.38055876 | D13: =SUM(V13:Z13) -> 0.24511613 | E13: =SUM(AA13:AF13) -> 0.049877304 | F13: =SUM(AG13:AN13) -> 0.031972194 | G13: =SUM(AO13:AY13) -> 0.012749217 | H13: =SUM(AZ13:BA13) -> 0.057533468 | I13: =SUM(BB13:BF13) -> 0.19215707 | J13: =SUM(BG13:BO13) -> 0.03003586 | K13: 0.07483995 | L13: 0.0081371935 | M13: 0.026006925 | N13: 0.070951691 | O13: 0.024946396 | P13: 0.04843936 | Q13: 0.020134045 | R13: 0.0051594152 | S13: 0.012699041 | T13: 0.057643281 | U13: 0.031726053 | V13: 0.19323946 | W13: 0.02850071 | X13: 0.021091944 | Y13: 0.0017870731 | Z13: 0.00057719792 | AA13: 0.0061357117 | AB13: 0.013355544 | AC13: 0.0014526209 | AD13: 0.0021994012 | AE13: 0.015405718 | AF13: 0.010880261 | AG13: 0.002262645 | AH13: 0.0019029421 | AI13: 0.0015515503 | AJ13: 0.0056693843 | AK13: 0.0012831413 | AL13: 0.005312222 | AM13: 0.0072110649 | AN13: 0.006789712 | AO13: 0.00084700659 | AP13: 0.00033010829 | AQ13: 0.00019465365 | AR13: 0.0003531453 | AS13: 4.5862774e-05 | AT13: 9.4278749e-05 | AU13: 0.0066686356 | AV13: 3.9183044e-05 | AW13: 0.00013049056 | AX13: 0.0018648548 | AY13: 0.0029792196 | AZ13: 0.041097807 | BA13: 0.015797432 | BB13: 0.025491991 | BC13: 0.15588937 | BD13: 0.0058489056 | BE13: 0.0022927995 | BF13: 0.0026969139 | BG13: 0.0012948282 | BH13: 0.013373766 | BI13: 0.0054240331 | BJ13: 0.00031788355 | BK13: 0.0015761553 | BL13: 0.0021797037 | BM13: 0.0020765575 | BN13: 0.00060933559 | BO13: 0.0031934304
A14: 1979 | B14: =SUM(C14:J14) -> 1 | C14: =SUM(K14:U14) -> 0.3957492 | D14: =SUM(V14:Z14) -> 0.23722656 | E14: =SUM(AA14:AF14) -> 0.056544338 | F14: =SUM(AG14:AN14) -> 0.035145026 | G14: =SUM(AO14:AY14) -> 0.013082139 | H14: =SUM(AZ14:BA14) -> 0.053297866 | I14: =SUM(BB14:BF14) -> 0.18049586 | J14: =SUM(BG14:BO14) -> 0.028459011 | K14: 0.080331122 | L14: 0.0079208789 | M14: 0.029699197 | N14: 0.071893445 | O14: 0.0293997 | P14: 0.051145333 | Q14: 0.019475708 | R14: 0.0049499791 | S14: 0.012454358 | T14: 0.058460367 | U14: 0.03000853 | V14: 0.18846712 | W14: 0.026810011 | X14: 0.019639525 | Y14: 0.0017271748 | Z14: 0.00057638528 | AA14: 0.0085851484 | AB14: 0.01388912 | AC14: 0.0017089694 | AD14: 0.0022658963 | AE14: 0.018695049 | AF14: 0.011088327 | AG14: 0.0025602814 | AH14: 0.0020639809 | AI14: 0.0009252467 | AJ14: 0.0054483704 | AK14: 0.0013543909 | AL14: 0.0063157631 | AM14: 0.0085982242 | AN14: 0.0078778294 | AO14: 0.00071903526 | AP14: 0.00033212523 | AQ14: 0.00018230909 | AR14: 0.00035085792 | AS14: 5.0230464e-05 | AT14: 0.00010691222 | AU14: 0.0070225879 | AV14: 4.1572113e-05 | AW14: 0.00012074546 | AX14: 0.0019876959 | AY14: 0.0029995857 | AZ14: 0.038172614 | BA14: 0.014629006 | BB14: 0.023262382 | BC14: 0.14527475 | BD14: 0.0068581513 | BE14: 0.0024358148 | BF14: 0.0026599402 | BG14: 0.0012460291 | BH14: 0.012504849 | BI14: 0.0046881929 | BJ14: 0.00030118574 | BK14: 0.0015136283 | BL14: 0.0022302725 | BM14: 0.0020167502 | BN14: 0.0005786577 | BO14: 0.0033786846
A15: 1980 | B15: =SUM(C15:J15) -> 1 | C15: =SUM(K15:U15) -> 0.40559553 | D15: =SUM(V15:Z15) -> 0.22177587 | E15: =SUM(AA15:AF15) -> 0.063069877 | F15: =SUM(AG15:AN15) -> 0.036668931 | G15: =SUM(AO15:AY15) -> 0.014984126 | H15: =SUM(AZ15:BA15) -> 0.050258638 | I15: =SUM(BB15:BF15) -> 0.17642597 | J15: =SUM(BG15:BO15) -> 0.031221058 | K15: 0.081054801 | L15: 0.0069092457 | M15: 0.028689929 | N15: 0.076230109 | O15: 0.033951531 | P15: 0.057123619 | Q15: 0.01978208 | R15: 0.0052616528 | S15: 0.012562387 | T15: 0.057874533 | U15: 0.026178233 | V15: 0.16980431 | W15: 0.027201709 | X15: 0.022475077 | Y15: 0.0017255199 | Z15: 0.00058160502 | AA15: 0.010841171 | AB15: 0.011833536 | AC15: 0.0020681725 | AD15: 0.002417645 | AE15: 0.023921491 | AF15: 0.011924489 | AG15: 0.003246817 | AH15: 0.0023856155 | AI15: 0.0011109366 | AJ15: 0.0053314884 | AK15: 0.0014819129 | AL15: 0.0083555758 | AM15: 0.0059329971 | AN15: 0.0088256302 | AO15: 0.00062380389 | AP15: 0.00033698997 | AQ15: 0.00017481211 | AR15: 0.00037112636 | AS15: 5.3184102e-05 | AT15: 0.00011826402 | AU15: 0.0083101558 | AV15: 4.2704486e-05 | AW15: 0.00012122754 | AX15: 0.0025921634 | AY15: 0.0032142842 | AZ15: 0.035864413 | BA15: 0.013434453 | BB15: 0.027253241 | BC15: 0.13709751 | BD15: 0.0064213494 | BE15: 0.0027985338 | BF15: 0.0028651625 | BG15: 0.0013058253 | BH15: 0.013747896 | BI15: 0.0059979606 | BJ15: 0.00029060553 | BK15: 0.0015746256 | BL15: 0.0023315815 | BM15: 0.0021175147 | BN15: 0.00017680567 | BO15: 0.0036799819
A16: 1981 | B16: =SUM(C16:J16) -> 1 | C16: =SUM(K16:U16) -> 0.35912281 | D16: =SUM(V16:Z16) -> 0.24170527 | E16: =SUM(AA16:AF16) -> 0.075195508 | F16: =SUM(AG16:AN16) -> 0.039666218 | G16: =SUM(AO16:AY16) -> 0.01497202 | H16: =SUM(AZ16:BA16) -> 0.049261509 | I16: =SUM(BB16:BF16) -> 0.18485188 | J16: =SUM(BG16:BO16) -> 0.035224776 | K16: 0.06581479 | L16: 0.0053674031 | M16: 0.026281595 | N16: 0.065614342 | O16: 0.032549132 | P16: 0.055579926 | Q16: 0.015196085 | R16: 0.0051659455 | S16: 0.011259763 | T16: 0.050094024 | U16: 0.026781073 | V16: 0.18242602 | W16: 0.032827724 | X16: 0.024414303 | Y16: 0.0018587023 | Z16: 0.00056974593 | AA16: 0.0087937359 | AB16: 0.014465205 | AC16: 0.0025416415 | AD16: 0.0026506098 | AE16: 0.03254632 | AF16: 0.013310273 | AG16: 0.0037704651 | AH16: 0.0025649616 | AI16: 0.0014246419 | AJ16: 0.0057387375 | AK16: 0.0012567579 | AL16: 0.0095117003 | AM16: 0.006368792 | AN16: 0.0090943644 | AO16: 0.00057198489 | AP16: 0.00029070294 | AQ16: 0.00018832203 | AR16: 0.00036303009 | AS16: 5.0882602e-05 | AT16: 0.00010698685 | AU16: 0.0080057452 | AV16: 4.9672021e-05 | AW16: 0.0001499216 | AX16: 0.0027564007 | AY16: 0.0034092463 | AZ16: 0.034800364 | BA16: 0.012985094 | BB16: 0.026615246 | BC16: 0.14621433 | BD16: 0.0063015808 | BE16: 0.0029340673 | BF16: 0.0030858598 | BG16: 0.0013258243 | BH16: 0.014897725 | BI16: 0.0078896466 | BJ16: 0.00029041592 | BK16: 0.0018420399 | BL16: 0.0025934493 | BM16: 0.0023285835 | BN16: 0.00014466227 | BO16: 0.0039694431
... A60: 2025 | B60: =SUM(C60:J60) -> 1 | C60: =SUM(K60:U60) -> 0.21215795 | D60: =SUM(V60:Z60) -> 0.21581488 | E60: =SUM(AA60:AF60) -> 0.041514697 | F60: =SUM(AG60:AN60) -> 0.052353612 | G60: =SUM(AO60:AY60) -> 0.013569912 | H60: =SUM(AZ60:BA60) -> 0.021776762 | I60: =SUM(BB60:BF60) -> 0.3604384 | J60: =SUM(BG60:BO60) -> 0.082373789 | K60: 0.036975537 | L60: 0.0033549194 | M60: 0.013490177 | N60: 0.026639627 | O60: 0.034153237 | P60: 0.01924312 | Q60: 0.010608797 | R60: 0.0070377071 | S60: 0.0063275117 | T60: 0.028352956 | U60: 0.026023874 | V60: 0.16567072 | W60: 0.020664526 | X60: 0.025381877 | Y60: 0.0036431382 | Z60: 0.00050499731 | AA60: 0.0022768428 | AB60: 0.0086842788 | AC60: 0.0021684809 | AD60: 0.0026037828 | AE60: 0.013568586 | AF60: 0.012222416 | AG60: 0.0058183133 | AH60: 0.0020461179 | AI60: 0.0016913087 | AJ60: 0.0047958587 | AK60: 0.0015780827 | AL60: 0.0087552073 | AM60: 0.013097621 | AN60: 0.014583322 | AO60: 0.0007748479 | AP60: 0.00061845154 | AQ60: 0.0018679861 | AR60: 0.00094079331 | AS60: 0.00016318626 | AT60: 0.00014163181 | AU60: 0.0015314602 | AV60: 0.00010169112 | AW60: 0.00011907735 | AX60: 0.0014868889 | AY60: 0.0055936623 | AZ60: 0.015540245 | BA60: 0.0062416001 | BB60: 0.30355959 | BC60: 0.032114303 | BD60: 0.016514193 | BE60: 0.00491092 | BF60: 0.0034235241 | BG60: 0.0051609125 | BH60: 0.035168724 | BI60: 0.018715331 | BJ60: 0.00037496105 | BK60: 0.0013052814 | BL60: 0.0043064516 | BM60: 0.0032150834 | BN60: 0.0053803238 | BO60: 0.0087659467
A61: 2026
A62: 2027
A63: 2028
A64: 2029
A65: 2030
A66: 2031
A67: 2032
A68: 2033
A69: 2034
A70: 2035
A71: 2036
A72: 2037
... A135: 2100

Sheet O3s
A1: Data series on Output: Country and Region Output Shares in "Manufacturing" Sector (current price MER).
A4: Year | B4: World | C4: Europe | D4: North America/ Oceania | E4: Latin America | F4: Middle East/North Africa | G4: Subsaharan Africa | H4: Russia/ Central Asia | I4: East Asia | J4: South & South-East Asia | K4: DE | L4: DK | M4: ES | N4: FR | O4: GB | P4: IT | Q4: NL | R4: NO | S4: SE | T4: OC | U4: QM | V4: US | W4: CA | X4: AU | Y4: NZ | Z4: OH | AA4: AR | AB4: BR | AC4: CL | AD4: CO | AE4: MX | AF4: OD | AG4: AE | AH4: DZ | AI4: EG | AJ4: IR | AK4: MA | AL4: SA | AM4: TR | AN4: OE | AO4: CD | AP4: CI | AQ4: ET | AR4: KE | AS4: ML | AT4: NE | AU4: NG | AV4: RW | AW4: SD | AX4: ZA | AY4: OJ | AZ4: RU | BA4: OA | BB4: CN | BC4: JP | BD4: KR | BE4: TW | BF4: OB | BG4: BD | BH4: IN | BI4: ID | BJ4: MM | BK4: PK | BL4: PH | BM4: TH | BN4: VN | BO4: OI
A5: 1970 | B5: =SUM(C5:J5) -> 1 | C5: =SUM(K5:U5) -> 0.30501255 | D5: =SUM(V5:Z5) -> 0.27321454 | E5: =SUM(AA5:AF5) -> 0.040779755 | F5: =SUM(AG5:AN5) -> 0.024355775 | G5: =SUM(AO5:AY5) -> 0.015662129 | H5: =SUM(AZ5:BA5) -> 0.14627619 | I5: =SUM(BB5:BF5) -> 0.16850725 | J5: =SUM(BG5:BO5) -> 0.026191812 | K5: 0.086149187 | L5: 0.0029479592 | M5: 0.013695892 | N5: 0.039678689 | O5: 0.038994531 | P5: 0.037950134 | Q5: 0.006555497 | R5: 0.0028462732 | S5: 0.0086262031 | T5: 0.032835422 | U5: 0.028819097 | V5: 0.24221744 | W5: 0.013629455 | X5: 0.010113702 | Y5: 0.0014296655 | Z5: 0.00052711175 | AA5: 0.0069790003 | AB5: 0.0095684751 | AC5: 0.0013565285 | AD5: 0.0018952255 | AE5: 0.017916067 | AF5: 0.012725319 | AG5: 0.00018415706 | AH5: 0.0013676085 | AI5: 0.002044785 | AJ5: 0.0027833423 | AK5: 0.0014042019 | AL5: 0.00083811866 | AM5: 0.008434284 | AN5: 0.0068270604 | AO5: 0.00061256313 | AP5: 0.00026393008 | AQ5: 0.00046161105 | AR5: 0.00053780789 | AS5: 6.244769e-05 | AT5: 0.00011325063 | AU5: 0.0057284956 | AV5: 4.4406274e-05 | AW5: 0.00015448716 | AX5: 0.0037525147 | AY5: 0.0061112695 | AZ5: 0.10469015 | BA5: 0.045202453 | BB5: 0.0375743 | BC5: 0.11884912 | BD5: 0.0028892854 | BE5: 0.0026805504 | BF5: 0.0032469305 | BG5: 0.0010717044 | BH5: 0.014500919 | BI5: 0.002023274 | BJ5: 0.00025246146 | BK5: 0.0020700837 | BL5: 0.0012912058 | BM5: 0.0013463156 | BN5: 0.00048074469 | BO5: 0.0026472894
A6: 1971 | B6: =SUM(C6:J6) -> 1 | C6: =SUM(K6:U6) -> 0.30770361 | D6: =SUM(V6:Z6) -> 0.26554573 | E6: =SUM(AA6:AF6) -> 0.041637495 | F6: =SUM(AG6:AN6) -> 0.024881054 | G6: =SUM(AO6:AY6) -> 0.017304675 | H6: =SUM(AZ6:BA6) -> 0.14277323 | I6: =SUM(BB6:BF6) -> 0.16891153 | J6: =SUM(BG6:BO6) -> 0.031242681 | K6: 0.088148323 | L6: 0.0029026574 | M6: 0.013977312 | N6: 0.040933415 | O6: 0.038394914 | P6: 0.036959029 | Q6: 0.0078675551 | R6: 0.0029741363 | S6: 0.008277723 | T6: 0.034458959 | U6: 0.029046312 | V6: 0.23591072 | W6: 0.014153817 | X6: 0.010130842 | Y6: 0.0015560251 | Z6: 0.00054665151 | AA6: 0.0075303253 | AB6: 0.0097672462 | AC6: 0.0014745692 | AD6: 0.0018634539 | AE6: 0.017751767 | AF6: 0.012771454 | AG6: 0.00023780269 | AH6: 0.0013410687 | AI6: 0.0020541391 | AJ6: 0.0032817555 | AK6: 0.0014077942 | AL6: 0.0010569242 | AM6: 0.0075403596 | AN6: 0.00765691 | AO6: 0.00068638665 | AP6: 0.00027834461 | AQ6: 0.0004784317 | AR6: 0.00059737211 | AS6: 6.8758222e-05 | AT6: 0.0001216418 | AU6: 0.006614609 | AV6: 5.3500676e-05 | AW6: 0.00016871158 | AX6: 0.0041953816 | AY6: 0.0066619115 | AZ6: 0.097832537 | BA6: 0.042562171 | BB6: 0.038481871 | BC6: 0.11849794 | BD6: 0.0030831389 | BE6: 0.0033120393 | BF6: 0.0034707194 | BG6: 0.00093236329 | BH6: 0.018835438 | BI6: 0.0021503917 | BJ6: 0.000260583 | BK6: 0.0022371982 | BL6: 0.0014529271 | BM6: 0.0014884304 | BN6: 0.00053910392 | BO6: 0.0029641415
A7: 1972 | B7: =SUM(C7:J7) -> 1 | C7: =SUM(K7:U7) -> 0.30976177 | D7: =SUM(V7:Z7) -> 0.25796698 | E7: =SUM(AA7:AF7) -> 0.044294724 | F7: =SUM(AG7:AN7) -> 0.026452606 | G7: =SUM(AO7:AY7) -> 0.015991397 | H7: =SUM(AZ7:BA7) -> 0.1389565 | I7: =SUM(BB7:BF7) -> 0.17978429 | J7: =SUM(BG7:BO7) -> 0.026791723 | K7: 0.088401048 | L7: 0.0028951805 | M7: 0.016049302 | N7: 0.042936606 | O7: 0.036016475 | P7: 0.036904634 | Q7: 0.0088879092 | R7: 0.0030132106 | S7: 0.0084454318 | T7: 0.035309811 | U7: 0.028029281 | V7: 0.22921567 | W7: 0.014239529 | X7: 0.0099305126 | Y7: 0.0016323593 | Z7: 0.00055639538 | AA7: 0.009696429 | AB7: 0.011049222 | AC7: 0.0013809087 | AD7: 0.0017903932 | AE7: 0.017101775 | AF7: 0.012289931 | AG7: 0.00031226331 | AH7: 0.0015649312 | AI7: 0.001808586 | AJ7: 0.0035764274 | AK7: 0.0014654262 | AL7: 0.0012417273 | AM7: 0.0083288518 | AN7: 0.0079090585 | AO7: 0.00062507769 | AP7: 0.00026627108 | AQ7: 0.000441285 | AR7: 0.00055289296 | AS7: 6.9881766e-05 | AT7: 0.00012590397 | AU7: 0.006593093 | AV7: 4.9694183e-05 | AW7: 0.00016229331 | AX7: 0.0036745718 | AY7: 0.0060554411 | AZ7: 0.093296317 | BA7: 0.041447862 | BB7: 0.038484552 | BC7: 0.12976193 | BD7: 0.0031411042 | BE7: 0.0031390814 | BF7: 0.0035902204 | BG7: 0.00099502132 | BH7: 0.015992963 | BI7: 0.0021037883 | BJ7: 0.00020007504 | BK7: 0.0011820874 | BL7: 0.0013156025 | BM7: 0.0014389856 | BN7: 0.00048878552 | BO7: 0.0028259339
A8: 1973 | B8: =SUM(C8:J8) -> 1 | C8: =SUM(K8:U8) -> 0.32173422 | D8: =SUM(V8:Z8) -> 0.23859945 | E8: =SUM(AA8:AF8) -> 0.048139954 | F8: =SUM(AG8:AN8) -> 0.026734079 | G8: =SUM(AO8:AY8) -> 0.014276153 | H8: =SUM(AZ8:BA8) -> 0.12963892 | I8: =SUM(BB8:BF8) -> 0.19711567 | J8: =SUM(BG8:BO8) -> 0.023761554 | K8: 0.093456435 | L8: 0.0032645764 | M8: 0.01743239 | N8: 0.045164314 | O8: 0.034999725 | P8: 0.037225061 | Q8: 0.0091332535 | R8: 0.0031130408 | S8: 0.0089463631 | T8: 0.038508946 | U8: 0.026875766 | V8: 0.20901562 | W8: 0.013220759 | X8: 0.011446049 | Y8: 0.0016586326 | Z8: 0.00057797089 | AA8: 0.013154501 | AB8: 0.012744373 | AC8: 0.0015679373 | AD8: 0.0016879438 | AE8: 0.016976941 | AF8: 0.011541182 | AG8: 0.00047066917 | AH8: 0.001565002 | AI8: 0.0016215522 | AJ8: 0.0042852324 | AK8: 0.0013896726 | AL8: 0.0014956379 | AM8: 0.0082030095 | AN8: 0.0074029742 | AO8: 0.00058072103 | AP8: 0.00026029278 | AQ8: 0.00038147448 | AR8: 0.00047664588 | AS8: 5.8999264e-05 | AT8: 9.7810081e-05 | AU8: 0.0054818478 | AV8: 4.4945672e-05 | AW8: 0.00014968381 | AX8: 0.0037095202 | AY8: 0.0051948639 | AZ8: 0.087983662 | BA8: 0.0390381 | BB8: 0.037436686 | BC8: 0.14611839 | BD8: 0.0038965095 | BE8: 0.0039363601 | BF8: 0.0035133345 | BG8: 0.0011230594 | BH8: 0.013179678 | BI8: 0.0022909553 | BJ8: 0.00018761222 | BK8: 0.00096024276 | BL8: 0.0012225389 | BM8: 0.0014558273 | BN8: 0.00037815437 | BO8: 0.002696549
A9: 1974 | B9: =SUM(C9:J9) -> 1 | C9: =SUM(K9:U9) -> 0.33156724 | D9: =SUM(V9:Z9) -> 0.23315153 | E9: =SUM(AA9:AF9) -> 0.051796549 | F9: =SUM(AG9:AN9) -> 0.037285152 | G9: =SUM(AO9:AY9) -> 0.015993349 | H9: =SUM(AZ9:BA9) -> 0.11462459 | I9: =SUM(BB9:BF9) -> 0.18962901 | J9: =SUM(BG9:BO9) -> 0.025952568 | K9: 0.096777297 | L9: 0.0032292096 | M9: 0.018839045 | N9: 0.044372953 | O9: 0.034294136 | P9: 0.041445115 | Q9: 0.009617328 | R9: 0.0034024649 | S9: 0.0098452757 | T9: 0.042315321 | U9: 0.027452441 | V9: 0.20478577 | W9: 0.014082985 | X9: 0.011931303 | Y9: 0.0017357009 | Z9: 0.00063219458 | AA9: 0.014518843 | AB9: 0.014073594 | AC9: 0.0012320703 | AD9: 0.0016362724 | AE9: 0.018413355 | AF9: 0.012426254 | AG9: 0.0011693904 | AH9: 0.0020256488 | AI9: 0.0016940422 | AJ9: 0.0064317117 | AK9: 0.0015296683 | AL9: 0.0041001903 | AM9: 0.010260661 | AN9: 0.010076464 | AO9: 0.00061220252 | AP9: 0.00026878452 | AQ9: 0.00035118602 | AR9: 0.00048946583 | AS9: 4.7865663e-05 | AT9: 9.7107522e-05 | AU9: 0.0076182561 | AV9: 5.1344819e-05 | AW9: 0.00016150544 | AX9: 0.0040698909 | AY9: 0.0052720444 | AZ9: 0.070177409 | BA9: 0.030839478 | BB9: 0.03351447 | BC9: 0.14378155 | BD9: 0.0050294312 | BE9: 0.0037227231 | BF9: 0.0035941877 | BG9: 0.0014794797 | BH9: 0.013527774 | BI9: 0.0031709228 | BJ9: 0.00019652094 | BK9: 0.0010812653 | BL9: 0.0014640544 | BM9: 0.0016829055 | BN9: 0.00036053184 | BO9: 0.0029909415
A10: 1975 | B10: =SUM(C10:J10) -> 1 | C10: =SUM(K10:U10) -> 0.34572856 | D10: =SUM(V10:Z10) -> 0.22340958 | E10: =SUM(AA10:AF10) -> 0.047186032 | F10: =SUM(AG10:AN10) -> 0.040141614 | G10: =SUM(AO10:AY10) -> 0.018524227 | H10: =SUM(AZ10:BA10) -> 0.11675426 | I10: =SUM(BB10:BF10) -> 0.1797596 | J10: =SUM(BG10:BO10) -> 0.02849612 | K10: 0.09723737 | L10: 0.0034788597 | M10: 0.018938171 | N10: 0.049130817 | O10: 0.035952079 | P10: 0.041918075 | Q10: 0.010756456 | R10: 0.0039697626 | S10: 0.010446328 | T10: 0.043645456 | U10: 0.028609091 | V10: 0.19488527 | W10: 0.013236252 | X10: 0.012034556 | Y10: 0.0015586611 | Z10: 0.00063113836 | AA10: 0.0056219784 | AB10: 0.015762871 | AC10: 0.00055615919 | AD10: 0.0016787718 | AE10: 0.021362992 | AF10: 0.01346733 | AG10: 0.0013767492 | AH10: 0.0022078971 | AI10: 0.001814955 | AJ10: 0.0072177419 | AK10: 0.0016522123 | AL10: 0.0039298234 | AM10: 0.012008937 | AN10: 0.009742174 | AO10: 0.00066173339 | AP10: 0.0003413253 | AQ10: 0.00037006757 | AR10: 0.0005444427 | AS10: 7.2203559e-05 | AT10: 0.00012531727 | AU10: 0.009744933 | AV10: 6.2214241e-05 | AW10: 0.00020193133 | AX10: 0.0043086786 | AY10: 0.0058180603 | AZ10: 0.073478097 | BA10: 0.032177896 | BB10: 0.038787045 | BC10: 0.12791469 | BD10: 0.0052539595 | BE10: 0.0033281784 | BF10: 0.0036198456 | BG10: 0.0011894583 | BH10: 0.014630177 | BI10: 0.0038302599 | BJ10: 0.00018539444 | BK10: 0.001337734 | BL10: 0.0016244676 | BM10: 0.0019425572 | BN10: 0.00040455611 | BO10: 0.0032158377
A11: 1976 | B11: =SUM(C11:J11) -> 1 | C11: =SUM(K11:U11) -> 0.33274663 | D11: =SUM(V11:Z11) -> 0.23554416 | E11: =SUM(AA11:AF11) -> 0.04911304 | F11: =SUM(AG11:AN11) -> 0.044942931 | G11: =SUM(AO11:AY11) -> 0.018770017 | H11: =SUM(AZ11:BA11) -> 0.10853265 | I11: =SUM(BB11:BF11) -> 0.18210437 | J11: =SUM(BG11:BO11) -> 0.028246207 | K11: 0.096977893 | L11: 0.0036537283 | M11: 0.017693947 | N11: 0.048069498 | O11: 0.0313397 | P11: 0.040170574 | Q11: 0.0099231188 | R11: 0.0038105431 | S11: 0.010458498 | T11: 0.041979271 | U11: 0.027395269 | V11: 0.20637091 | W11: 0.014312449 | X11: 0.011975696 | Y11: 0.0013823197 | Z11: 0.00060053037 | AA11: 0.0072883207 | AB11: 0.016643602 | AC11: 0.00071537957 | AD11: 0.0018472801 | AE11: 0.019115251 | AF11: 0.013945409 | AG11: 0.0016930583 | AH11: 0.0023737781 | AI11: 0.0021122973 | AJ11: 0.0086072617 | AK11: 0.0016489792 | AL11: 0.0050751443 | AM11: 0.013058595 | AN11: 0.010201663 | AO11: 0.00058177753 | AP11: 0.0003766301 | AQ11: 0.00038406695 | AR11: 0.00054135453 | AS11: 7.9778132e-05 | AT11: 0.00013835948 | AU11: 0.011008504 | AV11: 6.4730608e-05 | AW11: 0.00023491497 | AX11: 0.0038992905 | AY11: 0.0056191948 | AZ11: 0.067403296 | BA11: 0.02968331 | BB11: 0.032655219 | BC11: 0.13326487 | BD11: 0.0071265655 | BE11: 0.0043107727 | BF11: 0.0040493883 | BG11: 0.0008488125 | BH11: 0.013547502 | BI11: 0.004413624 | BJ11: 0.00019620539 | BK11: 0.0014579202 | BL11: 0.0017626732 | BM11: 0.0021649377 | BN11: 0.00045040194 | BO11: 0.003295933
A12: 1977 | B12: =SUM(C12:J12) -> 1 | C12: =SUM(K12:U12) -> 0.33246231 | D12: =SUM(V12:Z12) -> 0.23500948 | E12: =SUM(AA12:AF12) -> 0.045635698 | F12: =SUM(AG12:AN12) -> 0.045502 | G12: =SUM(AO12:AY12) -> 0.019427378 | H12: =SUM(AZ12:BA12) -> 0.10102488 | I12: =SUM(BB12:BF12) -> 0.18967697 | J12: =SUM(BG12:BO12) -> 0.031261292 | K12: 0.096045409 | L12: 0.0033982338 | M12: 0.01690172 | N12: 0.046004896 | O12: 0.033436702 | P12: 0.040568195 | Q12: 0.010424015 | R12: 0.0039171513 | S12: 0.0097642693 | T12: 0.041966217 | U12: 0.028282859 | V12: 0.20809167 | W12: 0.013044501 | X12: 0.010710343 | Y12: 0.0013514643 | Z12: 0.00057260151 | AA12: 0.0060851278 | AB12: 0.016133593 | AC12: 0.00086198642 | AD12: 0.0020798657 | AE12: 0.01608928 | AF12: 0.013885281 | AG12: 0.0018954272 | AH12: 0.0024277092 | AI12: 0.0022828669 | AJ12: 0.0089945654 | AK12: 0.0016318002 | AL12: 0.0050959096 | AM12: 0.012981536 | AN12: 0.0099523132 | AO12: 0.00067931955 | AP12: 0.00045626108 | AQ12: 0.0003852011 | AR12: 0.00063858962 | AS12: 8.4723306e-05 | AT12: 0.00014909531 | AU12: 0.011602883 | AV12: 6.9158336e-05 | AW12: 0.00025877083 | AX12: 0.003992497 | AY12: 0.005436018 | AZ12: 0.063667438 | BA12: 0.027928995 | BB12: 0.033368107 | BC12: 0.13788934 | BD12: 0.007670585 | BE12: 0.0056669122 | BF12: 0.0040821037 | BG12: 0.00089742743 | BH12: 0.0151734 | BI12: 0.0049979647 | BJ12: 0.00018911278 | BK12: 0.0015601427 | BL12: 0.0018726968 | BM12: 0.0024038375 | BN12: 0.00050153316 | BO12: 0.0035003774
A13: 1978 | B13: =SUM(C13:J13) -> 1 | C13: =SUM(K13:U13) -> 0.33417935 | D13: =SUM(V13:Z13) -> 0.22654596 | E13: =SUM(AA13:AF13) -> 0.045512733 | F13: =SUM(AG13:AN13) -> 0.039204324 | G13: =SUM(AO13:AY13) -> 0.018750632 | H13: =SUM(AZ13:BA13) -> 0.089730736 | I13: =SUM(BB13:BF13) -> 0.21303318 | J13: =SUM(BG13:BO13) -> 0.033043081 | K13: 0.095781364 | L13: 0.0034364946 | M13: 0.016790492 | N13: 0.046382557 | O13: 0.035522147 | P13: 0.04141242 | Q13: 0.010209098 | R13: 0.0036356481 | S13: 0.0088227049 | T13: 0.041431703 | U13: 0.027092345 | V13: 0.19894867 | W13: 0.01348842 | X13: 0.0097361998 | Y13: 0.0013386527 | Z13: 0.0005512338 | AA13: 0.0064941162 | AB13: 0.015916872 | AC13: 0.00083234464 | AD13: 0.002075916 | AE13: 0.017313972 | AF13: 0.012664176 | AG13: 0.0014216282 | AH13: 0.002393274 | AI13: 0.0021645023 | AJ13: 0.0071302167 | AK13: 0.0015219298 | AL13: 0.004333309 | AM13: 0.011336127 | AN13: 0.0084736849 | AO13: 0.00081116256 | AP13: 0.00047804003 | AQ13: 0.00035060053 | AR13: 0.00063606786 | AS13: 8.2605762e-05 | AT13: 0.00016981022 | AU13: 0.010810301 | AV13: 7.0574562e-05 | AW13: 0.00023503315 | AX13: 0.0039033362 | AY13: 0.0051327821 | AZ13: 0.059241736 | BA13: 0.026046296 | BB13: 0.036233341 | BC13: 0.15547431 | BD13: 0.0092254862 | BE13: 0.0061322958 | BF13: 0.0036330531 | BG13: 0.00094698461 | BH13: 0.01700801 | BI13: 0.0047677301 | BJ13: 0.00017999099 | BK13: 0.0015051805 | BL13: 0.0018441107 | BM13: 0.0025600703 | BN13: 0.00052085427 | BO13: 0.0033480202
A14: 1979 | B14: =SUM(C14:J14) -> 1 | C14: =SUM(K14:U14) -> 0.35149067 | D14: =SUM(V14:Z14) -> 0.21707531 | E14: =SUM(AA14:AF14) -> 0.048526633 | F14: =SUM(AG14:AN14) -> 0.042755634 | G14: =SUM(AO14:AY14) -> 0.018852264 | H14: =SUM(AZ14:BA14) -> 0.082097126 | I14: =SUM(BB14:BF14) -> 0.20662102 | J14: =SUM(BG14:BO14) -> 0.032581347 | K14: 0.10082443 | L14: 0.0035836792 | M14: 0.018882446 | N14: 0.048041239 | O14: 0.038271114 | P14: 0.046210167 | Q14: 0.011134757 | R14: 0.0034534177 | S14: 0.0094526997 | T14: 0.041408133 | U14: 0.025139752 | V14: 0.19039634 | W14: 0.011830805 | X14: 0.0098551211 | Y14: 0.0012928941 | Z14: 0.00055736875 | AA14: 0.0092228799 | AB14: 0.01516239 | AC14: 0.00097490443 | AD14: 0.0021653712 | AE14: 0.020465782 | AF14: 0.013025878 | AG14: 0.0015983122 | AH14: 0.0025791512 | AI14: 0.0012909411 | AJ14: 0.0068082856 | AK14: 0.0015537154 | AL14: 0.0051787255 | AM14: 0.013362455 | AN14: 0.0097650385 | AO14: 0.00067309881 | AP14: 0.00046237102 | AQ14: 0.00032097104 | AR14: 0.00061771596 | AS14: 8.8435112e-05 | AT14: 0.00018822828 | AU14: 0.010992217 | AV14: 7.319133e-05 | AW14: 0.00021258291 | AX14: 0.0041195983 | AY14: 0.0050153823 | AZ14: 0.054084647 | BA14: 0.023924136 | BB14: 0.037877126 | BC14: 0.14562931 | BD14: 0.010325591 | BE14: 0.0061370809 | BF14: 0.0036604842 | BG14: 0.00089959765 | BH14: 0.016923342 | BI14: 0.0040705338 | BJ14: 0.00017549495 | BK14: 0.0014837165 | BL14: 0.0019154897 | BM14: 0.0025735415 | BN14: 0.00049300068 | BO14: 0.0035749221
A15: 1980 | B15: =SUM(C15:J15) -> 1 | C15: =SUM(K15:U15) -> 0.35380351 | D15: =SUM(V15:Z15) -> 0.20735191 | E15: =SUM(AA15:AF15) -> 0.050165425 | F15: =SUM(AG15:AN15) -> 0.044055487 | G15: =SUM(AO15:AY15) -> 0.021474005 | H15: =SUM(AZ15:BA15) -> 0.079366939 | I15: =SUM(BB15:BF15) -> 0.20770967 | J15: =SUM(BG15:BO15) -> 0.036073052 | K15: 0.099935661 | L15: 0.0034384806 | M15: 0.018025553 | N15: 0.048370335 | O15: 0.040653634 | P15: 0.051232864 | Q15: 0.010787862 | R15: 0.0036790819 | S15: 0.0088741031 | T15: 0.041703831 | U15: 0.021775814 | V15: 0.17979645 | W15: 0.011884439 | X15: 0.010542555 | Y15: 0.0013924831 | Z15: 0.00061442935 | AA15: 0.011666807 | AB15: 0.012506699 | AC15: 0.0011597871 | AD15: 0.0023087592 | AE15: 0.025489971 | AF15: 0.013953607 | AG15: 0.0020979167 | AH15: 0.0030855183 | AI15: 0.0016148856 | AJ15: 0.0068956649 | AK15: 0.0017133763 | AL15: 0.0071742247 | AM15: 0.0095010388 | AN15: 0.011309634 | AO15: 0.00057766868 | AP15: 0.00045642267 | AQ15: 0.00030446063 | AR15: 0.00064637038 | AS15: 9.2627827e-05 | AT15: 0.00020597393 | AU15: 0.012712646 | AV15: 7.4376055e-05 | AW15: 0.00021113534 | AX15: 0.0053826813 | AY15: 0.0052715637 | AZ15: 0.049259552 | BA15: 0.021506329 | BB15: 0.039945818 | BC15: 0.14422588 | BD15: 0.0093859949 | BE15: 0.0068283238 | BF15: 0.0041967105 | BG15: 0.00094161533 | BH15: 0.018606653 | BI15: 0.0052054496 | BJ15: 0.00017630239 | BK15: 0.0016032313 | BL15: 0.0020561353 | BM15: 0.0028252119 | BN15: 0.00015190172 | BO15: 0.0039634946
A16: 1981 | B16: =SUM(C16:J16) -> 1 | C16: =SUM(K16:U16) -> 0.3178155 | D16: =SUM(V16:Z16) -> 0.22556376 | E16: =SUM(AA16:AF16) -> 0.055839175 | F16: =SUM(AG16:AN16) -> 0.046696094 | G16: =SUM(AO16:AY16) -> 0.02082944 | H16: =SUM(AZ16:BA16) -> 0.075921979 | I16: =SUM(BB16:BF16) -> 0.21710478 | J16: =SUM(BG16:BO16) -> 0.040229275 | K16: 0.085677828 | L16: 0.003299768 | M16: 0.015905626 | N16: 0.042674612 | O16: 0.036025807 | P16: 0.04598522 | Q16: 0.010535433 | R16: 0.0038567367 | S16: 0.0080410144 | T16: 0.038629603 | U16: 0.023562864 | V16: 0.19529716 | W16: 0.013558759 | X16: 0.012172887 | Y16: 0.0013969071 | Z16: 0.00056811693 | AA16: 0.0091056128 | AB16: 0.013814452 | AC16: 0.0013463558 | AD16: 0.0024296426 | AE16: 0.03160257 | AF16: 0.014898356 | AG16: 0.0024069651 | AH16: 0.0032775776 | AI16: 0.0020594236 | AJ16: 0.0073331145 | AK16: 0.0013982709 | AL16: 0.008162879 | AM16: 0.010037176 | AN16: 0.011488661 | AO16: 0.00051116115 | AP16: 0.00037366241 | AQ16: 0.00031652158 | AR16: 0.00061016152 | AS16: 8.5520749e-05 | AT16: 0.00017981777 | AU16: 0.011677696 | AV16: 8.348607e-05 | AW16: 0.00025198019 | AX16: 0.0055934106 | AY16: 0.0053508078 | AZ16: 0.044472937 | BA16: 0.019541286 | BB16: 0.03793111 | BC16: 0.15298384 | BD16: 0.010834783 | BE16: 0.0082876514 | BF16: 0.0045938405 | BG16: 0.00093126616 | BH16: 0.020274006 | BI16: 0.0066760648 | BJ16: 0.00017891049 | BK16: 0.0019002548 | BL16: 0.0022896049 | BM16: 0.0031632673 | BN16: 0.00012223235 | BO16: 0.0042353217
... A60: 2025 | B60: =SUM(C60:J60) -> 1 | C60: =SUM(K60:U60) -> 0.20845272 | D60: =SUM(V60:Z60) -> 0.13970268 | E60: =SUM(AA60:AF60) -> 0.054635618 | F60: =SUM(AG60:AN60) -> 0.040436197 | G60: =SUM(AO60:AY60) -> 0.0094041737 | H60: =SUM(AZ60:BA60) -> 0.019559527 | I60: =SUM(BB60:BF60) -> 0.4416535 | J60: =SUM(BG60:BO60) -> 0.086155585 | K60: 0.051551871 | L60: 0.0029057605 | M60: 0.010792652 | N60: 0.019292373 | O60: 0.015272426 | P60: 0.03050086 | Q60: 0.0090043189 | R60: 0.001840507 | S60: 0.0049291103 | T60: 0.030806687 | U60: 0.031632693 | V60: 0.1232416 | W60: 0.0099397788 | X60: 0.0054760061 | Y60: 0.00082490757 | Z60: 0.00027168294 | AA60: 0.0044914242 | AB60: 0.015284491 | AC60: 0.0010254474 | AD60: 0.0016549903 | AE60: 0.020433707 | AF60: 0.011765619 | AG60: 0.0021794484 | AH60: 0.0013523675 | AI60: 0.0016030601 | AJ60: 0.0031697896 | AK60: 0.00097962299 | AL60: 0.0038640357 | AM60: 0.017326272 | AN60: 0.0099764479 | AO60: 0.00013765755 | AP60: 0.00032390846 | AQ60: 0.0010737805 | AR60: 0.00054079928 | AS60: 9.3804889e-05 | AT60: 8.1414673e-05 | AU60: 0.0010424361 | AV60: 5.8455435e-05 | AW60: 6.8449619e-05 | AX60: 0.0023463094 | AY60: 0.00327343 | AZ60: 0.014221305 | BA60: 0.0053454044 | BB60: 0.34827307 | BC60: 0.048843307 | BD60: 0.02783406 | BE60: 0.011117173 | BF60: 0.0057480573 | BG60: 0.0040075051 | BH60: 0.040189532 | BI60: 0.0096279661 | BJ60: 0.00040653244 | BK60: 0.0026906572 | BL60: 0.0022070587 | BM60: 0.0069269602 | BN60: 0.010654154 | BO60: 0.0094768537
A61: 2026
A62: 2027
A63: 2028
A64: 2029
A65: 2030
A66: 2031
A67: 2032
A68: 2033
A69: 2034
A70: 2035
A71: 2036
A72: 2037
... A135: 2100

Sheet O4s
A1: Data series on Output: Country and Region Output Shares in "Energy" Sector (current price MER).
A4: Year | B4: World | C4: Europe | D4: North America/ Oceania | E4: Latin America | F4: Middle East/North Africa | G4: Subsaharan Africa | H4: Russia/ Central Asia | I4: East Asia | J4: South & South-East Asia | K4: DE | L4: DK | M4: ES | N4: FR | O4: GB | P4: IT | Q4: NL | R4: NO | S4: SE | T4: OC | U4: QM | V4: US | W4: CA | X4: AU | Y4: NZ | Z4: OH | AA4: AR | AB4: BR | AC4: CL | AD4: CO | AE4: MX | AF4: OD | AG4: AE | AH4: DZ | AI4: EG | AJ4: IR | AK4: MA | AL4: SA | AM4: TR | AN4: OE | AO4: CD | AP4: CI | AQ4: ET | AR4: KE | AS4: ML | AT4: NE | AU4: NG | AV4: RW | AW4: SD | AX4: ZA | AY4: OJ | AZ4: RU | BA4: OA | BB4: CN | BC4: JP | BD4: KR | BE4: TW | BF4: OB | BG4: BD | BH4: IN | BI4: ID | BJ4: MM | BK4: PK | BL4: PH | BM4: TH | BN4: VN | BO4: OI
A5: 1970 | B5: =SUM(C5:J5) -> 1 | C5: =SUM(K5:U5) -> 0.11665054 | D5: =SUM(V5:Z5) -> 0.098970973 | E5: =SUM(AA5:AF5) -> 0.040688588 | F5: =SUM(AG5:AN5) -> 0.053128273 | G5: =SUM(AO5:AY5) -> 0.19446546 | H5: =SUM(AZ5:BA5) -> 0.41807935 | I5: =SUM(BB5:BF5) -> 0.066109279 | J5: =SUM(BG5:BO5) -> 0.011907548 | K5: 0.029097386 | L5: 0.0024626325 | M5: 0.0056364786 | N5: 0.034056868 | O5: 0.0092420444 | P5: 0.039006693 | Q5: 0.0048752909 | R5: 0.004380307 | S5: 0.0096452274 | T5: 0.017638779 | U5: 0.019752277 | V5: 0.1245791 | W5: 0.012600006 | X5: 0.010782597 | Y5: 0.00076269953 | Z5: 0.00042623746 | AA5: 0.0085926422 | AB5: 0.0093693954 | AC5: 0.0026438938 | AD5: 0.0075640087 | AE5: 0.0061783839 | AF5: 0.013787941 | AG5: 0.0036220416 | AH5: 0.0093084427 | AI5: 0.0037027035 | AJ5: 0.018944444 | AK5: 0.0010040268 | AL5: 0.006448052 | AM5: 0.0076218113 | AN5: 0.029413526 | AO5: 0.00068711799 | AP5: 3.0798883e-05 | AQ5: 0.00034877802 | AR5: 0.00040634983 | AS5: 4.7183406e-05 | AT5: 8.5568426e-05 | AU5: 0.045977734 | AV5: 3.355191e-05 | AW5: 0.00011672538 | AX5: 0.0057570891 | AY5: 0.0048483411 | AZ5: 0.30564238 | BA5: 0.065300007 | BB5: 0.03729315 | BC5: 0.057189198 | BD5: 0.0016981893 | BE5: 0.00072818795 | BF5: 0.0027188798 | BG5: 0.00032846642 | BH5: 0.0081460009 | BI5: 0.0037988152 | BJ5: 8.0606073e-05 | BK5: 0.0010007196 | BL5: 0.0012689855 | BM5: 0.00082599132 | BN5: 0.00046679951 | BO5: 0.0020284562
A6: 1971 | B6: =SUM(C6:J6) -> 1 | C6: =SUM(K6:U6) -> 0.12076069 | D6: =SUM(V6:Z6) -> 0.096347223 | E6: =SUM(AA6:AF6) -> 0.038759853 | F6: =SUM(AG6:AN6) -> 0.057608684 | G6: =SUM(AO6:AY6) -> 0.19936561 | H6: =SUM(AZ6:BA6) -> 0.40246375 | I6: =SUM(BB6:BF6) -> 0.072318425 | J6: =SUM(BG6:BO6) -> 0.012375765 | K6: 0.029142763 | L6: 0.0024944888 | M6: 0.0056785641 | N6: 0.033587235 | O6: 0.0098211369 | P6: 0.041088478 | Q6: 0.0058811326 | R6: 0.0046139525 | S6: 0.010240072 | T6: 0.018577596 | U6: 0.020138363 | V6: 0.11931431 | W6: 0.012669754 | X6: 0.011363429 | Y6: 0.00083174781 | Z6: 0.00043952637 | AA6: 0.0091845062 | AB6: 0.0091425579 | AC6: 0.0027738036 | AD6: 0.0073342879 | AE6: 0.0063532355 | AF6: 0.013627853 | AG6: 0.004573737 | AH6: 0.0089259738 | AI6: 0.0036700062 | AJ6: 0.021842926 | AK6: 0.00096892268 | AL6: 0.0079296512 | AM6: 0.0063501339 | AN6: 0.032210229 | AO6: 0.00076069721 | AP6: 3.079374e-05 | AQ6: 0.0003571539 | AR6: 0.00044594406 | AS6: 5.1328678e-05 | AT6: 9.0806785e-05 | AU6: 0.046786161 | AV6: 3.9938772e-05 | AW6: 0.00012594482 | AX6: 0.0064433649 | AY6: 0.0052034439 | AZ6: 0.28973597 | BA6: 0.062030718 | BB6: 0.036587592 | BC6: 0.066753829 | BD6: 0.0016669913 | BE6: 0.00080394181 | BF6: 0.0027387887 | BG6: 0.00027679449 | BH6: 0.0085111348 | BI6: 0.0038874684 | BJ6: 7.8428612e-05 | BK6: 0.001037149 | BL6: 0.0012965813 | BM6: 0.00081780559 | BN6: 0.00051147017 | BO6: 0.0021593942
A7: 1972 | B7: =SUM(C7:J7) -> 1 | C7: =SUM(K7:U7) -> 0.12163754 | D7: =SUM(V7:Z7) -> 0.094016329 | E7: =SUM(AA7:AF7) -> 0.038074146 | F7: =SUM(AG7:AN7) -> 0.063280146 | G7: =SUM(AO7:AY7) -> 0.19644729 | H7: =SUM(AZ7:BA7) -> 0.39682653 | I7: =SUM(BB7:BF7) -> 0.078304322 | J7: =SUM(BG7:BO7) -> 0.011413689 | K7: 0.032605496 | L7: 0.0024771679 | M7: 0.0062296616 | N7: 0.032471396 | O7: 0.0095273287 | P7: 0.041759008 | Q7: 0.0066430784 | R7: 0.0045749587 | S7: 0.010071165 | T7: 0.01883422 | U7: 0.019094029 | V7: 0.11540116 | W7: 0.013004066 | X7: 0.012757511 | Y7: 0.00084654908 | Z7: 0.00043058476 | AA7: 0.011399473 | AB7: 0.0095336908 | AC7: 0.0024391495 | AD7: 0.0067577044 | AE7: 0.006873883 | AF7: 0.012560643 | AG7: 0.0061498909 | AH7: 0.010665762 | AI7: 0.0033398872 | AJ7: 0.024375079 | AK7: 0.0010142697 | AL7: 0.0094924838 | AM7: 0.0068417192 | AN7: 0.033993782 | AO7: 0.00077109874 | AP7: 3.1624232e-05 | AQ7: 0.00036668033 | AR7: 0.00045941959 | AS7: 5.8067392e-05 | AT7: 0.00010461835 | AU7: 0.04651418 | AV7: 4.1292768e-05 | AW7: 0.00013485563 | AX7: 0.0063429857 | AY7: 0.0052494326 | AZ7: 0.27255441 | BA7: 0.059278863 | BB7: 0.03852287 | BC7: 0.074805673 | BD7: 0.0016536039 | BE7: 0.00085841518 | BF7: 0.0027947573 | BG7: 0.00032301002 | BH7: 0.0074429586 | BI7: 0.0041335652 | BJ7: 6.4213549e-05 | BK7: 0.00059362035 | BL7: 0.0012073723 | BM7: 0.00080352708 | BN7: 0.00050987986 | BO7: 0.0022142151
A8: 1973 | B8: =SUM(C8:J8) -> 1 | C8: =SUM(K8:U8) -> 0.13644343 | D8: =SUM(V8:Z8) -> 0.096676489 | E8: =SUM(AA8:AF8) -> 0.043300902 | F8: =SUM(AG8:AN8) -> 0.070109878 | G8: =SUM(AO8:AY8) -> 0.16175037 | H8: =SUM(AZ8:BA8) -> 0.38187558 | I8: =SUM(BB8:BF8) -> 0.098266759 | J8: =SUM(BG8:BO8) -> 0.011576591 | K8: 0.033891102 | L8: 0.0025993924 | M8: 0.0064512899 | N8: 0.032552028 | O8: 0.010733635 | P8: 0.041057141 | Q8: 0.00824616 | R8: 0.0050213641 | S8: 0.010843801 | T8: 0.021829546 | U8: 0.019545412 | V8: 0.10435407 | W8: 0.014490739 | X8: 0.016384188 | Y8: 0.00089601269 | Z8: 0.00046207491 | AA8: 0.01523306 | AB8: 0.010049349 | AC8: 0.0026571271 | AD8: 0.0062399735 | AE8: 0.0075829426 | AF8: 0.011540366 | AG8: 0.0089471473 | AH8: 0.010295179 | AI8: 0.0029186357 | AJ8: 0.028189891 | AK8: 0.00090979318 | AL8: 0.010959459 | AM8: 0.0061919358 | AN8: 0.030641039 | AO8: 0.00072660047 | AP8: 3.0375617e-05 | AQ8: 0.00032150376 | AR8: 0.00040171349 | AS8: 4.9724127e-05 | AT8: 8.2433586e-05 | AU8: 0.03528781 | AV8: 3.7879867e-05 | AW8: 0.00012615236 | AX8: 0.0065401639 | AY8: 0.0045579319 | AZ8: 0.25896476 | BA8: 0.055969514 | BB8: 0.045893709 | BC8: 0.087525421 | BD8: 0.0017585188 | BE8: 0.0011141412 | BF8: 0.0025420728 | BG8: 0.00036388296 | BH8: 0.0067033719 | BI8: 0.0044653248 | BJ8: 5.8715731e-05 | BK8: 0.00047702837 | BL8: 0.0010562499 | BM8: 0.00075764249 | BN8: 0.00039491973 | BO8: 0.0020785772
A9: 1974 | B9: =SUM(C9:J9) -> 1 | C9: =SUM(K9:U9) -> 0.14956426 | D9: =SUM(V9:Z9) -> 0.10263721 | E9: =SUM(AA9:AF9) -> 0.048542664 | F9: =SUM(AG9:AN9) -> 0.09879235 | G9: =SUM(AO9:AY9) -> 0.17922871 | H9: =SUM(AZ9:BA9) -> 0.29661826 | I9: =SUM(BB9:BF9) -> 0.11014596 | J9: =SUM(BG9:BO9) -> 0.014470577 | K9: 0.036744881 | L9: 0.0026401667 | M9: 0.0064587169 | N9: 0.031510696 | O9: 0.01198775 | P9: 0.043229304 | Q9: 0.011828816 | R9: 0.005274539 | S9: 0.010980791 | T9: 0.026269155 | U9: 0.019268126 | V9: 0.10511578 | W9: 0.017716815 | X9: 0.017222037 | Y9: 0.00094077401 | Z9: 0.00050276547 | AA9: 0.015753782 | AB9: 0.011150811 | AC9: 0.0019052887 | AD9: 0.0056327351 | AE9: 0.0078793939 | AF9: 0.011560921 | AG9: 0.01884477 | AH9: 0.011296545 | AI9: 0.0026111055 | AJ9: 0.035868074 | AK9: 0.00083029042 | AL9: 0.025247495 | AM9: 0.0062465728 | AN9: 0.035252696 | AO9: 0.00066676205 | AP9: 2.6554072e-05 | AQ9: 0.00025763534 | AR9: 0.00035907948 | AS9: 3.5114969e-05 | AT9: 7.1239536e-05 | AU9: 0.038529401 | AV9: 3.766733e-05 | AW9: 0.00011848282 | AX9: 0.0062759597 | AY9: 0.0040198932 | AZ9: 0.19787494 | BA9: 0.042156261 | BB9: 0.0485521 | BC9: 0.097410923 | BD9: 0.0024697064 | BE9: 0.0012963232 | BF9: 0.0021208671 | BG9: 0.00041121873 | BH9: 0.0097517729 | BI9: 0.0052692977 | BJ9: 5.1629155e-05 | BK9: 0.00045689423 | BL9: 0.0010261602 | BM9: 0.00070447523 | BN9: 0.00032334237 | BO9: 0.0019547007
A10: 1975 | B10: =SUM(C10:J10) -> 1 | C10: =SUM(K10:U10) -> 0.14793317 | D10: =SUM(V10:Z10) -> 0.097488129 | E10: =SUM(AA10:AF10) -> 0.039139225 | F10: =SUM(AG10:AN10) -> 0.10068354 | G10: =SUM(AO10:AY10) -> 0.21649412 | H10: =SUM(AZ10:BA10) -> 0.29097232 | I10: =SUM(BB10:BF10) -> 0.091419992 | J10: =SUM(BG10:BO10) -> 0.015869505 | K10: 0.040442797 | L10: 0.0028580239 | M10: 0.0066612321 | N10: 0.036911959 | O10: 0.012293589 | P10: 0.036151169 | Q10: 0.012128646 | R10: 0.0060144388 | S10: 0.0098088301 | T10: 0.025961622 | U10: 0.01972547 | V10: 0.10400906 | W10: 0.015460269 | X10: 0.016966131 | Y10: 0.00079804299 | Z10: 0.00046991211 | AA10: 0.0060117238 | AB10: 0.011600966 | AC10: 0.00082529164 | AD10: 0.0056569999 | AE10: 0.0088145909 | AF10: 0.012256659 | AG10: 0.022017509 | AH10: 0.012219188 | AI10: 0.00280529 | AJ10: 0.039945225 | AK10: 0.00086871818 | AL10: 0.02376383 | AM10: 0.0068968156 | AN10: 0.033700408 | AO10: 0.00077290668 | AP10: 3.5293146e-05 | AQ10: 0.00029115047 | AR10: 0.00042834001 | AS10: 5.6806113e-05 | AT10: 9.8593294e-05 | AU10: 0.04784063 | AV10: 4.8947021e-05 | AW10: 0.00015886937 | AX10: 0.0071467718 | AY10: 0.0047487399 | AZ10: 0.20866985 | BA10: 0.044110695 | BB10: 0.041376009 | BC10: 0.082219993 | BD10: 0.0023503395 | BE10: 0.0011485939 | BF10: 0.00203715 | BG10: 0.00034985113 | BH10: 0.010202278 | BI10: 0.006694034 | BJ10: 5.0509407e-05 | BK10: 0.00059333526 | BL10: 0.0011421344 | BM10: 0.00080989201 | BN10: 0.00038378111 | BO10: 0.0021900935
A11: 1976 | B11: =SUM(C11:J11) -> 1 | C11: =SUM(K11:U11) -> 0.14226107 | D11: =SUM(V11:Z11) -> 0.10464711 | E11: =SUM(AA11:AF11) -> 0.041383812 | F11: =SUM(AG11:AN11) -> 0.11037589 | G11: =SUM(AO11:AY11) -> 0.23886715 | H11: =SUM(AZ11:BA11) -> 0.25593306 | I11: =SUM(BB11:BF11) -> 0.089182403 | J11: =SUM(BG11:BO11) -> 0.017349512 | K11: 0.037573369 | L11: 0.0027701825 | M11: 0.0063086946 | N11: 0.034730852 | O11: 0.011621712 | P11: 0.032041932 | Q11: 0.01293402 | R11: 0.0058438262 | S11: 0.0098208646 | T11: 0.02580882 | U11: 0.019216484 | V11: 0.1095567 | W11: 0.017198977 | X11: 0.018227314 | Y11: 0.00071285718 | Z11: 0.00044617375 | AA11: 0.0078008383 | AB11: 0.012631009 | AC11: 0.0010344083 | AD11: 0.0061856997 | AE11: 0.0086213308 | AF11: 0.012602107 | AG11: 0.025352996 | AH11: 0.012301205 | AI11: 0.0030900746 | AJ11: 0.044603871 | AK11: 0.00079095561 | AL11: 0.028391367 | AM11: 0.0066690984 | AN11: 0.032942823 | AO11: 0.00072616019 | AP11: 4.074234e-05 | AQ11: 0.00032290507 | AR11: 0.00045514493 | AS11: 6.7073628e-05 | AT11: 0.00011632602 | AU11: 0.052398822 | AV11: 5.4422392e-05 | AW11: 0.00019750524 | AX11: 0.0069221314 | AY11: 0.0048988046 | AZ11: 0.19575159 | BA11: 0.041443623 | BB11: 0.033882588 | BC11: 0.084367006 | BD11: 0.0029901711 | BE11: 0.0012534263 | BF11: 0.002052024 | BG11: 0.00026354278 | BH11: 0.010186543 | BI11: 0.0080925849 | BJ11: 5.5370853e-05 | BK11: 0.00067730894 | BL11: 0.0012427875 | BM11: 0.00089982046 | BN11: 0.00045030838 | BO11: 0.0023607136
A12: 1977 | B12: =SUM(C12:J12) -> 1 | C12: =SUM(K12:U12) -> 0.14543537 | D12: =SUM(V12:Z12) -> 0.10033661 | E12: =SUM(AA12:AF12) -> 0.040412999 | F12: =SUM(AG12:AN12) -> 0.11965631 | G12: =SUM(AO12:AY12) -> 0.23651218 | H12: =SUM(AZ12:BA12) -> 0.25122645 | I12: =SUM(BB12:BF12) -> 0.087592545 | J12: =SUM(BG12:BO12) -> 0.018827526 | K12: 0.041387886 | L12: 0.0027393158 | M12: 0.0061893579 | N12: 0.036235756 | O12: 0.010334366 | P12: 0.031351755 | Q12: 0.012733423 | R12: 0.0061772688 | S12: 0.0093915956 | T12: 0.02516018 | U12: 0.020484431 | V12: 0.10687028 | W12: 0.016138592 | X12: 0.015341395 | Y12: 0.0007095131 | Z12: 0.00042892124 | AA12: 0.0066180767 | AB12: 0.01254478 | AC12: 0.0012326998 | AD12: 0.00702246 | AE12: 0.0058394716 | AF12: 0.01264002 | AG12: 0.029854361 | AH12: 0.013232671 | AI12: 0.0035515069 | AJ12: 0.049026517 | AK12: 0.00080060882 | AL12: 0.029579706 | AM12: 0.0066152854 | AN12: 0.033686436 | AO12: 0.00086987991 | AP12: 4.9710423e-05 | AQ12: 0.00033225013 | AR12: 0.00055080705 | AS12: 7.3076969e-05 | AT12: 0.00012860019 | AU12: 0.051507973 | AV12: 5.965161e-05 | AW12: 0.00022319937 | AX12: 0.0072732604 | AY12: 0.0048524878 | AZ12: 0.19191324 | BA12: 0.040301255 | BB12: 0.030569726 | BC12: 0.084250134 | BD12: 0.0036118395 | BE12: 0.0012499321 | BF12: 0.0020901742 | BG12: 0.00028264028 | BH12: 0.010600369 | BI12: 0.0092388681 | BJ12: 5.3185635e-05 | BK12: 0.00072971484 | BL12: 0.0012748401 | BM12: 0.00096006967 | BN12: 0.00050734365 | BO12: 0.0025271348
A13: 1978 | B13: =SUM(C13:J13) -> 1 | C13: =SUM(K13:U13) -> 0.15795594 | D13: =SUM(V13:Z13) -> 0.099657787 | E13: =SUM(AA13:AF13) -> 0.044481787 | F13: =SUM(AG13:AN13) -> 0.10999656 | G13: =SUM(AO13:AY13) -> 0.22309357 | H13: =SUM(AZ13:BA13) -> 0.24688947 | I13: =SUM(BB13:BF13) -> 0.097679145 | J13: =SUM(BG13:BO13) -> 0.020245746 | K13: 0.039954254 | L13: 0.0028388658 | M13: 0.0068140853 | N13: 0.039745414 | O13: 0.012603514 | P13: 0.03383509 | Q13: 0.012997709 | R13: 0.0063481766 | S13: 0.0080354997 | T13: 0.028463341 | U13: 0.021824212 | V13: 0.10436685 | W13: 0.014044548 | X13: 0.015098668 | Y13: 0.00073754056 | Z13: 0.00042898849 | AA13: 0.0075191615 | AB13: 0.013083063 | AC13: 0.0012331135 | AD13: 0.0074011599 | AE13: 0.0055967571 | AF13: 0.012160064 | AG13: 0.0242488 | AH13: 0.014126898 | AI13: 0.0036878642 | AJ13: 0.042087887 | AK13: 0.00078490771 | AL13: 0.026832218 | AM13: 0.005927341 | AN13: 0.030952396 | AO13: 0.0011146688 | AP13: 5.5010483e-05 | AQ13: 0.00032452113 | AR13: 0.00058875399 | AS13: 7.6461137e-05 | AT13: 0.0001571789 | AU13: 0.046893785 | AV13: 6.5324878e-05 | AW13: 0.00021755022 | AX13: 0.0076250532 | AY13: 0.0049025244 | AZ13: 0.19415276 | BA13: 0.040685439 | BB13: 0.031962984 | BC13: 0.092447298 | BD13: 0.0042876487 | BE13: 0.0013718699 | BF13: 0.0019328744 | BG13: 0.00031672179 | BH13: 0.011548891 | BI13: 0.0093023589 | BJ13: 5.286967e-05 | BK13: 0.0007422095 | BL13: 0.0012712365 | BM13: 0.0010314883 | BN13: 0.00055770722 | BO13: 0.002536427
A14: 1979 | B14: =SUM(C14:J14) -> 1 | C14: =SUM(K14:U14) -> 0.16889229 | D14: =SUM(V14:Z14) -> 0.10076636 | E14: =SUM(AA14:AF14) -> 0.054968412 | F14: =SUM(AG14:AN14) -> 0.12158594 | G14: =SUM(AO14:AY14) -> 0.20060096 | H14: =SUM(AZ14:BA14) -> 0.23168916 | I14: =SUM(BB14:BF14) -> 0.10114562 | J14: =SUM(BG14:BO14) -> 0.020351262 | K14: 0.043333281 | L14: 0.0029341209 | M14: 0.0081807596 | N14: 0.041634101 | O14: 0.0107221 | P14: 0.037519817 | Q14: 0.014736103 | R14: 0.0058931658 | S14: 0.0092797351 | T14: 0.028542472 | U14: 0.019897115 | V14: 0.10127507 | W14: 0.015337994 | X14: 0.015021409 | Y14: 0.00076063958 | Z14: 0.000458345 | AA14: 0.010649995 | AB14: 0.012404706 | AC14: 0.0014013483 | AD14: 0.007633263 | AE14: 0.0058758624 | AF14: 0.012359864 | AG14: 0.027418625 | AH14: 0.015311264 | AI14: 0.0022375938 | AJ14: 0.040417738 | AK14: 0.00078077564 | AL14: 0.031724502 | AM14: 0.0066484535 | AN14: 0.03576368 | AO14: 0.00087138361 | AP14: 4.9449432e-05 | AQ14: 0.00027989096 | AR14: 0.00053865642 | AS14: 7.7116577e-05 | AT14: 0.00016413753 | AU14: 0.040958494 | AV14: 6.38238e-05 | AW14: 0.00018537508 | AX14: 0.0075690619 | AY14: 0.0045067999 | AZ14: 0.18051732 | BA14: 0.037879378 | BB14: 0.037160522 | BC14: 0.088125634 | BD14: 0.0045776749 | BE14: 0.0016116999 | BF14: 0.0018779575 | BG14: 0.00028070059 | BH14: 0.013326181 | BI14: 0.0073649687 | BJ14: 4.7347691e-05 | BK14: 0.00067778738 | BL14: 0.001176658 | BM14: 0.00092137811 | BN14: 0.00049062497 | BO14: 0.0025460817
A15: 1980 | B15: =SUM(C15:J15) -> 1 | C15: =SUM(K15:U15) -> 0.16539653 | D15: =SUM(V15:Z15) -> 0.087902384 | E15: =SUM(AA15:AF15) -> 0.070573437 | F15: =SUM(AG15:AN15) -> 0.13525376 | G15: =SUM(AO15:AY15) -> 0.20445421 | H15: =SUM(AZ15:BA15) -> 0.21294532 | I15: =SUM(BB15:BF15) -> 0.10131962 | J15: =SUM(BG15:BO15) -> 0.022154735 | K15: 0.046817796 | L15: 0.0023251084 | M15: 0.004869683 | N15: 0.041098364 | O15: 0.013673392 | P15: 0.03685767 | Q15: 0.015257108 | R15: 0.0061307851 | S15: 0.0097743926 | T15: 0.029381234 | U15: 0.016955466 | V15: 0.087184804 | W15: 0.014349729 | X15: 0.015839078 | Y15: 0.00075643947 | Z15: 0.00046146854 | AA15: 0.013195785 | AB15: 0.0093573692 | AC15: 0.0015881832 | AD15: 0.0078999181 | AE15: 0.0070652403 | AF15: 0.01285171 | AG15: 0.034984598 | AH15: 0.017806024 | AI15: 0.00275288 | AJ15: 0.039793759 | AK15: 0.00080933119 | AL15: 0.041968044 | AM15: 0.0043409272 | AN15: 0.040018993 | AO15: 0.00073464594 | AP15: 4.7404679e-05 | AQ15: 0.00026080917 | AR15: 0.00055369826 | AS15: 7.9347489e-05 | AT15: 0.00017644281 | AU15: 0.042471374 | AV15: 6.371253e-05 | AW15: 0.00018086422 | AX15: 0.0096920728 | AY15: 0.0046464072 | AZ15: 0.16444277 | BA15: 0.03390253 | BB15: 0.055247074 | BC15: 0.072143853 | BD15: 0.0049902765 | BE15: 0.0023079162 | BF15: 0.0020039644 | BG15: 0.00028601508 | BH15: 0.014806547 | BI15: 0.0091138879 | BJ15: 4.5628358e-05 | BK15: 0.0007080908 | BL15: 0.0011761922 | BM15: 0.00094003046 | BN15: 0.00014654282 | BO15: 0.0026666262
A16: 1981 | B16: =SUM(C16:J16) -> 1 | C16: =SUM(K16:U16) -> 0.14978781 | D16: =SUM(V16:Z16) -> 0.099263054 | E16: =SUM(AA16:AF16) -> 0.083226713 | F16: =SUM(AG16:AN16) -> 0.14750835 | G16: =SUM(AO16:AY16) -> 0.19324073 | H16: =SUM(AZ16:BA16) -> 0.20640128 | I16: =SUM(BB16:BF16) -> 0.093584598 | J16: =SUM(BG16:BO16) -> 0.026987467 | K16: 0.040399572 | L16: 0.0019204297 | M16: 0.0049028565 | N16: 0.033933006 | O16: 0.011454968 | P16: 0.03331306 | Q16: 0.013288871 | R16: 0.0065778184 | S16: 0.0093146268 | T16: 0.026385974 | U16: 0.018927989 | V16: 0.094984406 | W16: 0.01471229 | X16: 0.021866242 | Y16: 0.00080535894 | Z16: 0.00044771021 | AA16: 0.011024566 | AB16: 0.010171436 | AC16: 0.0019189711 | AD16: 0.0088153101 | AE16: 0.008057275 | AF16: 0.014553777 | AG16: 0.040225843 | AH16: 0.018955643 | AI16: 0.0035602787 | AJ16: 0.042410559 | AK16: 0.00063878851 | AL16: 0.046949007 | AM16: 0.0043338158 | AN16: 0.040295277 | AO16: 0.00071646459 | AP16: 4.2367204e-05 | AQ16: 0.00029883583 | AR16: 0.00057606853 | AS16: 8.0742247e-05 | AT16: 0.00016977039 | AU16: 0.039274577 | AV16: 7.8821256e-05 | AW16: 0.0002379007 | AX16: 0.01106663 | AY16: 0.0051918648 | AZ16: 0.16228599 | BA16: 0.033506337 | BB16: 0.040129569 | BC16: 0.075000737 | BD16: 0.0053564655 | BE16: 0.0026295863 | BF16: 0.0021017598 | BG16: 0.00030912386 | BH16: 0.016584848 | BI16: 0.01269833 | BJ16: 4.9906053e-05 | BK16: 0.00091107427 | BL16: 0.001371139 | BM16: 0.0011004831 | BN16: 0.00012828921 | BO16: 0.0029565914
... A60: 2025 | B60: =SUM(C60:J60) -> 1 | C60: =SUM(K60:U60) -> 0.23749766 | D60: =SUM(V60:Z60) -> 0.17857886 | E60: =SUM(AA60:AF60) -> 0.068867658 | F60: =SUM(AG60:AN60) -> 0.093063794 | G60: =SUM(AO60:AY60) -> 0.029399758 | H60: =SUM(AZ60:BA60) -> 0.052049095 | I60: =SUM(BB60:BF60) -> 0.2707856 | J60: =SUM(BG60:BO60) -> 0.069757575 | K60: 0.03197735 | L60: 0.0032097339 | M60: 0.014036995 | N60: 0.038145998 | O60: 0.023583419 | P60: 0.02460948 | Q60: 0.010363765 | R60: 0.020107369 | S60: 0.0054624495 | T60: 0.030763903 | U60: 0.035975827 | V60: 0.126499 | W60: 0.024429531 | X60: 0.026436571 | Y60: 0.00091079912 | Z60: 0.00085835178 | AA60: 0.0055110197 | AB60: 0.027103168 | AC60: 0.0050790075 | AD60: 0.0046381213 | AE60: 0.010881133 | AF60: 0.01586939 | AG60: 0.017803499 | AH60: 0.0041876885 | AI60: 0.0036879439 | AJ60: 0.009815447 | AK60: 0.00041142948 | AL60: 0.015004599 | AM60: 0.010737195 | AN60: 0.031705425 | AO60: 0.00096688657 | AP60: 0.00034137613 | AQ60: 0.0030946219 | AR60: 0.0015585767 | AS60: 0.00027034451 | AT60: 0.00023463606 | AU60: 0.0014972403 | AV60: 0.00016846782 | AW60: 0.00019727094 | AX60: 0.0088621532 | AY60: 0.0091895786 | AZ60: 0.037929539 | BA60: 0.01428143 | BB60: 0.21957635 | BC60: 0.023751479 | BD60: 0.018846762 | BE60: 0.0041786928 | BF60: 0.005274466 | BG60: 0.0021923515 | BH60: 0.019619454 | BI60: 0.01568314 | BJ60: 0.00022043663 | BK60: 0.0025002734 | BL60: 0.0018613116 | BM60: 0.0038804422 | BN60: 0.014471515 | BO60: 0.0095455985
A61: 2026
A62: 2027
A63: 2028
A64: 2029
A65: 2030
A66: 2031
A67: 2032
A68: 2033
A69: 2034
A70: 2035
A71: 2036
A72: 2037
... A135: 2100

Sheet O5s
A1: Data series on Output: Country and Region Output Shares in "Education/Health" Sector (current price MER).
A4: Year | B4: World | C4: Europe | D4: North America/ Oceania | E4: Latin America | F4: Middle East/North Africa | G4: Subsaharan Africa | H4: Russia/ Central Asia | I4: East Asia | J4: South & South-East Asia | K4: DE | L4: DK | M4: ES | N4: FR | O4: GB | P4: IT | Q4: NL | R4: NO | S4: SE | T4: OC | U4: QM | V4: US | W4: CA | X4: AU | Y4: NZ | Z4: OH | AA4: AR | AB4: BR | AC4: CL | AD4: CO | AE4: MX | AF4: OD | AG4: AE | AH4: DZ | AI4: EG | AJ4: IR | AK4: MA | AL4: SA | AM4: TR | AN4: OE | AO4: CD | AP4: CI | AQ4: ET | AR4: KE | AS4: ML | AT4: NE | AU4: NG | AV4: RW | AW4: SD | AX4: ZA | AY4: OJ | AZ4: RU | BA4: OA | BB4: CN | BC4: JP | BD4: KR | BE4: TW | BF4: OB | BG4: BD | BH4: IN | BI4: ID | BJ4: MM | BK4: PK | BL4: PH | BM4: TH | BN4: VN | BO4: OI
A5: 1970 | B5: =SUM(C5:J5) -> 1 | C5: =SUM(K5:U5) -> 0.26623717 | D5: =SUM(V5:Z5) -> 0.53551417 | E5: =SUM(AA5:AF5) -> 0.03679006 | F5: =SUM(AG5:AN5) -> 0.013729 | G5: =SUM(AO5:AY5) -> 0.013213277 | H5: =SUM(AZ5:BA5) -> 0.061801807 | I5: =SUM(BB5:BF5) -> 0.047364645 | J5: =SUM(BG5:BO5) -> 0.025349874 | K5: 0.053193567 | L5: 0.0068463779 | M5: 0.010761667 | N5: 0.045586629 | O5: 0.038172362 | P5: 0.028836051 | Q5: 0.012464546 | R5: 0.0033391875 | S5: 0.01408767 | T5: 0.028178819 | U5: 0.025217042 | V5: 0.4836875 | W5: 0.040070166 | X5: 0.0090784982 | Y5: 0.0025173579 | Z5: 0.0010592456 | AA5: 0.0069549653 | AB5: 0.0098579198 | AC5: 0.0019658606 | AD5: 0.0023528188 | AE5: 0.0037300039 | AF5: 0.010678803 | AG5: 0.00017018837 | AH5: 0.00080920768 | AI5: 0.0012957775 | AJ5: 0.0016468909 | AK5: 0.00073540096 | AL5: 0.00082553545 | AM5: 0.0042294967 | AN5: 0.0040395403 | AO5: 0.00063863808 | AP5: 0.00019573685 | AQ5: 0.00033870288 | AR5: 0.00039461161 | AS5: 4.582042e-05 | AT5: 8.3096613e-05 | AU5: 0.0042032311 | AV5: 3.2582696e-05 | AW5: 0.00011335354 | AX5: 0.0026869161 | AY5: 0.004484088 | AZ5: 0.044037769 | BA5: 0.017519819 | BB5: 0.013560317 | BC5: 0.029413545 | BD5: 0.0019350788 | BE5: 0.0015376127 | BF5: 0.00099756959 | BG5: 0.0013126131 | BH5: 0.012082942 | BI5: 0.002180293 | BJ5: 0.00056082594 | BK5: 0.0029385799 | BL5: 0.0015757536 | BM5: 0.0015648189 | BN5: 0.00056925254 | BO5: 0.0026073324
A6: 1971 | B6: =SUM(C6:J6) -> 1 | C6: =SUM(K6:U6) -> 0.27787272 | D6: =SUM(V6:Z6) -> 0.52220002 | E6: =SUM(AA6:AF6) -> 0.038121949 | F6: =SUM(AG6:AN6) -> 0.014041865 | G6: =SUM(AO6:AY6) -> 0.013680558 | H6: =SUM(AZ6:BA6) -> 0.060148501 | I6: =SUM(BB6:BF6) -> 0.049330375 | J6: =SUM(BG6:BO6) -> 0.024604012 | K6: 0.058337287 | L6: 0.0070779634 | M6: 0.011019504 | N6: 0.046589108 | O6: 0.039110809 | P6: 0.030539164 | Q6: 0.013481547 | R6: 0.0035051952 | S6: 0.014434327 | T6: 0.029222199 | U6: 0.024893061 | V6: 0.4687693 | W6: 0.041173449 | X6: 0.0091512899 | Y6: 0.0026597471 | Z6: 0.001080396 | AA6: 0.0076186916 | AB6: 0.010077293 | AC6: 0.0021381635 | AD6: 0.0023680374 | AE6: 0.0039020821 | AF6: 0.010923921 | AG6: 0.00021595007 | AH6: 0.00077973009 | AI6: 0.0012535293 | AJ6: 0.0019080928 | AK6: 0.00074578486 | AL6: 0.0010443995 | AM6: 0.003634927 | AN6: 0.0044765033 | AO6: 0.00066975666 | AP6: 0.00019118415 | AQ6: 0.0003285541 | AR6: 0.00041023422 | AS6: 4.7218434e-05 | AT6: 8.3535255e-05 | AU6: 0.0043754489 | AV6: 3.6740597e-05 | AW6: 0.00011585955 | AX6: 0.002846102 | AY6: 0.0045729118 | AZ6: 0.043139414 | BA6: 0.017027414 | BB6: 0.013048881 | BC6: 0.031732093 | BD6: 0.001944464 | BE6: 0.0016344448 | BF6: 0.0010303994 | BG6: 0.0010263508 | BH6: 0.012020618 | BI6: 0.0020365892 | BJ6: 0.00051177159 | BK6: 0.0028640938 | BL6: 0.0015702804 | BM6: 0.0014686409 | BN6: 0.00055361174 | BO6: 0.0025819349
A7: 1972 | B7: =SUM(C7:J7) -> 1 | C7: =SUM(K7:U7) -> 0.28680656 | D7: =SUM(V7:Z7) -> 0.48601369 | E7: =SUM(AA7:AF7) -> 0.041048801 | F7: =SUM(AG7:AN7) -> 0.016567251 | G7: =SUM(AO7:AY7) -> 0.01355843 | H7: =SUM(AZ7:BA7) -> 0.065446648 | I7: =SUM(BB7:BF7) -> 0.068619286 | J7: =SUM(BG7:BO7) -> 0.021939339 | K7: 0.061560535 | L7: 0.0073378081 | M7: 0.011710874 | N7: 0.049148537 | O7: 0.039853254 | P7: 0.03127245 | Q7: 0.014299638 | R7: 0.0036771733 | S7: 0.015056585 | T7: 0.030463602 | U7: 0.024258021 | V7: 0.43582851 | W7: 0.040350157 | X7: 0.0090876586 | Y7: 0.002752531 | Z7: 0.0010991465 | AA7: 0.0099933233 | AB7: 0.011130892 | AC7: 0.0020104933 | AD7: 0.0023354298 | AE7: 0.0041717911 | AF7: 0.010747753 | AG7: 0.00031555284 | AH7: 0.0010125188 | AI7: 0.0012045486 | AJ7: 0.0023139674 | AK7: 0.00088780905 | AL7: 0.0013914714 | AM7: 0.0043732747 | AN7: 0.0051739284 | AO7: 0.00065772532 | AP7: 0.00019541338 | AQ7: 0.00032678978 | AR7: 0.00040944008 | AS7: 5.1750335e-05 | AT7: 9.3237092e-05 | AU7: 0.004536332 | AV7: 3.6800595e-05 | AW7: 0.0001201849 | AX7: 0.0027156917 | AY7: 0.0044808807 | AZ7: 0.043252437 | BA7: 0.017167038 | BB7: 0.012375102 | BC7: 0.052230077 | BD7: 0.0017657727 | BE7: 0.0015196204 | BF7: 0.0011670048 | BG7: 0.0011357945 | BH7: 0.011083015 | BI7: 0.0020199636 | BJ7: 0.00040083127 | BK7: 0.0015745622 | BL7: 0.0014529578 | BM7: 0.0013948053 | BN7: 0.00050244725 | BO7: 0.0025150954
A8: 1973 | B8: =SUM(C8:J8) -> 1 | C8: =SUM(K8:U8) -> 0.31043675 | D8: =SUM(V8:Z8) -> 0.44989308 | E8: =SUM(AA8:AF8) -> 0.04874569 | F8: =SUM(AG8:AN8) -> 0.018308128 | G8: =SUM(AO8:AY8) -> 0.014377109 | H8: =SUM(AZ8:BA8) -> 0.066640252 | I8: =SUM(BB8:BF8) -> 0.069290279 | J8: =SUM(BG8:BO8) -> 0.022308712 | K8: 0.071252584 | L8: 0.0081789708 | M8: 0.013151798 | N8: 0.053430884 | O8: 0.041801579 | P8: 0.030566276 | Q8: 0.015882408 | R8: 0.0040961445 | S8: 0.01522475 | T8: 0.033340634 | U8: 0.024473332 | V8: 0.39787816 | W8: 0.038113344 | X8: 0.010992509 | Y8: 0.0030446256 | Z8: 0.0012594922 | AA8: 0.014924774 | AB8: 0.012807216 | AC8: 0.002477263 | AD8: 0.0024410836 | AE8: 0.0044500701 | AF8: 0.011146714 | AG8: 0.00051453442 | AH8: 0.0010953938 | AI8: 0.001146687 | AJ8: 0.0029993681 | AK8: 0.00093468428 | AL8: 0.0018447433 | AM8: 0.0045630796 | AN8: 0.0052664084 | AO8: 0.00073659943 | AP8: 0.00022843693 | AQ8: 0.00034053993 | AR8: 0.00042549887 | AS8: 5.2668282e-05 | AT8: 8.7314462e-05 | AU8: 0.0043912995 | AV8: 4.0122726e-05 | AW8: 0.00013362182 | AX8: 0.003332925 | AY8: 0.0046331174 | AZ8: 0.046329979 | BA8: 0.018085344 | BB8: 0.01216293 | BC8: 0.052664896 | BD8: 0.0016679217 | BE8: 0.0017932145 | BF8: 0.0012161747 | BG8: 0.0014878736 | BH8: 0.010193185 | BI8: 0.0024955791 | BJ8: 0.00042918052 | BK8: 0.0014895147 | BL8: 0.0015444382 | BM8: 0.001555744 | BN8: 0.00043570796 | BO8: 0.0027466645
A9: 1974 | B9: =SUM(C9:J9) -> 1 | C9: =SUM(K9:U9) -> 0.31509939 | D9: =SUM(V9:Z9) -> 0.43689456 | E9: =SUM(AA9:AF9) -> 0.055093275 | F9: =SUM(AG9:AN9) -> 0.026006133 | G9: =SUM(AO9:AY9) -> 0.016898002 | H9: =SUM(AZ9:BA9) -> 0.057280713 | I9: =SUM(BB9:BF9) -> 0.068126427 | J9: =SUM(BG9:BO9) -> 0.024601506 | K9: 0.073121694 | L9: 0.0084623537 | M9: 0.013854183 | N9: 0.051366296 | O9: 0.046502112 | P9: 0.028694244 | Q9: 0.01674717 | R9: 0.0043895426 | S9: 0.013811379 | T9: 0.034491108 | U9: 0.023918866 | V9: 0.38018047 | W9: 0.040069108 | X9: 0.012759523 | Y9: 0.002951839 | Z9: 0.001293509 | AA9: 0.017848284 | AB9: 0.014103159 | AC9: 0.0020792998 | AD9: 0.0025807701 | AE9: 0.0050048568 | AF9: 0.013032046 | AG9: 0.0012160059 | AH9: 0.0013486431 | AI9: 0.0011191552 | AJ9: 0.004282126 | AK9: 0.001003102 | AL9: 0.0048874703 | AM9: 0.005319175 | AN9: 0.0068518777 | AO9: 0.00080100914 | AP9: 0.00024165594 | AQ9: 0.00032338384 | AR9: 0.00045071651 | AS9: 4.4076305e-05 | AT9: 8.9419856e-05 | AU9: 0.0060872744 | AV9: 4.7280027e-05 | AW9: 0.00014871962 | AX9: 0.0037983665 | AY9: 0.0048498667 | AZ9: 0.041300768 | BA9: 0.015723777 | BB9: 0.011153218 | BC9: 0.051647095 | BD9: 0.002082854 | BE9: 0.0021343844 | BF9: 0.0011649954 | BG9: 0.0019489678 | BH9: 0.010299941 | BI9: 0.0033566377 | BJ9: 0.00043981029 | BK9: 0.001673297 | BL9: 0.0018126962 | BM9: 0.0017027292 | BN9: 0.00039904648 | BO9: 0.0029886458
A10: 1975 | B10: =SUM(C10:J10) -> 1 | C10: =SUM(K10:U10) -> 0.33551341 | D10: =SUM(V10:Z10) -> 0.42791009 | E10: =SUM(AA10:AF10) -> 0.043978305 | F10: =SUM(AG10:AN10) -> 0.026067812 | G10: =SUM(AO10:AY10) -> 0.01741912 | H10: =SUM(AZ10:BA10) -> 0.055529823 | I10: =SUM(BB10:BF10) -> 0.070077272 | J10: =SUM(BG10:BO10) -> 0.023504169 | K10: 0.073996783 | L10: 0.0089413025 | M10: 0.014893243 | N10: 0.061640779 | O10: 0.049430202 | P10: 0.028740666 | Q10: 0.018059266 | R10: 0.0046968458 | S10: 0.016021939 | T10: 0.036636253 | U10: 0.022309685 | V10: 0.37200699 | W10: 0.039352324 | X10: 0.012744802 | Y10: 0.0024228857 | Z10: 0.0011963225 | AA10: 0.0063545761 | AB10: 0.015054527 | AC10: 0.00085085277 | AD10: 0.0024492614 | AE10: 0.0058813492 | AF10: 0.013022391 | AG10: 0.001356164 | AH10: 0.0013924927 | AI10: 0.0011162494 | AJ10: 0.0045521381 | AK10: 0.0010508866 | AL10: 0.0045026843 | AM10: 0.0057800647 | AN10: 0.0063057549 | AO10: 0.00077663671 | AP10: 0.00027366939 | AQ10: 0.00030567128 | AR10: 0.000449703 | AS10: 5.9639255e-05 | AT10: 0.00010351053 | AU10: 0.006761666 | AV10: 5.13882e-05 | AW10: 0.00016679281 | AX10: 0.0036275027 | AY10: 0.0048007927 | AZ10: 0.041005939 | BA10: 0.015316812 | BB10: 0.010608614 | BC10: 0.054003104 | BD10: 0.0022232169 | BE10: 0.0021176243 | BF10: 0.001094127 | BG10: 0.0013563409 | BH10: 0.010101787 | BI10: 0.0034293596 | BJ10: 0.00035338836 | BK10: 0.0017979039 | BL10: 0.0017162214 | BM10: 0.0016235381 | BN10: 0.00037458844 | BO10: 0.0027407822
A11: 1976 | B11: =SUM(C11:J11) -> 1 | C11: =SUM(K11:U11) -> 0.32309205 | D11: =SUM(V11:Z11) -> 0.43205348 | E11: =SUM(AA11:AF11) -> 0.048958277 | F11: =SUM(AG11:AN11) -> 0.029872612 | G11: =SUM(AO11:AY11) -> 0.01803589 | H11: =SUM(AZ11:BA11) -> 0.05252834 | I11: =SUM(BB11:BF11) -> 0.072052242 | J11: =SUM(BG11:BO11) -> 0.023407114 | K11: 0.071966971 | L11: 0.009176353 | M11: 0.01458103 | N11: 0.060076267 | O11: 0.042831418 | P11: 0.025651596 | Q11: 0.018200744 | R11: 0.0048528708 | S11: 0.016880362 | T11: 0.036421609 | U11: 0.022444814 | V11: 0.37169165 | W11: 0.043671607 | X11: 0.013314196 | Y11: 0.0021895613 | Z11: 0.0011757522 | AA11: 0.0082183985 | AB11: 0.017034008 | AC11: 0.001076528 | AD11: 0.0027036161 | AE11: 0.0060147166 | AF11: 0.013495611 | AG11: 0.0016821759 | AH11: 0.0015100673 | AI11: 0.0012885332 | AJ11: 0.0054754674 | AK11: 0.0010822216 | AL11: 0.0059446397 | AM11: 0.0062158124 | AN11: 0.0066729534 | AO11: 0.00070161004 | AP11: 0.0003088056 | AQ11: 0.00032597517 | AR11: 0.00045947233 | AS11: 6.7711346e-05 | AT11: 0.00011743201 | AU11: 0.0076064943 | AV11: 5.4939825e-05 | AW11: 0.00019938307 | AX11: 0.0033885105 | AY11: 0.0047651761 | AZ11: 0.038697801 | BA11: 0.014308149 | BB11: 0.0095201547 | BC11: 0.056326348 | BD11: 0.0027908126 | BE11: 0.0021957193 | BF11: 0.00121742 | BG11: 0.00096075836 | BH11: 0.0095992616 | BI11: 0.0038318708 | BJ11: 0.00036530253 | BK11: 0.0019513393 | BL11: 0.0018223381 | BM11: 0.0017173768 | BN11: 0.00040019301 | BO11: 0.0027580931
A12: 1977 | B12: =SUM(C12:J12) -> 1 | C12: =SUM(K12:U12) -> 0.32621461 | D12: =SUM(V12:Z12) -> 0.41839176 | E12: =SUM(AA12:AF12) -> 0.049010591 | F12: =SUM(AG12:AN12) -> 0.032072904 | G12: =SUM(AO12:AY12) -> 0.018470686 | H12: =SUM(AZ12:BA12) -> 0.052243317 | I12: =SUM(BB12:BF12) -> 0.079906646 | J12: =SUM(BG12:BO12) -> 0.02368948 | K12: 0.074224961 | L12: 0.009177195 | M12: 0.014613796 | N12: 0.060280382 | O12: 0.039453665 | P12: 0.026450402 | Q12: 0.019175988 | R12: 0.005078057 | S12: 0.017461396 | T12: 0.036885058 | U12: 0.023041514 | V12: 0.36157407 | W12: 0.040452131 | X12: 0.012633999 | Y12: 0.0021256622 | Z12: 0.0011285327 | AA12: 0.0071579315 | AB12: 0.017949281 | AC12: 0.0013342769 | AD12: 0.0031916245 | AE12: 0.005048689 | AF12: 0.014063363 | AG12: 0.00199475 | AH12: 0.0016358171 | AI12: 0.0014512567 | AJ12: 0.0060606368 | AK12: 0.0011595355 | AL12: 0.0064012447 | AM12: 0.0064191411 | AN12: 0.0069139283 | AO12: 0.00081930497 | AP12: 0.0003726821 | AQ12: 0.00032696234 | AR12: 0.00054204091 | AS12: 7.1913944e-05 | AT12: 0.00012655351 | AU12: 0.0077779903 | AV12: 5.870225e-05 | AW12: 0.00021964713 | AX12: 0.0034818774 | AY12: 0.0046108417 | AZ12: 0.03932114 | BA12: 0.014254134 | BB12: 0.0099509537 | BC12: 0.063212156 | BD12: 0.0030941023 | BE12: 0.0022761272 | BF12: 0.0012821362 | BG12: 0.00098227463 | BH12: 0.0093893464 | BI12: 0.0040981644 | BJ12: 0.00033506142 | BK12: 0.002025825 | BL12: 0.0018459009 | BM12: 0.0017664524 | BN12: 0.00041671492 | BO12: 0.0028027114
A13: 1978 | B13: =SUM(C13:J13) -> 1 | C13: =SUM(K13:U13) -> 0.3407446 | D13: =SUM(V13:Z13) -> 0.39242308 | E13: =SUM(AA13:AF13) -> 0.049390655 | F13: =SUM(AG13:AN13) -> 0.030320847 | G13: =SUM(AO13:AY13) -> 0.018318493 | H13: =SUM(AZ13:BA13) -> 0.051700255 | I13: =SUM(BB13:BF13) -> 0.09378249 | J13: =SUM(BG13:BO13) -> 0.023319579 | K13: 0.077518601 | L13: 0.009568888 | M13: 0.014945045 | N13: 0.065308122 | O13: 0.040918291 | P13: 0.02803936 | Q13: 0.020183426 | R13: 0.0049555247 | S13: 0.016634271 | T13: 0.03947692 | U13: 0.02267689 | V13: 0.34149008 | W13: 0.035043168 | X13: 0.011992998 | Y13: 0.0021657756 | Z13: 0.0011330393 | AA13: 0.0079393403 | AB13: 0.017951657 | AC13: 0.0013204394 | AD13: 0.0033261937 | AE13: 0.005343292 | AF13: 0.013381625 | AG13: 0.0016604532 | AH13: 0.0017897391 | AI13: 0.0015032963 | AJ13: 0.0053321216 | AK13: 0.001226087 | AL13: 0.0061107387 | AM13: 0.0061032735 | AN13: 0.0065489314 | AO13: 0.0010213688 | AP13: 0.00040645169 | AQ13: 0.00031068908 | AR13: 0.00056365955 | AS13: 7.3202137e-05 | AT13: 0.00015047947 | AU13: 0.0073462483 | AV13: 6.2540538e-05 | AW13: 0.00020827759 | AX13: 0.0035631051 | AY13: 0.0045461907 | AZ13: 0.039214997 | BA13: 0.014021581 | BB13: 0.010500787 | BC13: 0.076132389 | BD13: 0.0033889913 | BE13: 0.0023681815 | BF13: 0.0012492269 | BG13: 0.0010473045 | BH13: 0.0093484179 | BI13: 0.0038570081 | BJ13: 0.00031710808 | BK13: 0.0019811533 | BL13: 0.0018109908 | BM13: 0.0018239922 | BN13: 0.00042296909 | BO13: 0.0026750981
A14: 1979 | B14: =SUM(C14:J14) -> 1 | C14: =SUM(K14:U14) -> 0.35806778 | D14: =SUM(V14:Z14) -> 0.37372561 | E14: =SUM(AA14:AF14) -> 0.054062564 | F14: =SUM(AG14:AN14) -> 0.034278156 | G14: =SUM(AO14:AY14) -> 0.018990394 | H14: =SUM(AZ14:BA14) -> 0.049283905 | I14: =SUM(BB14:BF14) -> 0.088907148 | J14: =SUM(BG14:BO14) -> 0.022684441 | K14: 0.079821044 | L14: 0.010007665 | M14: 0.017632131 | N14: 0.070048989 | O14: 0.044962653 | P14: 0.030194713 | Q14: 0.020457116 | R14: 0.0050277562 | S14: 0.016894937 | T14: 0.040496638 | U14: 0.021973364 | V14: 0.32577052 | W14: 0.032746661 | X14: 0.011379451 | Y14: 0.0020921766 | Z14: 0.0011619487 | AA14: 0.011421183 | AB14: 0.017442652 | AC14: 0.0015449075 | AD14: 0.0035292467 | AE14: 0.0062274154 | AF14: 0.01395768 | AG14: 0.0019334629 | AH14: 0.0019975964 | AI14: 0.00091453047 | AJ14: 0.0052731327 | AK14: 0.0013235615 | AL14: 0.0076441098 | AM14: 0.0073115892 | AN14: 0.0078274475 | AO14: 0.0008888779 | AP14: 0.0004114494 | AQ14: 0.00029831004 | AR14: 0.00057410436 | AS14: 8.2191471e-05 | AT14: 0.0001749391 | AU14: 0.0076139985 | AV14: 6.8023921e-05 | AW14: 0.00019757426 | AX14: 0.0039510038 | AY14: 0.0046608323 | AZ14: 0.037402748 | BA14: 0.013239723 | BB14: 0.010083191 | BC14: 0.071161053 | BD14: 0.0037244632 | BE14: 0.0025147393 | BF14: 0.001286946 | BG14: 0.0010107225 | BH14: 0.009121007 | BI14: 0.0032657431 | BJ14: 0.0003091406 | BK14: 0.0019902966 | BL14: 0.0018844857 | BM14: 0.0017902314 | BN14: 0.00039351166 | BO14: 0.0028844101
A15: 1980 | B15: =SUM(C15:J15) -> 1 | C15: =SUM(K15:U15) -> 0.36413368 | D15: =SUM(V15:Z15) -> 0.3657261 | E15: =SUM(AA15:AF15) -> 0.057834491 | F15: =SUM(AG15:AN15) -> 0.0364021 | G15: =SUM(AO15:AY15) -> 0.021094943 | H15: =SUM(AZ15:BA15) -> 0.046308407 | I15: =SUM(BB15:BF15) -> 0.084889123 | J15: =SUM(BG15:BO15) -> 0.023611166 | K15: 0.076738086 | L15: 0.0092683056 | M15: 0.017168653 | N15: 0.072312835 | O15: 0.053232555 | P15: 0.032355307 | Q15: 0.019492463 | R15: 0.0054675694 | S15: 0.017471458 | T15: 0.039893931 | U15: 0.018991898 | V15: 0.31684021 | W15: 0.03231615 | X15: 0.011667188 | Y15: 0.0020008482 | Z15: 0.0011534701 | AA15: 0.01508863 | AB15: 0.0146065 | AC15: 0.0018929355 | AD15: 0.0039449161 | AE15: 0.0080081056 | AF15: 0.015616008 | AG15: 0.0024335598 | AH15: 0.0022915989 | AI15: 0.0010808839 | AJ15: 0.0051213756 | AK15: 0.0014283051 | AL15: 0.010254405 | AM15: 0.0048928473 | AN15: 0.0087251167 | AO15: 0.00075277562 | AP15: 0.00040028507 | AQ15: 0.00027922648 | AR15: 0.00059279824 | AS15: 8.4950695e-05 | AT15: 0.00018890251 | AU15: 0.0084521152 | AV15: 6.8211657e-05 | AW15: 0.00019363613 | AX15: 0.0050995746 | AY15: 0.0048366175 | AZ15: 0.036701697 | BA15: 0.012611448 | BB15: 0.010326985 | BC15: 0.066321068 | BD15: 0.0036646125 | BE15: 0.0027736133 | BF15: 0.0013970618 | BG15: 0.001012037 | BH15: 0.0093874961 | BI15: 0.0038989982 | BJ15: 0.00029241099 | BK15: 0.0020638331 | BL15: 0.0019084084 | BM15: 0.0018094499 | BN15: 0.00011224679 | BO15: 0.0030134202
A16: 1981 | B16: =SUM(C16:J16) -> 1 | C16: =SUM(K16:U16) -> 0.32171044 | D16: =SUM(V16:Z16) -> 0.39550307 | E16: =SUM(AA16:AF16) -> 0.065910994 | F16: =SUM(AG16:AN16) -> 0.038176275 | G16: =SUM(AO16:AY16) -> 0.020167514 | H16: =SUM(AZ16:BA16) -> 0.043758515 | I16: =SUM(BB16:BF16) -> 0.089990024 | J16: =SUM(BG16:BO16) -> 0.024783165 | K16: 0.063602577 | L16: 0.0081472956 | M16: 0.015029934 | N16: 0.063085135 | O16: 0.049755609 | P16: 0.029923326 | Q16: 0.015770282 | R16: 0.0052499781 | S16: 0.015486288 | T16: 0.035266869 | U16: 0.018433223 | V16: 0.34175994 | W16: 0.035279792 | X16: 0.012933995 | Y16: 0.002027287 | Z16: 0.0010925835 | AA16: 0.012189947 | AB16: 0.020985935 | AC16: 0.0022433257 | AD16: 0.0043120534 | AE16: 0.010692987 | AF16: 0.017279648 | AG16: 0.0027156931 | AH16: 0.0023676667 | AI16: 0.0013215634 | AJ16: 0.0052973181 | AK16: 0.0011565773 | AL16: 0.011451722 | AM16: 0.0049354102 | AN16: 0.0086977477 | AO16: 0.00066080006 | AP16: 0.00032494229 | AQ16: 0.00028797467 | AR16: 0.00055513138 | AS16: 7.7807679e-05 | AT16: 0.0001636001 | AU16: 0.007497893 | AV16: 7.5956506e-05 | AW16: 0.00022925423 | AX16: 0.0052591685 | AY16: 0.0048733161 | AZ16: 0.035393223 | BA16: 0.012035259 | BB16: 0.0094776986 | BC16: 0.071231907 | BD16: 0.004015879 | BE16: 0.0032471907 | BF16: 0.001469112 | BG16: 0.00096331766 | BH16: 0.0093153694 | BI16: 0.0046956356 | BJ16: 0.00028110677 | BK16: 0.0023616965 | BL16: 0.0020172351 | BM16: 0.0018791545 | BN16: 8.4143514e-05 | BO16: 0.0030345216
... A60: 2025 | B60: =SUM(C60:J60) -> 1 | C60: =SUM(K60:U60) -> 0.23557241 | D60: =SUM(V60:Z60) -> 0.38528366 | E60: =SUM(AA60:AF60) -> 0.055901255 | F60: =SUM(AG60:AN60) -> 0.047372061 | G60: =SUM(AO60:AY60) -> 0.013981043 | H60: =SUM(AZ60:BA60) -> 0.027297434 | I60: =SUM(BB60:BF60) -> 0.18899465 | J60: =SUM(BG60:BO60) -> 0.045597494 | K60: 0.045057924 | L60: 0.0040687429 | M60: 0.01573975 | N60: 0.033559162 | O60: 0.040155313 | P60: 0.018351426 | Q60: 0.012694505 | R60: 0.0057729463 | S60: 0.0062926863 | T60: 0.033513356 | U60: 0.020326495 | V60: 0.33927993 | W60: 0.02411088 | X60: 0.018642981 | Y60: 0.0023499271 | Z60: 0.00083433899 | AA60: 0.0057884887 | AB60: 0.019683129 | AC60: 0.0025292461 | AD60: 0.0045562774 | AE60: 0.0090904422 | AF60: 0.014244155 | AG60: 0.0033951037 | AH60: 0.0014772526 | AI60: 0.0014444546 | AJ60: 0.0034625056 | AK60: 0.0015889947 | AL60: 0.01383853 | AM60: 0.0093226384 | AN60: 0.012834516 | AO60: 0.0004764702 | AP60: 0.0003952588 | AQ60: 0.0018098555 | AR60: 0.00091151637 | AS60: 0.000158108 | AT60: 0.00013722431 | AU60: 0.00059596591 | AV60: 9.8526547e-05 | AW60: 0.00011537173 | AX60: 0.0040953019 | AY60: 0.0053553131 | AZ60: 0.019141489 | BA60: 0.0081512971 | BB60: 0.13094805 | BC60: 0.034294357 | BD60: 0.016416467 | BE60: 0.0045372307 | BF60: 0.002766361 | BG60: 0.0027112797 | BH60: 0.020842203 | BI60: 0.0058608626 | BJ60: 0.00030570617 | BK60: 0.0026186637 | BL60: 0.0020453221 | BM60: 0.0030494608 | BN60: 0.0018990252 | BO60: 0.0062572074
A61: 2026
A62: 2027
A63: 2028
A64: 2029
A65: 2030
A66: 2031
A67: 2032
A68: 2033
A69: 2034
A70: 2035
A71: 2036
A72: 2037
... A135: 2100

Sheet O6s
A1: Data series on Output: Country and Region Output Shares in "Leisure/Culture" Sector (current price MER).
A4: Year | B4: World | C4: Europe | D4: North America/ Oceania | E4: Latin America | F4: Middle East/North Africa | G4: Subsaharan Africa | H4: Russia/ Central Asia | I4: East Asia | J4: South & South-East Asia | K4: DE | L4: DK | M4: ES | N4: FR | O4: GB | P4: IT | Q4: NL | R4: NO | S4: SE | T4: OC | U4: QM | V4: US | W4: CA | X4: AU | Y4: NZ | Z4: OH | AA4: AR | AB4: BR | AC4: CL | AD4: CO | AE4: MX | AF4: OD | AG4: AE | AH4: DZ | AI4: EG | AJ4: IR | AK4: MA | AL4: SA | AM4: TR | AN4: OE | AO4: CD | AP4: CI | AQ4: ET | AR4: KE | AS4: ML | AT4: NE | AU4: NG | AV4: RW | AW4: SD | AX4: ZA | AY4: OJ | AZ4: RU | BA4: OA | BB4: CN | BC4: JP | BD4: KR | BE4: TW | BF4: OB | BG4: BD | BH4: IN | BI4: ID | BJ4: MM | BK4: PK | BL4: PH | BM4: TH | BN4: VN | BO4: OI
A5: 1970 | B5: =SUM(C5:J5) -> 1 | C5: =SUM(K5:U5) -> 0.29562513 | D5: =SUM(V5:Z5) -> 0.38839342 | E5: =SUM(AA5:AF5) -> 0.070676632 | F5: =SUM(AG5:AN5) -> 0.019955601 | G5: =SUM(AO5:AY5) -> 0.01745578 | H5: =SUM(AZ5:BA5) -> 0.10468286 | I5: =SUM(BB5:BF5) -> 0.087842029 | J5: =SUM(BG5:BO5) -> 0.015368552 | K5: 0.066850834 | L5: 0.0065408245 | M5: 0.012095086 | N5: 0.045529719 | O5: 0.041995945 | P5: 0.034135917 | Q5: 0.011364536 | R5: 0.0035399068 | S5: 0.011281093 | T5: 0.03343652 | U5: 0.028828474 | V5: 0.35186395 | W5: 0.01982827 | X5: 0.013557303 | Y5: 0.00233623 | Z5: 0.00077314585 | AA5: 0.01171623 | AB5: 0.019688643 | AC5: 0.0035522477 | AD5: 0.0040037591 | AE5: 0.018194727 | AF5: 0.020806198 | AG5: 0.00022525074 | AH5: 0.0011866491 | AI5: 0.0017425785 | AJ5: 0.0024150557 | AK5: 0.0010649695 | AL5: 0.0011615089 | AM5: 0.0062340982 | AN5: 0.0059237165 | AO5: 0.00086757104 | AP5: 0.00032118271 | AQ5: 0.00042788974 | AR5: 0.0004985203 | AS5: 5.7885802e-05 | AT5: 0.00010497752 | AU5: 0.0053100213 | AV5: 4.1162336e-05 | AW5: 0.00014320167 | AX5: 0.0033379276 | AY5: 0.0056648331 | AZ5: 0.069823447 | BA5: 0.02832659 | BB5: 0.014408794 | BC5: 0.066252999 | BD5: 0.0035482533 | BE5: 0.0017157908 | BF5: 0.0019083839 | BG5: 0.00062924885 | BH5: 0.0074195303 | BI5: 0.0014275456 | BJ5: 0.00024374884 | BK5: 0.0015049724 | BL5: 0.0011170941 | BM5: 0.0010139937 | BN5: 0.00030142737 | BO5: 0.0017096252
A6: 1971 | B6: =SUM(C6:J6) -> 1 | C6: =SUM(K6:U6) -> 0.30450826 | D6: =SUM(V6:Z6) -> 0.38059917 | E6: =SUM(AA6:AF6) -> 0.071250911 | F6: =SUM(AG6:AN6) -> 0.019999824 | G6: =SUM(AO6:AY6) -> 0.019357872 | H6: =SUM(AZ6:BA6) -> 0.10038953 | I6: =SUM(BB6:BF6) -> 0.087904073 | J6: =SUM(BG6:BO6) -> 0.015990352 | K6: 0.070431532 | L6: 0.00638499 | M6: 0.012733037 | N6: 0.046055465 | O6: 0.04482855 | P6: 0.033737832 | Q6: 0.011726246 | R6: 0.0036743174 | S6: 0.011191858 | T6: 0.035440278 | U6: 0.028697925 | V6: 0.34323026 | W6: 0.02027786 | X6: 0.014211037 | Y6: 0.0025695373 | Z6: 0.00080264231 | AA6: 0.012534397 | AB6: 0.01961244 | AC6: 0.003756262 | AD6: 0.003876184 | AE6: 0.018163801 | AF6: 0.020495707 | AG6: 0.00028007363 | AH6: 0.0011204413 | AI6: 0.0017018774 | AJ6: 0.0027418541 | AK6: 0.0010388098 | AL6: 0.0014107072 | AM6: 0.0053264489 | AN6: 0.0064054737 | AO6: 0.00096559954 | AP6: 0.00035007524 | AQ6: 0.0004405038 | AR6: 0.00055001515 | AS6: 6.3307381e-05 | AT6: 0.00011199859 | AU6: 0.0060852114 | AV6: 4.9259384e-05 | AW6: 0.00015533688 | AX6: 0.0036977819 | AY6: 0.0061416101 | AZ6: 0.066433977 | BA6: 0.026468703 | BB6: 0.013632958 | BC6: 0.06685626 | BD6: 0.0036830387 | BE6: 0.0018287163 | BF6: 0.0020167717 | BG6: 0.00055391098 | BH6: 0.0073629828 | BI6: 0.0015564685 | BJ6: 0.00025152035 | BK6: 0.0016478828 | BL6: 0.0012790209 | BM6: 0.0010955985 | BN6: 0.00033140604 | BO6: 0.0019322392
A7: 1972 | B7: =SUM(C7:J7) -> 1 | C7: =SUM(K7:U7) -> 0.3084521 | D7: =SUM(V7:Z7) -> 0.36276364 | E7: =SUM(AA7:AF7) -> 0.074967871 | F7: =SUM(AG7:AN7) -> 0.02173132 | G7: =SUM(AO7:AY7) -> 0.018655638 | H7: =SUM(AZ7:BA7) -> 0.10111114 | I7: =SUM(BB7:BF7) -> 0.097640403 | J7: =SUM(BG7:BO7) -> 0.014677898 | K7: 0.072775842 | L7: 0.0065862605 | M7: 0.014319224 | N7: 0.047602528 | O7: 0.043790475 | P7: 0.033858644 | Q7: 0.012011535 | R7: 0.0037220298 | S7: 0.010963207 | T7: 0.036695536 | U7: 0.027524608 | V7: 0.32643741 | W7: 0.020066104 | X7: 0.014361144 | Y7: 0.0027248664 | Z7: 0.00081802714 | AA7: 0.016127725 | AB7: 0.021458402 | AC7: 0.0034474314 | AD7: 0.0036952962 | AE7: 0.018084174 | AF7: 0.019506319 | AG7: 0.00037531407 | AH7: 0.0013342948 | AI7: 0.0015438704 | AJ7: 0.0030493408 | AK7: 0.0011152931 | AL7: 0.0016917074 | AM7: 0.0059583619 | AN7: 0.0067616159 | AO7: 0.0009073934 | AP7: 0.00035914845 | AQ7: 0.00041925889 | AR7: 0.00052529609 | AS7: 6.6393716e-05 | AT7: 0.00011961965 | AU7: 0.006254748 | AV7: 4.7213768e-05 | AW7: 0.00015419267 | AX7: 0.0033333794 | AY7: 0.0057682732 | AZ7: 0.065033518 | BA7: 0.025777696 | BB7: 0.014186426 | BC7: 0.07638371 | BD7: 0.0035698225 | BE7: 0.001757877 | BF7: 0.0021850378 | BG7: 0.00062086239 | BH7: 0.0068538495 | BI7: 0.0016188893 | BJ7: 0.00020044192 | BK7: 0.0009153437 | BL7: 0.0012218688 | BM7: 0.0010759736 | BN7: 0.00030609042 | BO7: 0.0019310935
A8: 1973 | B8: =SUM(C8:J8) -> 1 | C8: =SUM(K8:U8) -> 0.32019164 | D8: =SUM(V8:Z8) -> 0.33231335 | E8: =SUM(AA8:AF8) -> 0.086467587 | F8: =SUM(AG8:AN8) -> 0.022978991 | G8: =SUM(AO8:AY8) -> 0.017688826 | H8: =SUM(AZ8:BA8) -> 0.099282727 | I8: =SUM(BB8:BF8) -> 0.10598276 | J8: =SUM(BG8:BO8) -> 0.015094122 | K8: 0.077936197 | L8: 0.0071722656 | M8: 0.015282465 | N8: 0.049990694 | O8: 0.041670915 | P8: 0.033809494 | Q8: 0.01280216 | R8: 0.003970838 | S8: 0.010788251 | T8: 0.0398476 | U8: 0.02708859 | V8: 0.29465203 | W8: 0.018686758 | X8: 0.015274135 | Y8: 0.0029713165 | Z8: 0.00090328903 | AA8: 0.022926715 | AB8: 0.026129811 | AC8: 0.0040213857 | AD8: 0.0036246621 | AE8: 0.018814094 | AF8: 0.018994928 | AG8: 0.00058535782 | AH8: 0.0013807124 | AI8: 0.001445998 | AJ8: 0.0037806173 | AK8: 0.0011063231 | AL8: 0.0021087897 | AM8: 0.0060250016 | AN8: 0.0065582355 | AO8: 0.00090312712 | AP8: 0.00039049203 | AQ8: 0.00038828294 | AR8: 0.00048515294 | AS8: 6.0052269e-05 | AT8: 9.9555772e-05 | AU8: 0.0055687373 | AV8: 4.5747851e-05 | AW8: 0.00015235533 | AX8: 0.0035952353 | AY8: 0.0053072697 | AZ8: 0.066048638 | BA8: 0.025465379 | BB8: 0.014353939 | BC8: 0.083624322 | BD8: 0.00384493 | BE8: 0.0019444467 | BF8: 0.0022706698 | BG8: 0.00076352632 | BH8: 0.0067401939 | BI8: 0.0019416049 | BJ8: 0.00020242288 | BK8: 0.00081063691 | BL8: 0.0012415397 | BM8: 0.0011485886 | BN8: 0.00025049109 | BO8: 0.0020030296
A9: 1974 | B9: =SUM(C9:J9) -> 1 | C9: =SUM(K9:U9) -> 0.31457944 | D9: =SUM(V9:Z9) -> 0.32539323 | E9: =SUM(AA9:AF9) -> 0.09519718 | F9: =SUM(AG9:AN9) -> 0.032380523 | G9: =SUM(AO9:AY9) -> 0.020879339 | H9: =SUM(AZ9:BA9) -> 0.086263714 | I9: =SUM(BB9:BF9) -> 0.10738574 | J9: =SUM(BG9:BO9) -> 0.017920836 | K9: 0.074509546 | L9: 0.0068156417 | M9: 0.01600814 | N9: 0.047711969 | O9: 0.039373122 | P9: 0.035523038 | Q9: 0.01308306 | R9: 0.0041761263 | S9: 0.010343299 | T9: 0.041360104 | U9: 0.026456979 | V9: 0.28759233 | W9: 0.019547167 | X9: 0.015144211 | Y9: 0.0029800359 | Z9: 0.00093793387 | AA9: 0.026129028 | AB9: 0.02890999 | AC9: 0.0031978119 | AD9: 0.0036020494 | AE9: 0.020929261 | AF9: 0.020893633 | AG9: 0.0013938242 | AH9: 0.0017127552 | AI9: 0.0014615551 | AJ9: 0.0054382318 | AK9: 0.0011801307 | AL9: 0.0055413745 | AM9: 0.0071654446 | AN9: 0.008567658 | AO9: 0.00096766463 | AP9: 0.00042507589 | AQ9: 0.00036330257 | AR9: 0.00050635328 | AS9: 4.9517115e-05 | AT9: 0.00010045791 | AU9: 0.0078631523 | AV9: 5.3116307e-05 | AW9: 0.00016707767 | AX9: 0.0039975418 | AY9: 0.0054807974 | AZ9: 0.055932766 | BA9: 0.020789818 | BB9: 0.012583308 | BC9: 0.08552633 | BD9: 0.0047170644 | BE9: 0.0025522169 | BF9: 0.0022736242 | BG9: 0.0010389666 | BH9: 0.0075676195 | BI9: 0.0028023919 | BJ9: 0.0002165227 | BK9: 0.00094311401 | BL9: 0.0015399122 | BM9: 0.0013296303 | BN9: 0.0002396884 | BO9: 0.0022875158
A10: 1975 | B10: =SUM(C10:J10) -> 1 | C10: =SUM(K10:U10) -> 0.33402902 | D10: =SUM(V10:Z10) -> 0.31542312 | E10: =SUM(AA10:AF10) -> 0.081655688 | F10: =SUM(AG10:AN10) -> 0.033151248 | G10: =SUM(AO10:AY10) -> 0.023868569 | H10: =SUM(AZ10:BA10) -> 0.08579741 | I10: =SUM(BB10:BF10) -> 0.10681656 | J10: =SUM(BG10:BO10) -> 0.019258389 | K10: 0.075923569 | L10: 0.0074022019 | M10: 0.017967854 | N10: 0.055853617 | O10: 0.040951387 | P10: 0.036669014 | Q10: 0.014009443 | R10: 0.0045948578 | S10: 0.012442992 | T10: 0.0423425 | U10: 0.02582849 | V10: 0.27737226 | W10: 0.019856465 | X10: 0.014576385 | Y10: 0.0026566285 | Z10: 0.00092069656 | AA10: 0.009811256 | AB10: 0.02969229 | AC10: 0.0013713179 | AD10: 0.0035575247 | AE10: 0.023117148 | AF10: 0.021723713 | AG10: 0.0015808849 | AH10: 0.0017984854 | AI10: 0.0015228003 | AJ10: 0.0058793516 | AK10: 0.001242023 | AL10: 0.005117225 | AM10: 0.008013804 | AN10: 0.0079923973 | AO10: 0.0010158727 | AP10: 0.00054330223 | AQ10: 0.00037182515 | AR10: 0.00054702844 | AS10: 7.2546479e-05 | AT10: 0.00012591244 | AU10: 0.0097674844 | AV10: 6.2509717e-05 | AW10: 0.00020289037 | AX10: 0.0040980434 | AY10: 0.0058838384 | AZ10: 0.058420795 | BA10: 0.021040692 | BB10: 0.011838322 | BC10: 0.085689927 | BD10: 0.0046824111 | BE10: 0.0023476663 | BF10: 0.002244452 | BG10: 0.00082393739 | BH10: 0.0078852614 | BI10: 0.0033671951 | BJ10: 0.00019922568 | BK10: 0.0011509207 | BL10: 0.0016886626 | BM10: 0.0014692615 | BN10: 0.00025798717 | BO10: 0.0024134525
A11: 1976 | B11: =SUM(C11:J11) -> 1 | C11: =SUM(K11:U11) -> 0.31501636 | D11: =SUM(V11:Z11) -> 0.33715272 | E11: =SUM(AA11:AF11) -> 0.082964884 | F11: =SUM(AG11:AN11) -> 0.036208173 | G11: =SUM(AO11:AY11) -> 0.024754714 | H11: =SUM(AZ11:BA11) -> 0.078163313 | I11: =SUM(BB11:BF11) -> 0.10643047 | J11: =SUM(BG11:BO11) -> 0.019309355 | K11: 0.073451617 | L11: 0.0076782391 | M11: 0.016957824 | N11: 0.051154333 | O11: 0.035389444 | P11: 0.03386578 | Q11: 0.013537471 | R11: 0.0045367778 | S11: 0.012169878 | T11: 0.041178379 | U11: 0.025279518 | V11: 0.29840689 | W11: 0.021516132 | X11: 0.01416702 | Y11: 0.002381429 | Z11: 0.00087700052 | AA11: 0.012321944 | AB11: 0.029686105 | AC11: 0.0016733781 | AD11: 0.0037642608 | AE11: 0.020718673 | AF11: 0.021556028 | AG11: 0.001875258 | AH11: 0.001865142 | AI11: 0.0017256092 | AJ11: 0.0067629595 | AK11: 0.0012096953 | AL11: 0.0063751605 | AM11: 0.0083362301 | AN11: 0.008079141 | AO11: 0.00089569822 | AP11: 0.00062255156 | AQ11: 0.00038700198 | AR11: 0.00054549156 | AS11: 8.0387796e-05 | AT11: 0.00013941682 | AU11: 0.011065988 | AV11: 6.5225279e-05 | AW11: 0.00023671018 | AX11: 0.0037077354 | AY11: 0.0057071256 | AZ11: 0.053435519 | BA11: 0.018800997 | BB11: 0.0095905971 | BC11: 0.086812597 | BD11: 0.0051993721 | BE11: 0.0023946127 | BF11: 0.0024950878 | BG11: 0.0005984825 | BH11: 0.0069744542 | BI11: 0.0039787163 | BJ11: 0.00021224111 | BK11: 0.0012763892 | BL11: 0.0018674371 | BM11: 0.0016191633 | BN11: 0.00028452035 | BO11: 0.0025091621
A12: 1977 | B12: =SUM(C12:J12) -> 1 | C12: =SUM(K12:U12) -> 0.31738661 | D12: =SUM(V12:Z12) -> 0.32885823 | E12: =SUM(AA12:AF12) -> 0.077520959 | F12: =SUM(AG12:AN12) -> 0.037461262 | G12: =SUM(AO12:AY12) -> 0.026117857 | H12: =SUM(AZ12:BA12) -> 0.075496266 | I12: =SUM(BB12:BF12) -> 0.11631307 | J12: =SUM(BG12:BO12) -> 0.020845752 | K12: 0.075626174 | L12: 0.0074848133 | M12: 0.017039192 | N12: 0.051346051 | O12: 0.036075977 | P12: 0.034414284 | Q12: 0.014039102 | R12: 0.0046028764 | S12: 0.011068343 | T12: 0.040781935 | U12: 0.025589566 | V12: 0.29507639 | W12: 0.018833075 | X12: 0.012444592 | Y12: 0.0023681564 | Z12: 0.0008423675 | AA12: 0.01019726 | AB12: 0.029334888 | AC12: 0.0019563235 | AD12: 0.0041694056 | AE12: 0.016839327 | AF12: 0.021039302 | AG12: 0.0021489305 | AH12: 0.001952516 | AI12: 0.0019268051 | AJ12: 0.0072339935 | AK12: 0.0012400324 | AL12: 0.0065526034 | AM12: 0.0084109363 | AN12: 0.0080759073 | AO12: 0.0010616639 | AP12: 0.00079214745 | AQ12: 0.00039400522 | AR12: 0.00065318515 | AS12: 8.6659732e-05 | AT12: 0.00015250301 | AU12: 0.011841825 | AV12: 7.0739011e-05 | AW12: 0.00026468527 | AX12: 0.0038412034 | AY12: 0.0056131714 | AZ12: 0.051521984 | BA12: 0.017541679 | BB12: 0.010943357 | BC12: 0.095035769 | BD12: 0.0054711338 | BE12: 0.0024656043 | BF12: 0.0026470298 | BG12: 0.00065152253 | BH12: 0.007061026 | BI12: 0.0046693593 | BJ12: 0.0002083415 | BK12: 0.0014056629 | BL12: 0.0020441741 | BM12: 0.0017999497 | BN12: 0.00031770207 | BO12: 0.0027327886
A13: 1978 | B13: =SUM(C13:J13) -> 1 | C13: =SUM(K13:U13) -> 0.33080059 | D13: =SUM(V13:Z13) -> 0.30556038 | E13: =SUM(AA13:AF13) -> 0.074419091 | F13: =SUM(AG13:AN13) -> 0.034148087 | G13: =SUM(AO13:AY13) -> 0.026031971 | H13: =SUM(AZ13:BA13) -> 0.072468278 | I13: =SUM(BB13:BF13) -> 0.13546739 | J13: =SUM(BG13:BO13) -> 0.021104218 | K13: 0.079048122 | L13: 0.0075682011 | M13: 0.018381871 | N13: 0.053593687 | O13: 0.039850768 | P13: 0.035539115 | Q13: 0.01460554 | R13: 0.004392842 | S13: 0.010207589 | T13: 0.042450496 | U13: 0.025036334 | V13: 0.27397679 | W13: 0.016519258 | X13: 0.011673957 | Y13: 0.0024389345 | Z13: 0.00083503227 | AA13: 0.011125787 | AB13: 0.026532342 | AC13: 0.0018896126 | AD13: 0.0042221129 | AE13: 0.018158424 | AF13: 0.019398742 | AG13: 0.0017181114 | AH13: 0.0020518253 | AI13: 0.0019655564 | AJ13: 0.0061129478 | AK13: 0.0012480222 | AL13: 0.0059397765 | AM13: 0.0077619839 | AN13: 0.0073368546 | AO13: 0.001314059 | AP13: 0.00088958767 | AQ13: 0.00037172438 | AR13: 0.00067439124 | AS13: 8.7582797e-05 | AT13: 0.00018004137 | AU13: 0.011440377 | AV13: 7.4826712e-05 | AW13: 0.000249194 | AX13: 0.0038796793 | AY13: 0.0055038897 | AZ13: 0.050503465 | BA13: 0.016738585 | BB13: 0.011856223 | BC13: 0.11216988 | BD13: 0.0062626543 | BE13: 0.002551236 | BF13: 0.0025757854 | BG13: 0.00072243685 | BH13: 0.0068909308 | BI13: 0.0047073962 | BJ13: 0.00020613249 | BK13: 0.0014240219 | BL13: 0.0021155121 | BM13: 0.0019602978 | BN13: 0.00033789514 | BO13: 0.0027315553
A14: 1979 | B14: =SUM(C14:J14) -> 1 | C14: =SUM(K14:U14) -> 0.35094467 | D14: =SUM(V14:Z14) -> 0.29342547 | E14: =SUM(AA14:AF14) -> 0.077963562 | F14: =SUM(AG14:AN14) -> 0.037329789 | G14: =SUM(AO14:AY14) -> 0.026901406 | H14: =SUM(AZ14:BA14) -> 0.067648707 | I14: =SUM(BB14:BF14) -> 0.12435894 | J14: =SUM(BG14:BO14) -> 0.021427448 | K14: 0.081206304 | L14: 0.0075370128 | M14: 0.022481374 | N14: 0.056542633 | O14: 0.044338011 | P14: 0.039849752 | Q14: 0.014763743 | R14: 0.004351957 | S14: 0.010505538 | T14: 0.04412309 | U14: 0.02407245 | V14: 0.2625506 | W14: 0.015814857 | X14: 0.01078025 | Y14: 0.0024348743 | Z14: 0.00086430577 | AA14: 0.015741238 | AB14: 0.024006337 | AC14: 0.0021564059 | AD14: 0.0043536338 | AE14: 0.021275293 | AF14: 0.019648371 | AG14: 0.001938103 | AH14: 0.0022185781 | AI14: 0.0011870804 | AJ14: 0.0058564667 | AK14: 0.0012944957 | AL14: 0.0071222241 | AM14: 0.0090991775 | AN14: 0.0084889128 | AO14: 0.0011219573 | AP14: 0.00091492051 | AQ14: 0.00035015863 | AR14: 0.00067388813 | AS14: 9.6476983e-05 | AT14: 0.00020534487 | AU14: 0.011975874 | AV14: 7.9847004e-05 | AW14: 0.00023191419 | AX14: 0.0041985818 | AY14: 0.0055463129 | AZ14: 0.047361402 | BA14: 0.015341061 | BB14: 0.010453623 | BC14: 0.1013954 | BD14: 0.006687625 | BE14: 0.0027258701 | BF14: 0.0026808304 | BG14: 0.00071547213 | BH14: 0.0071206284 | BI14: 0.0042108726 | BJ14: 0.00020731326 | BK14: 0.0014620636 | BL14: 0.0022900049 | BM14: 0.0020008841 | BN14: 0.00032516637 | BO14: 0.003023435
A15: 1980 | B15: =SUM(C15:J15) -> 1 | C15: =SUM(K15:U15) -> 0.34295029 | D15: =SUM(V15:Z15) -> 0.3032517 | E15: =SUM(AA15:AF15) -> 0.078482624 | F15: =SUM(AG15:AN15) -> 0.038153557 | G15: =SUM(AO15:AY15) -> 0.030415837 | H15: =SUM(AZ15:BA15) -> 0.063012727 | I15: =SUM(BB15:BF15) -> 0.11977285 | J15: =SUM(BG15:BO15) -> 0.02396042 | K15: 0.075381605 | L15: 0.0062299997 | M15: 0.020769325 | N15: 0.056408627 | O15: 0.047970764 | P15: 0.042804039 | Q15: 0.013867527 | R15: 0.0045618735 | S15: 0.010246528 | T15: 0.042470124 | U15: 0.020337241 | V15: 0.27203028 | W15: 0.015548485 | X15: 0.010764672 | Y15: 0.0023723206 | Z15: 0.00085354499 | AA15: 0.019326021 | AB15: 0.019367475 | AC15: 0.0024338811 | AD15: 0.00446999 | AE15: 0.025499719 | AF15: 0.020188806 | AG15: 0.0024011445 | AH15: 0.002505191 | AI15: 0.0014144972 | AJ15: 0.0055987215 | AK15: 0.0013648851 | AL15: 0.0093123243 | AM15: 0.0060516653 | AN15: 0.009293458 | AO15: 0.00095917839 | AP15: 0.00092923363 | AQ15: 0.00033086681 | AR15: 0.00070243074 | AS15: 0.00010066153 | AT15: 0.00022383826 | AU15: 0.013806481 | AV15: 8.0826765e-05 | AW15: 0.00022944732 | AX15: 0.0054453199 | AY15: 0.0058169537 | AZ15: 0.043196382 | BA15: 0.013397785 | BB15: 0.010385433 | BC15: 0.096831981 | BD15: 0.0057460042 | BE15: 0.0031619542 | BF15: 0.0029829962 | BG15: 0.0007554652 | BH15: 0.007705996 | BI15: 0.0054557654 | BJ15: 0.00020790247 | BK15: 0.0015919548 | BL15: 0.0024777413 | BM15: 0.0021597113 | BN15: 9.862676e-05 | BO15: 0.0033743281
A16: 1981 | B16: =SUM(C16:J16) -> 1 | C16: =SUM(K16:U16) -> 0.30148637 | D16: =SUM(V16:Z16) -> 0.32308592 | E16: =SUM(AA16:AF16) -> 0.093681338 | F16: =SUM(AG16:AN16) -> 0.039586471 | G16: =SUM(AO16:AY16) -> 0.028675438 | H16: =SUM(AZ16:BA16) -> 0.059580145 | I16: =SUM(BB16:BF16) -> 0.12686328 | J16: =SUM(BG16:BO16) -> 0.027041041 | K16: 0.061963777 | L16: 0.0053336501 | M16: 0.018701551 | N16: 0.049346711 | O16: 0.044874319 | P16: 0.038294266 | Q16: 0.011388446 | R16: 0.0044373202 | S16: 0.0091417052 | T16: 0.037785142 | U16: 0.020236422 | V16: 0.29019879 | W16: 0.017343917 | X16: 0.012222525 | Y16: 0.0025134568 | Z16: 0.00082538375 | AA16: 0.01475606 | AB16: 0.030551195 | AC16: 0.0027006959 | AD16: 0.0045654419 | AE16: 0.029957271 | AF16: 0.020842241 | AG16: 0.0026784225 | AH16: 0.0025872889 | AI16: 0.0017698319 | AJ16: 0.0057886916 | AK16: 0.0010974123 | AL16: 0.010300624 | AM16: 0.006158571 | AN16: 0.0092078532 | AO16: 0.0008380824 | AP16: 0.0007754859 | AQ16: 0.00033965162 | AR16: 0.00065474951 | AS16: 9.1770239e-05 | AT16: 0.00019295808 | AU16: 0.012533947 | AV16: 8.9586874e-05 | AW16: 0.00027039382 | AX16: 0.0055670147 | AY16: 0.0058417009 | AZ16: 0.039393528 | BA16: 0.011929181 | BB16: 0.010077226 | BC16: 0.10375892 | BD16: 0.0061703784 | BE16: 0.0036014838 | BF16: 0.0032624035 | BG16: 0.00074676611 | BH16: 0.0083958263 | BI16: 0.0070195666 | BJ16: 0.00020869424 | BK16: 0.0018835119 | BL16: 0.0027543235 | BM16: 0.0023572901 | BN16: 7.7450642e-05 | BO16: 0.0035991306
... A60: 2025 | B60: =SUM(C60:J60) -> 1 | C60: =SUM(K60:U60) -> 0.24263522 | D60: =SUM(V60:Z60) -> 0.30091962 | E60: =SUM(AA60:AF60) -> 0.070015334 | F60: =SUM(AG60:AN60) -> 0.046395514 | G60: =SUM(AO60:AY60) -> 0.024006052 | H60: =SUM(AZ60:BA60) -> 0.028049987 | I60: =SUM(BB60:BF60) -> 0.20710183 | J60: =SUM(BG60:BO60) -> 0.080876451 | K60: 0.037925059 | L60: 0.0040528187 | M60: 0.022928164 | N60: 0.030213902 | O60: 0.036920227 | P60: 0.024980382 | Q60: 0.01184097 | R60: 0.0034847577 | S60: 0.0051902372 | T60: 0.03801374 | U60: 0.02742286 | V60: 0.26826273 | W60: 0.016447037 | X60: 0.013902031 | Y60: 0.0021204293 | Z60: 0.00060645583 | AA60: 0.006699619 | AB60: 0.022562888 | AC60: 0.00272898 | AD60: 0.004992237 | AE60: 0.016925022 | AF60: 0.016204093 | AG60: 0.0046544036 | AH60: 0.0016965616 | AI60: 0.0020298899 | AJ60: 0.00397654 | AK60: 0.001074409 | AL60: 0.007273702 | AM60: 0.013278153 | AN60: 0.012476466 | AO60: 0.0005378066 | AP60: 0.001048528 | AQ60: 0.0029468226 | AR60: 0.001484139 | AS60: 0.00025743284 | AT60: 0.00022342983 | AU60: 0.0029109314 | AV60: 0.00016042179 | AW60: 0.00018784927 | AX60: 0.0043716049 | AY60: 0.008517887 | AZ60: 0.01789124 | BA60: 0.01019781 | BB60: 0.13615259 | BC60: 0.037438069 | BD60: 0.017325178 | BE60: 0.0073030804 | BF60: 0.0091713287 | BG60: 0.0035509269 | BH60: 0.031308541 | BI60: 0.013795763 | BJ60: 0.00041863481 | BK60: 0.0033358082 | BL60: 0.0052992783 | BM60: 0.0054771669 | BN60: 0.0049571749 | BO60: 0.012845788
A61: 2026
A62: 2027
A63: 2028
A64: 2029
A65: 2030
A66: 2031
A67: 2032
A68: 2033
A69: 2034
A70: 2035
A71: 2036
A72: 2037
... A135: 2100

Sheet O7s
A1: Data series on Output: Country and Region Output Shares in "Transport" Sector (current price MER).
A4: Year | B4: World | C4: Europe | D4: North America/ Oceania | E4: Latin America | F4: Middle East/North Africa | G4: Subsaharan Africa | H4: Russia/ Central Asia | I4: East Asia | J4: South & South-East Asia | K4: DE | L4: DK | M4: ES | N4: FR | O4: GB | P4: IT | Q4: NL | R4: NO | S4: SE | T4: OC | U4: QM | V4: US | W4: CA | X4: AU | Y4: NZ | Z4: OH | AA4: AR | AB4: BR | AC4: CL | AD4: CO | AE4: MX | AF4: OD | AG4: AE | AH4: DZ | AI4: EG | AJ4: IR | AK4: MA | AL4: SA | AM4: TR | AN4: OE | AO4: CD | AP4: CI | AQ4: ET | AR4: KE | AS4: ML | AT4: NE | AU4: NG | AV4: RW | AW4: SD | AX4: ZA | AY4: OJ | AZ4: RU | BA4: OA | BB4: CN | BC4: JP | BD4: KR | BE4: TW | BF4: OB | BG4: BD | BH4: IN | BI4: ID | BJ4: MM | BK4: PK | BL4: PH | BM4: TH | BN4: VN | BO4: OI
A5: 1970 | B5: =SUM(C5:J5) -> 1 | C5: =SUM(K5:U5) -> 0.31550315 | D5: =SUM(V5:Z5) -> 0.29235303 | E5: =SUM(AA5:AF5) -> 0.065806372 | F5: =SUM(AG5:AN5) -> 0.025570105 | G5: =SUM(AO5:AY5) -> 0.023168814 | H5: =SUM(AZ5:BA5) -> 0.14822718 | I5: =SUM(BB5:BF5) -> 0.098249402 | J5: =SUM(BG5:BO5) -> 0.031121945 | K5: 0.068249334 | L5: 0.0031520858 | M5: 0.010021459 | N5: 0.048204628 | O5: 0.039467647 | P5: 0.031139742 | Q5: 0.012940779 | R5: 0.0048977251 | S5: 0.024184836 | T5: 0.042286593 | U5: 0.030422506 | V5: 0.23539135 | W5: 0.037238449 | X5: 0.016558616 | Y5: 0.0020540229 | Z5: 0.00061409186 | AA5: 0.022542432 | AB5: 0.011146634 | AC5: 0.0027041479 | AD5: 0.0019665566 | AE5: 0.012366778 | AF5: 0.014189528 | AG5: 0.00025258398 | AH5: 0.0015353826 | AI5: 0.0028622741 | AJ5: 0.0031247943 | AK5: 0.00094310645 | AL5: 0.001315103 | AM5: 0.0078288516 | AN5: 0.0076645836 | AO5: 0.0014507438 | AP5: 0.00033886837 | AQ5: 0.00068661657 | AR5: 0.00079995444 | AS5: 9.2886898e-05 | AT5: 0.00016845299 | AU5: 0.0085207666 | AV5: 6.6051459e-05 | AW5: 0.00022978966 | AX5: 0.0054628975 | AY5: 0.0090901181 | AZ5: 0.10501897 | BA5: 0.041655631 | BB5: 0.015135503 | BC5: 0.074507408 | BD5: 0.0041383769 | BE5: 0.0020363791 | BF5: 0.0022648781 | BG5: 0.001082917 | BH5: 0.015419252 | BI5: 0.0028535659 | BJ5: 0.00040610737 | BK5: 0.0028947313 | BL5: 0.0016601419 | BM5: 0.002391453 | BN5: 0.00062174468 | BO5: 0.0037391777
A6: 1971 | B6: =SUM(C6:J6) -> 1 | C6: =SUM(K6:U6) -> 0.32028489 | D6: =SUM(V6:Z6) -> 0.28832588 | E6: =SUM(AA6:AF6) -> 0.068600163 | F6: =SUM(AG6:AN6) -> 0.025769277 | G6: =SUM(AO6:AY6) -> 0.025075024 | H6: =SUM(AZ6:BA6) -> 0.14099339 | I6: =SUM(BB6:BF6) -> 0.099433885 | J6: =SUM(BG6:BO6) -> 0.031517479 | K6: 0.070638709 | L6: 0.0031393052 | M6: 0.010197606 | N6: 0.048514477 | O6: 0.040129768 | P6: 0.030862164 | Q6: 0.013537189 | R6: 0.0053370755 | S6: 0.023012209 | T6: 0.043288738 | U6: 0.030964945 | V6: 0.22997862 | W6: 0.038164241 | X6: 0.016660546 | Y6: 0.0022950334 | Z6: 0.00063085595 | AA6: 0.024656813 | AB6: 0.011261546 | AC6: 0.0029401779 | AD6: 0.001917181 | AE6: 0.012384364 | AF6: 0.014244055 | AG6: 0.00031515627 | AH6: 0.0014547809 | AI6: 0.0027174046 | AJ6: 0.003560023 | AK6: 0.00091625092 | AL6: 0.0015635284 | AM6: 0.006921045 | AN6: 0.0082677684 | AO6: 0.001580218 | AP6: 0.00035751746 | AQ6: 0.00069177733 | AR6: 0.00086375647 | AS6: 9.941937e-05 | AT6: 0.00017588517 | AU6: 0.009627735 | AV6: 7.7358072e-05 | AW6: 0.00024394463 | AX6: 0.0058575146 | AY6: 0.0096636302 | AZ6: 0.099855693 | BA6: 0.039753564 | BB6: 0.014417826 | BC6: 0.076270972 | BD6: 0.0040012038 | BE6: 0.0022312093 | BF6: 0.0023069326 | BG6: 0.00093899483 | BH6: 0.015125666 | BI6: 0.0029107762 | BJ6: 0.00040814564 | BK6: 0.0030558384 | BL6: 0.0018234085 | BM6: 0.0024893017 | BN6: 0.00066440146 | BO6: 0.0040357322
A7: 1972 | B7: =SUM(C7:J7) -> 1 | C7: =SUM(K7:U7) -> 0.32258491 | D7: =SUM(V7:Z7) -> 0.27115511 | E7: =SUM(AA7:AF7) -> 0.078115122 | F7: =SUM(AG7:AN7) -> 0.028452978 | G7: =SUM(AO7:AY7) -> 0.023967377 | H7: =SUM(AZ7:BA7) -> 0.14284184 | I7: =SUM(BB7:BF7) -> 0.10436428 | J7: =SUM(BG7:BO7) -> 0.028518385 | K7: 0.073350811 | L7: 0.0032001302 | M7: 0.011453292 | N7: 0.050246534 | O7: 0.037066057 | P7: 0.031593551 | Q7: 0.012815936 | R7: 0.005588357 | S7: 0.024744093 | T7: 0.044190432 | U7: 0.029965075 | V7: 0.21576942 | W7: 0.037460572 | X7: 0.016152463 | Y7: 0.0024987038 | Z7: 0.00064353808 | AA7: 0.032278274 | AB7: 0.012848854 | AC7: 0.00276245 | AD7: 0.0018322252 | AE7: 0.012622785 | AF7: 0.013752454 | AG7: 0.00043212037 | AH7: 0.0017726232 | AI7: 0.0024439625 | AJ7: 0.0040510778 | AK7: 0.00099906485 | AL7: 0.0018717673 | AM7: 0.0081532171 | AN7: 0.0088728596 | AO7: 0.0014945879 | AP7: 0.00036563992 | AQ7: 0.0006626815 | AR7: 0.00083028413 | AS7: 0.00010494205 | AT7: 0.00018907108 | AU7: 0.010033468 | AV7: 7.4626183e-05 | AW7: 0.00024371727 | AX7: 0.0052567757 | AY7: 0.0091529715 | AZ7: 0.097242542 | BA7: 0.039362146 | BB7: 0.015894041 | BC7: 0.080334317 | BD7: 0.0039788025 | BE7: 0.0022261676 | BF7: 0.00245809 | BG7: 0.0010669459 | BH7: 0.013939056 | BI7: 0.0029199518 | BJ7: 0.00032607478 | BK7: 0.0016853053 | BL7: 0.0017221813 | BM7: 0.0024278638 | BN7: 0.00061371524 | BO7: 0.0039613349
A8: 1973 | B8: =SUM(C8:J8) -> 1 | C8: =SUM(K8:U8) -> 0.33357603 | D8: =SUM(V8:Z8) -> 0.24706813 | E8: =SUM(AA8:AF8) -> 0.093772573 | F8: =SUM(AG8:AN8) -> 0.029863104 | G8: =SUM(AO8:AY8) -> 0.021215619 | H8: =SUM(AZ8:BA8) -> 0.13777305 | I8: =SUM(BB8:BF8) -> 0.11030147 | J8: =SUM(BG8:BO8) -> 0.026430035 | K8: 0.078825456 | L8: 0.0034277116 | M8: 0.012011249 | N8: 0.053104211 | O8: 0.035970862 | P8: 0.029010454 | Q8: 0.013340166 | R8: 0.0062736883 | S8: 0.025355199 | T8: 0.046418232 | U8: 0.030350609 | V8: 0.19246829 | W8: 0.033524693 | X8: 0.018051129 | Y8: 0.0027127876 | Z8: 0.00069030902 | AA8: 0.046009122 | AB8: 0.013963823 | AC8: 0.0032525552 | AD8: 0.0017761982 | AE8: 0.012548137 | AF8: 0.013393914 | AG8: 0.00067110483 | AH8: 0.0018265304 | AI8: 0.0022091062 | AJ8: 0.0050013401 | AK8: 0.00097958829 | AL8: 0.002267257 | AM8: 0.0084356754 | AN8: 0.0085183206 | AO8: 0.0013754784 | AP8: 0.00036457061 | AQ8: 0.00056747914 | AR8: 0.00070905556 | AS8: 8.7766951e-05 | AT8: 0.00014550169 | AU8: 0.0083199302 | AV8: 6.6860912e-05 | AW8: 0.00022266873 | AX8: 0.0051862967 | AY8: 0.0078035285 | AZ8: 0.096852844 | BA8: 0.038969014 | BB8: 0.015893287 | BC8: 0.085214599 | BD8: 0.0043079319 | BE8: 0.0026086154 | BF8: 0.0024462683 | BG8: 0.0012227902 | BH8: 0.012338623 | BI8: 0.0031097371 | BJ8: 0.00030352966 | BK8: 0.0013631391 | BL8: 0.0015925139 | BM8: 0.0023696442 | BN8: 0.00046169564 | BO8: 0.0037089137
A9: 1974 | B9: =SUM(C9:J9) -> 1 | C9: =SUM(K9:U9) -> 0.3285376 | D9: =SUM(V9:Z9) -> 0.23905282 | E9: =SUM(AA9:AF9) -> 0.10431061 | F9: =SUM(AG9:AN9) -> 0.042600084 | G9: =SUM(AO9:AY9) -> 0.023114289 | H9: =SUM(AZ9:BA9) -> 0.1219001 | I9: =SUM(BB9:BF9) -> 0.11160482 | J9: =SUM(BG9:BO9) -> 0.028879686 | K9: 0.077074618 | L9: 0.0034692743 | M9: 0.012931686 | N9: 0.04940038 | O9: 0.036671386 | P9: 0.029592554 | Q9: 0.013742389 | R9: 0.0067697562 | S9: 0.023023386 | T9: 0.049536545 | U9: 0.029754045 | V9: 0.18454313 | W9: 0.03456822 | X9: 0.018962388 | Y9: 0.0027629433 | Z9: 0.00071074917 | AA9: 0.052602483 | AB9: 0.015600856 | AC9: 0.0026132244 | AD9: 0.0017459863 | AE9: 0.013773693 | AF9: 0.014749552 | AG9: 0.0016603572 | AH9: 0.0023542011 | AI9: 0.0022490328 | AJ9: 0.0074749101 | AK9: 0.0010778054 | AL9: 0.0060418222 | AM9: 0.010695102 | AN9: 0.011491402 | AO9: 0.0014088775 | AP9: 0.00037672621 | AQ9: 0.00050759058 | AR9: 0.00070745482 | AS9: 6.9183164e-05 | AT9: 0.00014035543 | AU9: 0.011311034 | AV9: 7.4211799e-05 | AW9: 0.00023343367 | AX9: 0.0054542772 | AY9: 0.0077188214 | AZ9: 0.080498285 | BA9: 0.031905361 | BB9: 0.013576467 | BC9: 0.088374284 | BD9: 0.0053326079 | BE9: 0.003032701 | BF9: 0.0024533965 | BG9: 0.0016041426 | BH9: 0.012797326 | BI9: 0.0041286603 | BJ9: 0.00030964142 | BK9: 0.0014992825 | BL9: 0.0018617889 | BM9: 0.0025980702 | BN9: 0.00042008755 | BO9: 0.003962058
A10: 1975 | B10: =SUM(C10:J10) -> 1 | C10: =SUM(K10:U10) -> 0.35458483 | D10: =SUM(V10:Z10) -> 0.23502583 | E10: =SUM(AA10:AF10) -> 0.07630571 | F10: =SUM(AG10:AN10) -> 0.044175271 | G10: =SUM(AO10:AY10) -> 0.026216809 | H10: =SUM(AZ10:BA10) -> 0.1205733 | I10: =SUM(BB10:BF10) -> 0.11204456 | J10: =SUM(BG10:BO10) -> 0.031073684 | K10: 0.078571564 | L10: 0.0036364156 | M10: 0.014336263 | N10: 0.055436695 | O10: 0.038731915 | P10: 0.032553029 | Q10: 0.01410407 | R10: 0.0077192547 | S10: 0.024046005 | T10: 0.054612337 | U10: 0.0295029 | V10: 0.17810852 | W10: 0.033388519 | X10: 0.019477515 | Y10: 0.0024803143 | Z10: 0.00068650365 | AA10: 0.02065945 | AB10: 0.017108048 | AC10: 0.0011810742 | AD10: 0.0017790527 | AE10: 0.0176246 | AF10: 0.01600981 | AG10: 0.0018756504 | AH10: 0.0024621432 | AI10: 0.0022630084 | AJ10: 0.0080488867 | AK10: 0.0011216223 | AL10: 0.0054246838 | AM10: 0.012206804 | AN10: 0.01060623 | AO10: 0.0014758508 | AP10: 0.0004776438 | AQ10: 0.00051836855 | AR10: 0.00076262281 | AS10: 0.00010113843 | AT10: 0.00017553694 | AU10: 0.014118854 | AV10: 8.7145992e-05 | AW10: 0.00028285335 | AX10: 0.0055207173 | AY10: 0.0082880186 | AZ10: 0.086061967 | BA10: 0.033786741 | BB10: 0.013649765 | BC10: 0.087347812 | BD10: 0.005325115 | BE10: 0.0029706533 | BF10: 0.0023295607 | BG10: 0.0012808968 | BH10: 0.013412172 | BI10: 0.004771396 | BJ10: 0.00028382331 | BK10: 0.001807475 | BL10: 0.0020119626 | BM10: 0.0028431439 | BN10: 0.0004489965 | BO10: 0.0040968806
A11: 1976 | B11: =SUM(C11:J11) -> 1 | C11: =SUM(K11:U11) -> 0.33965006 | D11: =SUM(V11:Z11) -> 0.24053016 | E11: =SUM(AA11:AF11) -> 0.087805394 | F11: =SUM(AG11:AN11) -> 0.048781211 | G11: =SUM(AO11:AY11) -> 0.026679777 | H11: =SUM(AZ11:BA11) -> 0.11014819 | I11: =SUM(BB11:BF11) -> 0.11412359 | J11: =SUM(BG11:BO11) -> 0.032281617 | K11: 0.077066129 | L11: 0.0036913181 | M11: 0.01378949 | N11: 0.05201556 | O11: 0.034583085 | P11: 0.029426568 | Q11: 0.013807928 | R11: 0.0080490924 | S11: 0.023487291 | T11: 0.053067495 | U11: 0.029967457 | V11: 0.18211564 | W11: 0.035298709 | X11: 0.019690434 | Y11: 0.0022760551 | Z11: 0.00065455911 | AA11: 0.026454917 | AB11: 0.020833339 | AC11: 0.0014814336 | AD11: 0.0018938248 | AE11: 0.017000771 | AF11: 0.016170448 | AG11: 0.0022620307 | AH11: 0.0025959966 | AI11: 0.0025285409 | AJ11: 0.0094130203 | AK11: 0.0011026828 | AL11: 0.0067083822 | AM11: 0.013211139 | AN11: 0.010859077 | AO11: 0.0013030635 | AP11: 0.0005454555 | AQ11: 0.00054027365 | AR11: 0.00076153283 | AS11: 0.00011222529 | AT11: 0.00019463269 | AU11: 0.016129531 | AV11: 9.1057672e-05 | AW11: 0.00033045897 | AX11: 0.004949857 | AY11: 0.0080584926 | AZ11: 0.078566212 | BA11: 0.030810737 | BB11: 0.011310607 | BC11: 0.090660117 | BD11: 0.0061924529 | BE11: 0.0031931638 | BF11: 0.0025325032 | BG11: 0.00094066896 | BH11: 0.013533295 | BI11: 0.0054508006 | BJ11: 0.00030250559 | BK11: 0.0019894216 | BL11: 0.0022038309 | BM11: 0.003119026 | BN11: 0.00049369774 | BO11: 0.0041819683
A12: 1977 | B12: =SUM(C12:J12) -> 1 | C12: =SUM(K12:U12) -> 0.33801753 | D12: =SUM(V12:Z12) -> 0.23903715 | E12: =SUM(AA12:AF12) -> 0.082644256 | F12: =SUM(AG12:AN12) -> 0.051176734 | G12: =SUM(AO12:AY12) -> 0.028164948 | H12: =SUM(AZ12:BA12) -> 0.10656573 | I12: =SUM(BB12:BF12) -> 0.12057808 | J12: =SUM(BG12:BO12) -> 0.033815575 | K12: 0.078891023 | L12: 0.0037276332 | M12: 0.013617528 | N12: 0.049251809 | O12: 0.032245482 | P12: 0.031839173 | Q12: 0.014146332 | R12: 0.0084027105 | S12: 0.022742635 | T12: 0.051974539 | U12: 0.030695535 | V12: 0.18513059 | W12: 0.032626869 | X12: 0.017981531 | Y12: 0.0023246844 | Z12: 0.00063182112 | AA12: 0.022299701 | AB12: 0.021954722 | AC12: 0.0017792934 | AD12: 0.0021088808 | AE12: 0.014467726 | AF12: 0.016053547 | AG12: 0.0026281896 | AH12: 0.0027553937 | AI12: 0.0027768434 | AJ12: 0.010208623 | AK12: 0.0011378841 | AL12: 0.0068266026 | AM12: 0.013814498 | AN12: 0.010955552 | AO12: 0.0015475229 | AP12: 0.00069279064 | AQ12: 0.00055112323 | AR12: 0.00091365671 | AS12: 0.00012121716 | AT12: 0.00021331685 | AU12: 0.017412809 | AV12: 9.8947706e-05 | AW12: 0.00037023419 | AX12: 0.005085118 | AY12: 0.0079732745 | AZ12: 0.07554883 | BA12: 0.029300822 | BB12: 0.012553617 | BC12: 0.09452721 | BD12: 0.0073906532 | BE12: 0.0033106435 | BF12: 0.002623619 | BG12: 0.0010364662 | BH12: 0.013178137 | BI12: 0.006197193 | BJ12: 0.00029745554 | BK12: 0.0021778377 | BL12: 0.0023942594 | BM12: 0.0034586736 | BN12: 0.00055019336 | BO12: 0.0044770267
A13: 1978 | B13: =SUM(C13:J13) -> 1 | C13: =SUM(K13:U13) -> 0.34670846 | D13: =SUM(V13:Z13) -> 0.2306273 | E13: =SUM(AA13:AF13) -> 0.085000395 | F13: =SUM(AG13:AN13) -> 0.0451817 | G13: =SUM(AO13:AY13) -> 0.026513215 | H13: =SUM(AZ13:BA13) -> 0.097757948 | I13: =SUM(BB13:BF13) -> 0.13488697 | J13: =SUM(BG13:BO13) -> 0.033324016 | K13: 0.081070181 | L13: 0.0037172052 | M13: 0.013771773 | N13: 0.050630627 | O13: 0.033223929 | P13: 0.033044712 | Q13: 0.014265535 | R13: 0.0081894646 | S13: 0.0211018 | T13: 0.054743776 | U13: 0.030187161 | V13: 0.18011204 | W13: 0.028834365 | X13: 0.016654936 | Y13: 0.0025383662 | Z13: 0.00065012805 | AA13: 0.024625539 | AB13: 0.021741431 | AC13: 0.0017553627 | AD13: 0.0021341053 | AE13: 0.016092616 | AF13: 0.01496351 | AG13: 0.0020262743 | AH13: 0.0027921711 | AI13: 0.0026502597 | AJ13: 0.00831864 | AK13: 0.001096513 | AL13: 0.005827788 | AM13: 0.01255279 | AN13: 0.0095572913 | AO13: 0.0017870886 | AP13: 0.00072385699 | AQ13: 0.00048511976 | AR13: 0.00088011585 | AS13: 0.00011430013 | AT13: 0.0002349634 | AU13: 0.015801676 | AV13: 9.7652774e-05 | AW13: 0.00032521121 | AX13: 0.0047429556 | AY13: 0.0073429287 | AZ13: 0.073408215 | BA13: 0.02831481 | BB13: 0.013285858 | BC13: 0.1059337 | BD13: 0.0087225981 | BE13: 0.0034958574 | BF13: 0.0023742793 | BG13: 0.0010837275 | BH13: 0.013561286 | BI13: 0.0056435604 | BJ13: 0.00027469741 | BK13: 0.0020441493 | BL13: 0.0022929998 | BM13: 0.0035036821 | BN13: 0.00054406837 | BO13: 0.0041103452
A14: 1979 | B14: =SUM(C14:J14) -> 1 | C14: =SUM(K14:U14) -> 0.35936218 | D14: =SUM(V14:Z14) -> 0.21715937 | E14: =SUM(AA14:AF14) -> 0.097987871 | F14: =SUM(AG14:AN14) -> 0.049659458 | G14: =SUM(AO14:AY14) -> 0.026532106 | H14: =SUM(AZ14:BA14) -> 0.090627875 | I14: =SUM(BB14:BF14) -> 0.12638313 | J14: =SUM(BG14:BO14) -> 0.032288009 | K14: 0.085070209 | L14: 0.0039453778 | M14: 0.015944091 | N14: 0.052071076 | O14: 0.035886392 | P14: 0.036716076 | Q14: 0.014753606 | R14: 0.0081595745 | S14: 0.021286309 | T14: 0.053793472 | U14: 0.028766718 | V14: 0.16831725 | W14: 0.028276552 | X14: 0.015627997 | Y14: 0.0024943904 | Z14: 0.00064886445 | AA14: 0.035163223 | AB14: 0.021517987 | AC14: 0.0020412103 | AD14: 0.0021934951 | AE14: 0.018492376 | AF14: 0.015289623 | AG14: 0.0023059062 | AH14: 0.0030457498 | AI14: 0.0015669755 | AJ14: 0.0080399839 | AK14: 0.0011393129 | AL14: 0.0068858489 | AM14: 0.015143539 | AN14: 0.011121823 | AO14: 0.0014854761 | AP14: 0.00072342176 | AQ14: 0.00044488821 | AR14: 0.00085619733 | AS14: 0.00012257722 | AT14: 0.0002608975 | AU14: 0.016211348 | AV14: 0.00010144828 | AW14: 0.00029465471 | AX14: 0.0049463203 | AY14: 0.007232634 | AZ14: 0.068060534 | BA14: 0.026194495 | BB14: 0.012340356 | BC14: 0.096601391 | BD14: 0.010378019 | BE14: 0.003616502 | BF14: 0.0024026057 | BG14: 0.0010565602 | BH14: 0.013152811 | BI14: 0.0047641542 | BJ14: 0.00026924531 | BK14: 0.0020308906 | BL14: 0.0023998246 | BM14: 0.0034754347 | BN14: 0.00050818183 | BO14: 0.0043641217
A15: 1980 | B15: =SUM(C15:J15) -> 1 | C15: =SUM(K15:U15) -> 0.35087098 | D15: =SUM(V15:Z15) -> 0.21281446 | E15: =SUM(AA15:AF15) -> 0.10353286 | F15: =SUM(AG15:AN15) -> 0.051347339 | G15: =SUM(AO15:AY15) -> 0.030543956 | H15: =SUM(AZ15:BA15) -> 0.087907837 | I15: =SUM(BB15:BF15) -> 0.12887289 | J15: =SUM(BG15:BO15) -> 0.03410968 | K15: 0.080768889 | L15: 0.0035863302 | M15: 0.015853302 | N15: 0.051953113 | O15: 0.037309869 | P15: 0.038851874 | Q15: 0.014340688 | R15: 0.0087717559 | S15: 0.02069526 | T15: 0.051828528 | U15: 0.024645172 | V15: 0.1651262 | W15: 0.027760313 | X15: 0.015293691 | Y15: 0.0025903124 | Z15: 0.0006694275 | AA15: 0.044011007 | AB15: 0.016736415 | AC15: 0.0023725682 | AD15: 0.002268277 | AE15: 0.022410106 | AF15: 0.016015778 | AG15: 0.0030278074 | AH15: 0.0036450671 | AI15: 0.0019207561 | AJ15: 0.0081461715 | AK15: 0.0012642551 | AL15: 0.0093216448 | AM15: 0.010879079 | AN15: 0.012810917 | AO15: 0.0013018826 | AP15: 0.00075245711 | AQ15: 0.00043094552 | AR15: 0.00091489798 | AS15: 0.00013110906 | AT15: 0.00029154358 | AU15: 0.019285415 | AV15: 0.00010527478 | AW15: 0.00029884924 | AX15: 0.0065099793 | AY15: 0.0078238031 | AZ15: 0.06200684 | BA15: 0.023342531 | BB15: 0.012134543 | BC15: 0.098559584 | BD15: 0.0105958 | BE15: 0.0040171866 | BF15: 0.0027334132 | BG15: 0.0011569745 | BH15: 0.012520037 | BI15: 0.0061407395 | BJ15: 0.00027725759 | BK15: 0.0022551613 | BL15: 0.0026465997 | BM15: 0.0038433342 | BN15: 0.00015760121 | BO15: 0.0048916684
A16: 1981 | B16: =SUM(C16:J16) -> 1 | C16: =SUM(K16:U16) -> 0.32426143 | D16: =SUM(V16:Z16) -> 0.22664862 | E16: =SUM(AA16:AF16) -> 0.094893861 | F16: =SUM(AG16:AN16) -> 0.057408665 | G16: =SUM(AO16:AY16) -> 0.028079044 | H16: =SUM(AZ16:BA16) -> 0.089193154 | I16: =SUM(BB16:BF16) -> 0.14168458 | J16: =SUM(BG16:BO16) -> 0.037830649 | K16: 0.070002753 | L16: 0.0034839022 | M16: 0.015288587 | N16: 0.046392775 | O16: 0.03606474 | P16: 0.036763405 | Q16: 0.012666956 | R16: 0.0089657255 | S16: 0.018701326 | T16: 0.047331411 | U16: 0.025511236 | V16: 0.17254827 | W16: 0.031303301 | X16: 0.017294728 | Y16: 0.0027153554 | Z16: 0.00062811695 | AA16: 0.037450653 | AB16: 0.010146815 | AC16: 0.0029654278 | AD16: 0.0025515638 | AE16: 0.028768379 | AF16: 0.018426926 | AG16: 0.0036399602 | AH16: 0.0040571141 | AI16: 0.0025143828 | AJ16: 0.0090772167 | AK16: 0.0010878872 | AL16: 0.010856935 | AM16: 0.012150292 | AN16: 0.013478056 | AO16: 0.0010871616 | AP16: 0.00060005753 | AQ16: 0.00042280276 | AR16: 0.00081504071 | AS16: 0.00011423679 | AT16: 0.00024019673 | AU16: 0.01684148 | AV16: 0.00011151891 | AW16: 0.00033658975 | AX16: 0.006296912 | AY16: 0.0075545005 | AZ16: 0.061764039 | BA16: 0.02317593 | BB16: 0.011813188 | BC16: 0.10839567 | BD16: 0.012421103 | BE16: 0.0045947208 | BF16: 0.0031103456 | BG16: 0.0011062355 | BH16: 0.014416551 | BI16: 0.0073353899 | BJ16: 0.00026659074 | BK16: 0.0025389519 | BL16: 0.0027987796 | BM16: 0.0040112923 | BN16: 0.00011802479 | BO16: 0.0048784945
... A60: 2025 | B60: =SUM(C60:J60) -> 1 | C60: =SUM(K60:U60) -> 0.27049647 | D60: =SUM(V60:Z60) -> 0.19811661 | E60: =SUM(AA60:AF60) -> 0.068825511 | F60: =SUM(AG60:AN60) -> 0.069100587 | G60: =SUM(AO60:AY60) -> 0.018159111 | H60: =SUM(AZ60:BA60) -> 0.026316162 | I60: =SUM(BB60:BF60) -> 0.23095693 | J60: =SUM(BG60:BO60) -> 0.11802862 | K60: 0.042760883 | L60: 0.007874462 | M60: 0.018671331 | N60: 0.038419849 | O60: 0.020752452 | P60: 0.034822176 | Q60: 0.010116853 | R60: 0.007355588 | S60: 0.005128828 | T60: 0.041701753 | U60: 0.041936141 | V60: 0.15556089 | W60: 0.021335261 | X60: 0.018723967 | Y60: 0.0013716762 | Z60: 0.00042451068 | AA60: 0.0050517655 | AB60: 0.017297594 | AC60: 0.0031795222 | AD60: 0.0020088369 | AE60: 0.024091103 | AF60: 0.016953403 | AG60: 0.00590592 | AH60: 0.003068172 | AI60: 0.0066026744 | AJ60: 0.0071914328 | AK60: 0.0010063465 | AL60: 0.0031172624 | AM60: 0.022503803 | AN60: 0.019460718 | AO60: 0.00067842024 | AP60: 0.00098739014 | AQ60: 0.0029409304 | AR60: 0.0014811714 | AS60: 0.0002569181 | AT60: 0.00022298308 | AU60: 0.0020304044 | AV60: 0.00016010103 | AW60: 0.00018747366 | AX60: 0.0037655094 | AY60: 0.0089184398 | AZ60: 0.012985218 | BA60: 0.013237921 | BB60: 0.15088862 | BC60: 0.046517892 | BD60: 0.017845948 | BE60: 0.006579421 | BF60: 0.0083086587 | BG60: 0.0042644123 | BH60: 0.069224897 | BI60: 0.013824623 | BJ60: 0.00045847024 | BK60: 0.004250519 | BL60: 0.0037026812 | BM60: 0.0060061793 | BN60: 0.006642668 | BO60: 0.0092369549
A61: 2026
A62: 2027
A63: 2028
A64: 2029
A65: 2030
A66: 2031
A67: 2032
A68: 2033
A69: 2034
A70: 2035
A71: 2036
A72: 2037
... A135: 2100

Sheet O8s
A1: Data series on Output: Country and Region Output Shares in "Other Services" Sector (current price MER).
A4: Year | B4: World | C4: Europe | D4: North America/ Oceania | E4: Latin America | F4: Middle East/North Africa | G4: Subsaharan Africa | H4: Russia/ Central Asia | I4: East Asia | J4: South & South-East Asia | K4: DE | L4: DK | M4: ES | N4: FR | O4: GB | P4: IT | Q4: NL | R4: NO | S4: SE | T4: OC | U4: QM | V4: US | W4: CA | X4: AU | Y4: NZ | Z4: OH | AA4: AR | AB4: BR | AC4: CL | AD4: CO | AE4: MX | AF4: OD | AG4: AE | AH4: DZ | AI4: EG | AJ4: IR | AK4: MA | AL4: SA | AM4: TR | AN4: OE | AO4: CD | AP4: CI | AQ4: ET | AR4: KE | AS4: ML | AT4: NE | AU4: NG | AV4: RW | AW4: SD | AX4: ZA | AY4: OJ | AZ4: RU | BA4: OA | BB4: CN | BC4: JP | BD4: KR | BE4: TW | BF4: OB | BG4: BD | BH4: IN | BI4: ID | BJ4: MM | BK4: PK | BL4: PH | BM4: TH | BN4: VN | BO4: OI
A5: 1970 | B5: =SUM(C5:J5) -> 1 | C5: =SUM(K5:U5) -> 0.32472131 | D5: =SUM(V5:Z5) -> 0.47054465 | E5: =SUM(AA5:AF5) -> 0.035313617 | F5: =SUM(AG5:AN5) -> 0.020468476 | G5: =SUM(AO5:AY5) -> 0.0082720093 | H5: =SUM(AZ5:BA5) -> 0.078495478 | I5: =SUM(BB5:BF5) -> 0.052922556 | J5: =SUM(BG5:BO5) -> 0.0092619049 | K5: 0.047131051 | L5: 0.0049595463 | M5: 0.0080273823 | N5: 0.075125745 | O5: 0.046566723 | P5: 0.034241235 | Q5: 0.014447819 | R5: 0.0036612795 | S5: 0.013150708 | T5: 0.039752115 | U5: 0.03243149 | V5: 0.42841306 | W5: 0.015925021 | X5: 0.014652053 | Y5: 0.0030839624 | Z5: 0.00089738483 | AA5: 0.0058336122 | AB5: 0.0044312588 | AC5: 0.0024110015 | AD5: 0.0019942913 | AE5: 0.018024725 | AF5: 0.010681667 | AG5: 0.00016626614 | AH5: 0.0011282353 | AI5: 0.0013053423 | AJ5: 0.0022961725 | AK5: 0.00081769892 | AL5: 0.0015598218 | AM5: 0.0072333928 | AN5: 0.0056321167 | AO5: 0.00043325392 | AP5: 8.3878738e-05 | AQ5: 0.00023689537 | AR5: 0.00027599902 | AS5: 3.2047691e-05 | AT5: 5.8119385e-05 | AU5: 0.0029398215 | AV5: 2.2788971e-05 | AW5: 7.9281665e-05 | AX5: 0.001978915 | AY5: 0.0031362582 | AZ5: 0.060554922 | BA5: 0.023002005 | BB5: 0.0092449167 | BC5: 0.039442955 | BD5: 0.0013152958 | BE5: 0.00095273262 | BF5: 0.0011148958 | BG5: 0.00024188237 | BH5: 0.0057670781 | BI5: 0.00050815215 | BJ5: 8.4443212e-05 | BK5: 0.0005554723 | BL5: 0.00038082798 | BM5: 0.00048456221 | BN5: 0.00013336276 | BO5: 0.00095705846
A6: 1971 | B6: =SUM(C6:J6) -> 1 | C6: =SUM(K6:U6) -> 0.33316883 | D6: =SUM(V6:Z6) -> 0.46074049 | E6: =SUM(AA6:AF6) -> 0.036232809 | F6: =SUM(AG6:AN6) -> 0.019990319 | G6: =SUM(AO6:AY6) -> 0.0099855235 | H6: =SUM(AZ6:BA6) -> 0.074168177 | I6: =SUM(BB6:BF6) -> 0.056228371 | J6: =SUM(BG6:BO6) -> 0.0094854844 | K6: 0.051186997 | L6: 0.0050909383 | M6: 0.0081580141 | N6: 0.077164033 | O6: 0.0474998 | P6: 0.034760056 | Q6: 0.015284054 | R6: 0.00375275 | S6: 0.012779853 | T6: 0.040744835 | U6: 0.031793862 | V6: 0.41867853 | W6: 0.016427367 | X6: 0.014559414 | Y6: 0.0033021912 | Z6: 0.00092257771 | AA6: 0.0063348411 | AB6: 0.0045142843 | AC6: 0.0025946272 | AD6: 0.0019472941 | AE6: 0.017634678 | AF6: 0.010528921 | AG6: 0.00020255667 | AH6: 0.0010437662 | AI6: 0.0012362346 | AJ6: 0.0025542208 | AK6: 0.00078084714 | AL6: 0.0018170129 | AM6: 0.0060585665 | AN6: 0.0059998931 | AO6: 0.00052311384 | AP6: 9.317235e-05 | AQ6: 0.00026456723 | AR6: 0.00033033991 | AS6: 3.8022506e-05 | AT6: 6.726652e-05 | AU6: 0.0038342486 | AV6: 2.9585259e-05 | AW6: 9.3295562e-05 | AX6: 0.0023342353 | AY6: 0.0036739238 | AZ6: 0.057517798 | BA6: 0.021110604 | BB6: 0.0089329921 | BC6: 0.042978379 | BD6: 0.0013327561 | BE6: 0.00098176029 | BF6: 0.0011664669 | BG6: 0.00021994491 | BH6: 0.0056333943 | BI6: 0.00054660603 | BJ6: 8.6880329e-05 | BK6: 0.00062233909 | BL6: 0.00046484969 | BM6: 0.00052646546 | BN6: 0.00014405104 | BO6: 0.0010999211
A7: 1972 | B7: =SUM(C7:J7) -> 1 | C7: =SUM(K7:U7) -> 0.3443697 | D7: =SUM(V7:Z7) -> 0.43744807 | E7: =SUM(AA7:AF7) -> 0.038157 | F7: =SUM(AG7:AN7) -> 0.022194889 | G7: =SUM(AO7:AY7) -> 0.010351783 | H7: =SUM(AZ7:BA7) -> 0.076282572 | I7: =SUM(BB7:BF7) -> 0.06251263 | J7: =SUM(BG7:BO7) -> 0.0086833533 | K7: 0.054081639 | L7: 0.0053108961 | M7: 0.0087980085 | N7: 0.081823799 | O7: 0.048354779 | P7: 0.036308287 | Q7: 0.016001222 | R7: 0.0038370168 | S7: 0.013592585 | T7: 0.042000739 | U7: 0.030702742 | V7: 0.39747044 | W7: 0.016016884 | X7: 0.014990134 | Y7: 0.0034961905 | Z7: 0.00095476905 | AA7: 0.0083513173 | AB7: 0.0049869752 | AC7: 0.0024480642 | AD7: 0.0018908077 | AE7: 0.017010705 | AF7: 0.010131127 | AG7: 0.00027620148 | AH7: 0.0012648026 | AI7: 0.0011294069 | AJ7: 0.0028905262 | AK7: 0.00085229205 | AL7: 0.0021697728 | AM7: 0.0068999085 | AN7: 0.0064826634 | AO7: 0.00053071667 | AP7: 9.7618732e-05 | AQ7: 0.00027185456 | AR7: 0.00034061088 | AS7: 4.305081e-05 | AT7: 7.7563409e-05 | AU7: 0.0044244117 | AV7: 3.0614207e-05 | AW7: 9.998114e-05 | AX7: 0.002234485 | AY7: 0.0037132579 | AZ7: 0.056752458 | BA7: 0.020398285 | BB7: 0.0080739606 | BC7: 0.050336555 | BD7: 0.0011880005 | BE7: 0.00097052729 | BF7: 0.0012977132 | BG7: 0.00025485279 | BH7: 0.0051050739 | BI7: 0.00056401448 | BJ7: 6.9377983e-05 | BK7: 0.00035428381 | BL7: 0.00047020405 | BM7: 0.00052158737 | BN7: 0.00013150467 | BO7: 0.0011227389
A8: 1973 | B8: =SUM(C8:J8) -> 1 | C8: =SUM(K8:U8) -> 0.37021552 | D8: =SUM(V8:Z8) -> 0.4004288 | E8: =SUM(AA8:AF8) -> 0.042337896 | F8: =SUM(AG8:AN8) -> 0.023688881 | G8: =SUM(AO8:AY8) -> 0.011212578 | H8: =SUM(AZ8:BA8) -> 0.075887883 | I8: =SUM(BB8:BF8) -> 0.067373817 | J8: =SUM(BG8:BO8) -> 0.0088546277 | K8: 0.060637241 | L8: 0.0058340733 | M8: 0.0098201148 | N8: 0.090930523 | O8: 0.050352187 | P8: 0.034674398 | Q8: 0.017717043 | R8: 0.0042492276 | S8: 0.013448644 | T8: 0.046717421 | U8: 0.031292667 | V8: 0.35927096 | W8: 0.014830676 | X8: 0.016541134 | Y8: 0.0038037008 | Z8: 0.0010696726 | AA8: 0.0122173 | AB8: 0.0055654899 | AC8: 0.0029506655 | AD8: 0.0018981183 | AE8: 0.016240708 | AF8: 0.010025045 | AG8: 0.00043510527 | AH8: 0.0013219528 | AI8: 0.0010574631 | AJ8: 0.0036197237 | AK8: 0.0008531228 | AL8: 0.002672699 | AM8: 0.007050882 | AN8: 0.0063873063 | AO8: 0.00059754762 | AP8: 0.00011420782 | AQ8: 0.00028481259 | AR8: 0.00035586849 | AS8: 4.4049429e-05 | AT8: 7.3025966e-05 | AU8: 0.0046048502 | AV8: 3.3556879e-05 | AW8: 0.0001117554 | AX8: 0.0026860587 | AY8: 0.0038541645 | AZ8: 0.058364145 | BA8: 0.02009745 | BB8: 0.0074863512 | BC8: 0.055287265 | BD8: 0.0012024985 | BE8: 0.0011983016 | BF8: 0.0013728275 | BG8: 0.00034099048 | BH8: 0.0047938261 | BI8: 0.00070913683 | BJ8: 7.4148126e-05 | BK8: 0.00033867261 | BL8: 0.00052950872 | BM8: 0.00059240952 | BN8: 0.00011245122 | BO8: 0.0012548514
A9: 1974 | B9: =SUM(C9:J9) -> 1 | C9: =SUM(K9:U9) -> 0.37764588 | D9: =SUM(V9:Z9) -> 0.37895683 | E9: =SUM(AA9:AF9) -> 0.046952954 | F9: =SUM(AG9:AN9) -> 0.035862154 | G9: =SUM(AO9:AY9) -> 0.014419385 | H9: =SUM(AZ9:BA9) -> 0.070210108 | I9: =SUM(BB9:BF9) -> 0.066264646 | J9: =SUM(BG9:BO9) -> 0.0096880394 | K9: 0.060987196 | L9: 0.005774582 | M9: 0.010703926 | N9: 0.090555725 | O9: 0.056505655 | P9: 0.033890028 | Q9: 0.018832795 | R9: 0.0045796797 | S9: 0.011949905 | T9: 0.050296299 | U9: 0.03126299 | V9: 0.3395146 | W9: 0.015270737 | X9: 0.016969199 | Y9: 0.0037708743 | Z9: 0.0011163122 | AA9: 0.01450785 | AB9: 0.0062908943 | AC9: 0.0024564522 | AD9: 0.0019553794 | AE9: 0.016212474 | AF9: 0.01134633 | AG9: 0.0011022932 | AH9: 0.0017447138 | AI9: 0.0011255139 | AJ9: 0.0055397047 | AK9: 0.00096725329 | AL9: 0.0073081426 | AM9: 0.0089263578 | AN9: 0.0089290869 | AO9: 0.00070656469 | AP9: 0.00013109562 | AQ9: 0.0002940917 | AR9: 0.00040989056 | AS9: 4.0083868e-05 | AT9: 8.1320195e-05 | AU9: 0.0073810843 | AV9: 4.2997397e-05 | AW9: 0.00013524858 | AX9: 0.00325157 | AY9: 0.0043834752 | AZ9: 0.050683791 | BA9: 0.016577164 | BB9: 0.0069964172 | BC9: 0.054369503 | BD9: 0.0015039227 | BE9: 0.0015161465 | BF9: 0.0014738348 | BG9: 0.00049424586 | BH9: 0.0045323223 | BI9: 0.0010541116 | BJ9: 8.2418539e-05 | BK9: 0.00041665436 | BL9: 0.0007097334 | BM9: 0.00071567649 | BN9: 0.00011049728 | BO9: 0.0015131937
A10: 1975 | B10: =SUM(C10:J10) -> 1 | C10: =SUM(K10:U10) -> 0.3932822 | D10: =SUM(V10:Z10) -> 0.36955641 | E10: =SUM(AA10:AF10) -> 0.040203081 | F10: =SUM(AG10:AN10) -> 0.035525717 | G10: =SUM(AO10:AY10) -> 0.017496311 | H10: =SUM(AZ10:BA10) -> 0.068221011 | I10: =SUM(BB10:BF10) -> 0.065289288 | J10: =SUM(BG10:BO10) -> 0.01042598 | K10: 0.061901158 | L10: 0.0061959308 | M10: 0.011908516 | N10: 0.099917952 | O10: 0.049921738 | P10: 0.037546469 | Q10: 0.019987892 | R10: 0.0049601283 | S10: 0.013710399 | T10: 0.053054175 | U10: 0.029990055 | V10: 0.33251739 | W10: 0.015107993 | X10: 0.013746552 | Y10: 0.0031916306 | Z10: 0.0010576915 | AA10: 0.0055125062 | AB10: 0.00683002 | AC10: 0.0010717558 | AD10: 0.0019449837 | AE10: 0.018220446 | AF10: 0.011806484 | AG10: 0.0012133357 | AH10: 0.0017779824 | AI10: 0.0011264131 | AJ10: 0.0058123259 | AK10: 0.00098689687 | AL10: 0.0064038051 | AM10: 0.0096937266 | AN10: 0.0081329425 | AO10: 0.00078908228 | AP10: 0.00017095984 | AQ10: 0.00032019091 | AR10: 0.00047106425 | AS10: 6.2472168e-05 | AT10: 0.00010842736 | AU10: 0.0099979602 | AV10: 5.3829181e-05 | AW10: 0.0001747156 | AX10: 0.003501903 | AY10: 0.0049944187 | AZ10: 0.052731976 | BA10: 0.016464675 | BB10: 0.0069302953 | BC10: 0.053295356 | BD10: 0.0015007147 | BE10: 0.0014450052 | BF10: 0.0014226966 | BG10: 0.00040364035 | BH10: 0.0046939763 | BI10: 0.0012648386 | BJ10: 7.637723e-05 | BK10: 0.00052010168 | BL10: 0.00081064684 | BM10: 0.00079918121 | BN10: 0.00011846573 | BO10: 0.0016277327
A11: 1976 | B11: =SUM(C11:J11) -> 1 | C11: =SUM(K11:U11) -> 0.37648348 | D11: =SUM(V11:Z11) -> 0.37897119 | E11: =SUM(AA11:AF11) -> 0.04265244 | F11: =SUM(AG11:AN11) -> 0.039272685 | G11: =SUM(AO11:AY11) -> 0.020243854 | H11: =SUM(AZ11:BA11) -> 0.063316367 | I11: =SUM(BB11:BF11) -> 0.06800282 | J11: =SUM(BG11:BO11) -> 0.011057163 | K11: 0.060051284 | L11: 0.0064510845 | M11: 0.011632617 | N11: 0.096429441 | O11: 0.043319879 | P11: 0.032878884 | Q11: 0.020770125 | R11: 0.0050145073 | S11: 0.013295546 | T11: 0.053019365 | U11: 0.030002985 | V11: 0.34208656 | W11: 0.016940184 | X11: 0.012356735 | Y11: 0.0029058652 | Z11: 0.0010401816 | AA11: 0.0070943763 | AB11: 0.0076394227 | AC11: 0.0013483656 | AD11: 0.0020996815 | AE11: 0.016969997 | AF11: 0.011891237 | AG11: 0.0014606472 | AH11: 0.001871268 | AI11: 0.0012821342 | AJ11: 0.0067851723 | AK11: 0.00097440234 | AL11: 0.0079137402 | AM11: 0.010238945 | AN11: 0.0083689901 | AO11: 0.00077879078 | AP11: 0.00021099339 | AQ11: 0.00037304353 | AR11: 0.00052581668 | AS11: 7.7488356e-05 | AT11: 0.00013438831 | AU11: 0.012961891 | AV11: 6.2872723e-05 | AW11: 0.00022817248 | AX11: 0.0035056456 | AY11: 0.005420619 | AZ11: 0.048661528 | BA11: 0.014624855 | BB11: 0.0061790115 | BC11: 0.056012285 | BD11: 0.0019835023 | BE11: 0.0015634633 | BF11: 0.001611095 | BG11: 0.00031850047 | BH11: 0.0044539537 | BI11: 0.001578458 | BJ11: 8.6630113e-05 | BK11: 0.00062268024 | BL11: 0.00098264877 | BM11: 0.00094017604 | BN11: 0.00013766706 | BO11: 0.001830196
A12: 1977 | B12: =SUM(C12:J12) -> 1 | C12: =SUM(K12:U12) -> 0.37498487 | D12: =SUM(V12:Z12) -> 0.37555865 | E12: =SUM(AA12:AF12) -> 0.039433477 | F12: =SUM(AG12:AN12) -> 0.039892433 | G12: =SUM(AO12:AY12) -> 0.021956439 | H12: =SUM(AZ12:BA12) -> 0.060783117 | I12: =SUM(BB12:BF12) -> 0.075748177 | J12: =SUM(BG12:BO12) -> 0.01164284 | K12: 0.062230416 | L12: 0.0064769567 | M12: 0.011760005 | N12: 0.092643603 | O12: 0.041119996 | P12: 0.033049025 | Q12: 0.021938135 | R12: 0.0051212391 | S12: 0.012339822 | T12: 0.054399991 | U12: 0.030519164 | V12: 0.34191871 | W12: 0.01595728 | X12: 0.010427108 | Y12: 0.0028591186 | Z12: 0.0010047313 | AA12: 0.0060157308 | AB12: 0.007908019 | AC12: 0.0016261228 | AD12: 0.0023733264 | AE12: 0.013021038 | AF12: 0.011793502 | AG12: 0.001654742 | AH12: 0.0019366106 | AI12: 0.001400845 | AJ12: 0.0071750647 | AK12: 0.0009863065 | AL12: 0.007857196 | AM12: 0.010218427 | AN12: 0.0083029692 | AO12: 0.00094619254 | AP12: 0.00026551641 | AQ12: 0.00038929754 | AR12: 0.00064538072 | AS12: 8.5624299e-05 | AT12: 0.00015068086 | AU12: 0.014503375 | AV12: 6.9893803e-05 | AW12: 0.00026152274 | AX12: 0.0036824756 | AY12: 0.0054460366 | AZ12: 0.047340339 | BA12: 0.013576686 | BB12: 0.0063789579 | BC12: 0.06291528 | BD12: 0.0024414007 | BE12: 0.0016332338 | BF12: 0.0016952161 | BG12: 0.00034564048 | BH12: 0.0043954821 | BI12: 0.0017993827 | BJ12: 8.3236045e-05 | BK12: 0.00067961888 | BL12: 0.0010799705 | BM12: 0.0010251145 | BN12: 0.00014900948 | BO12: 0.0019802376
A13: 1978 | B13: =SUM(C13:J13) -> 1 | C13: =SUM(K13:U13) -> 0.38182469 | D13: =SUM(V13:Z13) -> 0.35832815 | E13: =SUM(AA13:AF13) -> 0.039617082 | F13: =SUM(AG13:AN13) -> 0.036167634 | G13: =SUM(AO13:AY13) -> 0.023481548 | H13: =SUM(AZ13:BA13) -> 0.058519023 | I13: =SUM(BB13:BF13) -> 0.090332293 | J13: =SUM(BG13:BO13) -> 0.011729582 | K13: 0.065060571 | L13: 0.0067483574 | M13: 0.011621101 | N13: 0.092532951 | O13: 0.041405016 | P13: 0.035021958 | Q13: 0.02332952 | R13: 0.0047536109 | S13: 0.012113238 | T13: 0.056306629 | U13: 0.028997161 | V13: 0.32682697 | W13: 0.014058608 | X13: 0.0098495288 | Y13: 0.0029027878 | Z13: 0.00099780455 | AA13: 0.0066631045 | AB13: 0.0077653402 | AC13: 0.001606337 | AD13: 0.0024306952 | AE13: 0.013889551 | AF13: 0.010963719 | AG13: 0.0013232024 | AH13: 0.0020354251 | AI13: 0.0014146441 | AJ13: 0.0060640872 | AK13: 0.00099160242 | AL13: 0.0069579418 | AM13: 0.0094364961 | AN13: 0.0075715395 | AO13: 0.0012526823 | AP13: 0.00030846307 | AQ13: 0.00039285684 | AR13: 0.00071273026 | AS13: 9.2561864e-05 | AT13: 0.00019027669 | AU13: 0.015261827 | AV13: 7.9080598e-05 | AW13: 0.00026336064 | AX13: 0.0039378568 | AY13: 0.0056804336 | AZ13: 0.046396387 | BA13: 0.012781822 | BB13: 0.0065561874 | BC13: 0.076512242 | BD13: 0.0029505548 | BE13: 0.0017278025 | BF13: 0.0016546619 | BG13: 0.00039941816 | BH13: 0.0040374457 | BI13: 0.0018457686 | BJ13: 8.4404783e-05 | BK13: 0.00071361561 | BL13: 0.0011714273 | BM13: 0.0011460602 | BN13: 0.00016095185 | BO13: 0.0020496203
