Workbook
Name __ISC01: #REF!
Name __ISC01: #REF!
Name __ISC01: #REF!
Name __ISC01: #REF!
Name __ISC2: #REF!
Name __ISC2: #REF!
Name __ISC2: #REF!
Name __ISC2: #REF!
Name __ISC3: #REF!+#REF!
Name __ISC3: #REF!+#REF!
Name __ISC3: #REF!+#REF!
Name __ISC3: #REF!+#REF!
Name __ISC567: #REF!
Name __ISC567: #REF!
Name __ISC567: #REF!
Name __ISC567: #REF!
Name _10000: #REF!
Name _10000: #REF!
Name _10000: #REF!
Name _10000: #REF!
Name _1080: #REF!
Name _1080: #REF!
Name _1080: #REF!
Name _1080: #REF!
Name _1090: #REF!
Name _1090: #REF!
Name _1090: #REF!
Name _1090: #REF!
Name _1100: #REF!
Name _1100: #REF!
Name _1100: #REF!
Name _1100: #REF!
Name _1110: #REF!
Name _1110: #REF!
Name _1110: #REF!
Name _1110: #REF!
Name _2: #REF!
Name _2: #REF!
Name _2: #REF!
Name _2: #REF!
Name _2010: #REF!
Name _2010: #REF!
Name _2010: #REF!
Name _2010: #REF!
Name _2080: #REF!
Name _2080: #REF!
Name _2080: #REF!
Name _2080: #REF!
Name _2090: #REF!
Name _2090: #REF!
Name _2090: #REF!
Name _2090: #REF!
Name _2100: #REF!
Name _2100: #REF!
Name _2100: #REF!
Name _2100: #REF!
Name _2110: #REF!
Name _2110: #REF!
Name _2110: #REF!
Name _2110: #REF!

Sheet ReadMe
A1: Country-Level Input-Output Analysis - Inputs used by : | D1: "Manufacturing" | G1: A-Matrix Coefficients & Domestic Share
B5: Ox | C5: ="A-Matrix by Sector and Country: Inputs used by " & D1 & " Sector as a Share of " & D1 & " Output (Current Price, MER)" -> A-Matrix by Sector and Country: Inputs used by "Manufacturing" Sector as a Share of "Manufacturing" Output (Current Price, MER)
B6: Px | C6: ="Inputs used by " & D1 & " Sector : Domestic Sectoral Inputs Used as Share of Total Sectoral Inputs (Current Price MER)" -> Inputs used by "Manufacturing" Sector : Domestic Sectoral Inputs Used as Share of Total Sectoral Inputs (Current Price MER)
B7: Qx | C7: ="Import, Export, Consumption, Investment as Share of Sector Supply (Output & Import) (Current Price MER)" -> Import, Export, Consumption, Investment as Share of Sector Supply (Output & Import) (Current Price MER)
B8: Qxo | C8: ="Import, Export, Consumption, Investment as Share of Sector Output (Current Price MER)" -> Import, Export, Consumption, Investment as Share of Sector Output (Current Price MER)
B9: Qxg | C9: ="Import, Export as Share of Sector Gross Final Expenditure (Current Price MER)" -> Import, Export as Share of Sector Gross Final Expenditure (Current Price MER)
B12: Sheet Number | C12: Sector Name
B13: 1 | C13: Food
B14: 2a | C14: Housing Services
B15: 2b | C15: Construction
B16: 3 | C16: Manufacturing
B17: 4 | C17: Energy
B18: 5 | C18: Education/Health
B19: 6 | C19: Leisure/Culture
B20: 7 | C20: Transport
B21: 8 | C21: Other services

Sheet O0
A1: ="Data series on A-Matrix Coefficients: Total Inputs used by " & ReadMe!D1 & " Sector as Share of " & ReadMe!D1 & " Output (current price MER)." -> Data series on A-Matrix Coefficients: Total Inputs used by "Manufacturing" Sector as Share of "Manufacturing" Output (current price MER).
A4: Year | B4: World | C4: Europe | D4: North America/ Oceania | E4: Latin America | F4: Middle East/North Africa | G4: Subsaharan Africa | H4: Russia/ Central Asia | I4: East Asia | J4: South & South-East Asia | K4: DE | L4: DK | M4: ES | N4: FR | O4: GB | P4: IT | Q4: NL | R4: NO | S4: SE | T4: OC | U4: QM | V4: US | W4: CA | X4: AU | Y4: NZ | Z4: OH | AA4: AR | AB4: BR | AC4: CL | AD4: CO | AE4: MX | AF4: OD | AG4: AE | AH4: DZ | AI4: EG | AJ4: IR | AK4: MA | AL4: SA | AM4: TR | AN4: OE | AO4: CD | AP4: CI | AQ4: ET | AR4: KE | AS4: ML | AT4: NE | AU4: NG | AV4: RW | AW4: SD | AX4: ZA | AY4: OJ | AZ4: RU | BA4: OA | BB4: CN | BC4: JP | BD4: KR | BE4: TW | BF4: OB | BG4: BD | BH4: IN | BI4: ID | BJ4: MM | BK4: PK | BL4: PH | BM4: TH | BN4: VN | BO4: OI
A5: 1970 | B5: 0.64732629 | C5: 0.64026497 | D5: 0.63421407 | E5: 0.63786683 | F5: 0.59730905 | G5: 0.52291764 | H5: 0.72266774 | I5: 0.64757181 | J5: 0.5303405 | K5: 0.60912611 | L5: 0.55510825 | M5: 0.73545686 | N5: 0.65471285 | O5: 0.6832624 | P5: 0.58233788 | Q5: 0.63451764 | R5: 0.66666253 | S5: 0.71019809 | T5: 0.6478015 | U5: 0.6478015 | V5: 0.62861003 | W5: 0.72267557 | X5: 0.58365983 | Y5: 0.64180393 | Z5: 0.63181509 | AA5: 0.53795563 | AB5: 0.62162635 | AC5: 0.56143205 | AD5: 0.55641855 | AE5: 0.70170099 | AF5: 0.61767804 | AG5: 0.63523792 | AH5: 0.59929575 | AI5: 0.57720204 | AJ5: 0.59929575 | AK5: 0.60899535 | AL5: 0.56211349 | AM5: 0.60478755 | AN5: 0.59929575 | AO5: 0.4078714 | AP5: 0.53504234 | AQ5: 0.56053681 | AR5: 0.56053681 | AS5: 0.56053681 | AT5: 0.56053681 | AU5: 0.50327514 | AV5: 0.56053681 | AW5: 0.56053681 | AX5: 0.56053681 | AY5: 0.56053681 | AZ5: 0.72266774 | BA5: 0.72752618 | BB5: 0.66322851 | BC5: 0.63424452 | BD5: 0.70592849 | BE5: 0.82745056 | BF5: 0.6619369 | BG5: 0.41558114 | BH5: 0.53968997 | BI5: 0.57516097 | BJ5: 0.53792045 | BK5: 0.48343309 | BL5: 0.46358315 | BM5: 0.63294613 | BN5: 0.55691611 | BO5: 0.58654418
A6: 1971 | B6: 0.65098881 | C6: 0.64134817 | D6: 0.6342142 | E6: 0.64318444 | F6: 0.59818252 | G6: 0.60148304 | H6: 0.7247967 | I6: 0.65104183 | J6: 0.61239967 | K6: 0.60994297 | L6: 0.56219593 | M6: 0.74026903 | N6: 0.65753042 | O6: 0.67626517 | P6: 0.57767633 | Q6: 0.65767934 | R6: 0.66725105 | S6: 0.71984946 | T6: 0.64837337 | U6: 0.64837337 | V6: 0.62743801 | W6: 0.71776087 | X6: 0.60400499 | Y6: 0.64081081 | Z6: 0.63083742 | AA6: 0.54033653 | AB6: 0.61853935 | AC6: 0.56391685 | AD6: 0.55888117 | AE6: 0.71733163 | AF6: 0.62041177 | AG6: 0.63710932 | AH6: 0.60106127 | AI6: 0.57890247 | AJ6: 0.60106127 | AK6: 0.61078944 | AL6: 0.56376947 | AM6: 0.60656925 | AN6: 0.60106127 | AO6: 0.46957869 | AP6: 0.61598947 | AQ6: 0.64534102 | AR6: 0.64534102 | AS6: 0.64534102 | AT6: 0.64534102 | AU6: 0.57941618 | AV6: 0.64534102 | AW6: 0.64534102 | AX6: 0.64534102 | AY6: 0.64534102 | AZ6: 0.7247967 | BA6: 0.72966946 | BB6: 0.66519549 | BC6: 0.63639726 | BD6: 0.70915054 | BE6: 0.83129071 | BF6: 0.66388695 | BG6: 0.47845486 | BH6: 0.62134024 | BI6: 0.66217769 | BJ6: 0.61930301 | BK6: 0.5565722 | BL6: 0.53371914 | BM6: 0.72870523 | BN6: 0.64117254 | BO6: 0.67528307
A7: 1972 | B7: 0.6476889 | C7: 0.63836338 | D7: 0.63562741 | E7: 0.63751572 | F7: 0.59757994 | G7: 0.56507181 | H7: 0.72368668 | I7: 0.64800596 | J7: 0.57822813 | K7: 0.61191588 | L7: 0.56253243 | M7: 0.74025661 | N7: 0.65181742 | O7: 0.66450833 | P7: 0.57589413 | Q7: 0.64354833 | R7: 0.66424576 | S7: 0.71952939 | T7: 0.6454531 | U7: 0.6454531 | V7: 0.62908945 | W7: 0.70342426 | X7: 0.62435802 | Y7: 0.64245027 | Z7: 0.63245137 | AA7: 0.5411279 | AB7: 0.6154192 | AC7: 0.56474275 | AD7: 0.55969969 | AE7: 0.71999609 | AF7: 0.62132042 | AG7: 0.6361336 | AH7: 0.60014074 | AI7: 0.57801589 | AJ7: 0.60014074 | AK7: 0.60985402 | AL7: 0.56290606 | AM7: 0.60564029 | AN7: 0.60014074 | AO7: 0.44212267 | AP7: 0.57997289 | AQ7: 0.60760827 | AR7: 0.60760827 | AS7: 0.60760827 | AT7: 0.60760827 | AU7: 0.54553802 | AV7: 0.60760827 | AW7: 0.60760827 | AX7: 0.60760827 | AY7: 0.60760827 | AZ7: 0.72368668 | BA7: 0.72855197 | BB7: 0.66384204 | BC7: 0.63428989 | BD7: 0.72449242 | BE7: 0.81997339 | BF7: 0.66287021 | BG7: 0.45047985 | BH7: 0.5850108 | BI7: 0.62346051 | BJ7: 0.58309268 | BK7: 0.52402971 | BL7: 0.50251286 | BM7: 0.68609821 | BN7: 0.60368352 | BO7: 0.63579963
A8: 1973 | B8: 0.64526609 | C8: 0.63795328 | D8: 0.64192603 | E8: 0.62631135 | F8: 0.59442719 | G8: 0.5212046 | H8: 0.72004613 | I8: 0.64365339 | J8: 0.53173444 | K8: 0.61706944 | L8: 0.56482265 | M8: 0.7350568 | N8: 0.6460092 | O8: 0.67806981 | P8: 0.56473108 | Q8: 0.62463703 | R8: 0.66302619 | S8: 0.71481635 | T8: 0.64426804 | U8: 0.64426804 | V8: 0.63795644 | W8: 0.6951464 | X8: 0.61752414 | Y8: 0.65002196 | Z8: 0.63990521 | AA8: 0.54190304 | AB8: 0.61573019 | AC8: 0.56555171 | AD8: 0.56050143 | AE8: 0.71036714 | AF8: 0.62221043 | AG8: 0.63293349 | AH8: 0.5971217 | AI8: 0.57510814 | AJ8: 0.5971217 | AK8: 0.60678611 | AL8: 0.56007433 | AM8: 0.60259358 | AN8: 0.5971217 | AO8: 0.40644821 | AP8: 0.53317543 | AQ8: 0.55858094 | AR8: 0.55858094 | AS8: 0.55858094 | AT8: 0.55858094 | AU8: 0.50151907 | AV8: 0.55858094 | AW8: 0.55858094 | AX8: 0.55858094 | AY8: 0.55858094 | AZ8: 0.72004613 | BA8: 0.72488695 | BB8: 0.65561143 | BC8: 0.63172414 | BD8: 0.69922355 | BE8: 0.80589439 | BF8: 0.65953561 | BG8: 0.41413106 | BH8: 0.53780683 | BI8: 0.57315407 | BJ8: 0.53604349 | BK8: 0.48174625 | BL8: 0.46196558 | BM8: 0.6307376 | BN8: 0.55497287 | BO8: 0.58449756
A9: 1974 | B9: 0.64204988 | C9: 0.63489371 | D9: 0.66122533 | E9: 0.60485821 | F9: 0.58764963 | G9: 0.50918927 | H9: 0.7155669 | I9: 0.63755461 | J9: 0.52134136 | K9: 0.62113317 | L9: 0.58074617 | M9: 0.72474774 | N9: 0.61384983 | O9: 0.68338361 | P9: 0.5821998 | Q9: 0.62617774 | R9: 0.65648487 | S9: 0.69063804 | T9: 0.63791178 | U9: 0.63791178 | V9: 0.66228302 | W9: 0.68857282 | X9: 0.60638382 | Y9: 0.67142279 | Z9: 0.66097297 | AA9: 0.51997841 | AB9: 0.58674424 | AC9: 0.5426703 | AD9: 0.53782435 | AE9: 0.69209146 | AF9: 0.59703668 | AG9: 0.62899616 | AH9: 0.59340715 | AI9: 0.57153054 | AJ9: 0.59340715 | AK9: 0.60301145 | AL9: 0.55659024 | AM9: 0.598845 | AN9: 0.59340715 | AO9: 0.39892139 | AP9: 0.52330179 | AQ9: 0.54823683 | AR9: 0.54823683 | AS9: 0.54823683 | AT9: 0.54823683 | AU9: 0.49223167 | AV9: 0.54823683 | AW9: 0.54823683 | AX9: 0.54823683 | AY9: 0.54823683 | AZ9: 0.7155669 | BA9: 0.7203776 | BB9: 0.64652863 | BC9: 0.6299488 | BD9: 0.70637774 | BE9: 0.7022481 | BF9: 0.6554328 | BG9: 0.40646195 | BH9: 0.52784744 | BI9: 0.56254009 | BJ9: 0.52611674 | BK9: 0.47282502 | BL9: 0.45341065 | BM9: 0.61905726 | BN9: 0.54469558 | BO9: 0.57367351
A10: 1975 | B10: 0.64566542 | C10: 0.64886125 | D10: 0.65262313 | E10: 0.63503903 | F10: 0.58260517 | G10: 0.53851895 | H10: 0.70781225 | I10: 0.63483815 | J10: 0.55556208 | K10: 0.61754735 | L10: 0.56045938 | M10: 0.72373864 | N10: 0.63784357 | O10: 0.70547492 | P10: 0.61470571 | Q10: 0.66054493 | R10: 0.67302942 | S10: 0.7039854 | T10: 0.65398826 | U10: 0.65398826 | V10: 0.65090108 | W10: 0.68946776 | X10: 0.62159815 | Y10: 0.66137496 | Z10: 0.65108152 | AA10: 0.53190759 | AB10: 0.60585703 | AC10: 0.55512007 | AD10: 0.55016294 | AE10: 0.6904362 | AF10: 0.61073371 | AG10: 0.62217968 | AH10: 0.58697635 | AI10: 0.56533682 | AJ10: 0.58697635 | AK10: 0.59647656 | AL10: 0.55055843 | AM10: 0.59235527 | AN10: 0.58697635 | AO10: 0.42317035 | AP10: 0.55511138 | AQ10: 0.58156213 | AR10: 0.58156213 | AS10: 0.58156213 | AT10: 0.58156213 | AU10: 0.52215262 | AV10: 0.58156213 | AW10: 0.58156213 | AX10: 0.58156213 | AY10: 0.58156213 | AZ10: 0.70781225 | BA10: 0.71257082 | BB10: 0.65081414 | BC10: 0.62128026 | BD10: 0.71698216 | BE10: 0.74639294 | BF10: 0.64832982 | BG10: 0.43116928 | BH10: 0.55993334 | BI10: 0.59673483 | BJ10: 0.55809744 | BK10: 0.50156631 | BL10: 0.48097181 | BM10: 0.65668747 | BN10: 0.57780562 | BO10: 0.60854502
A11: 1976 | B11: 0.64197046 | C11: 0.63850704 | D11: 0.65075266 | E11: 0.6321025 | F11: 0.58436994 | G11: 0.54672051 | H11: 0.71105168 | I11: 0.63817931 | J11: 0.5678242 | K11: 0.62053183 | L11: 0.56727025 | M11: 0.71811643 | N11: 0.62041304 | O11: 0.69855413 | P11: 0.58447531 | Q11: 0.64369336 | R11: 0.6610612 | S11: 0.70034615 | T11: 0.64235864 | U11: 0.64235864 | V11: 0.648063 | W11: 0.70026358 | X11: 0.61043918 | Y11: 0.65858173 | Z11: 0.64833176 | AA11: 0.54041831 | AB11: 0.61510262 | AC11: 0.56400219 | AD11: 0.55896575 | AE11: 0.68990023 | AF11: 0.62050567 | AG11: 0.6250272 | AH11: 0.58966275 | AI11: 0.56792418 | AJ11: 0.58966275 | AK11: 0.59920644 | AL11: 0.55307816 | AM11: 0.59506628 | AN11: 0.58966275 | AO11: 0.43071587 | AP11: 0.56500953 | AQ11: 0.59193192 | AR11: 0.59193192 | AS11: 0.59193192 | AT11: 0.59193192 | AU11: 0.53146308 | AV11: 0.59193192 | AW11: 0.59193192 | AX11: 0.59193192 | AY11: 0.59193192 | AZ11: 0.71105168 | BA11: 0.71583202 | BB11: 0.65174644 | BC11: 0.62412475 | BD11: 0.72317329 | BE11: 0.74263391 | BF11: 0.65129702 | BG11: 0.43885743 | BH11: 0.56991747 | BI11: 0.60737517 | BJ11: 0.56804884 | BK11: 0.5105097 | BL11: 0.48954798 | BM11: 0.66839681 | BN11: 0.58810842 | BO11: 0.61939593
A12: 1977 | B12: 0.64488158 | C12: 0.6401193 | D12: 0.65033082 | E12: 0.62639957 | F12: 0.58756635 | G12: 0.58627049 | H12: 0.71465611 | I12: 0.64259715 | J12: 0.61054202 | K12: 0.60917165 | L12: 0.57831571 | M12: 0.7291521 | N12: 0.62441722 | O12: 0.70924664 | P12: 0.59404119 | Q12: 0.64969633 | R12: 0.66360211 | S12: 0.69934081 | T12: 0.64482766 | U12: 0.64482766 | V12: 0.64798556 | W12: 0.69691079 | X12: 0.61215339 | Y12: 0.65955901 | Z12: 0.64929383 | AA12: 0.54548222 | AB12: 0.6216277 | AC12: 0.5692871 | AD12: 0.56420346 | AE12: 0.67356573 | AF12: 0.62632003 | AG12: 0.62819556 | AH12: 0.59265185 | AI12: 0.57080308 | AJ12: 0.59265185 | AK12: 0.60224392 | AL12: 0.5558818 | AM12: 0.59808277 | AN12: 0.59265185 | AO12: 0.46233887 | AP12: 0.60649232 | AQ12: 0.63539134 | AR12: 0.63539134 | AS12: 0.63539134 | AT12: 0.63539134 | AU12: 0.57048291 | AV12: 0.63539134 | AW12: 0.63539134 | AX12: 0.63539134 | AY12: 0.63539134 | AZ12: 0.71465611 | BA12: 0.71946069 | BB12: 0.65504898 | BC12: 0.6272953 | BD12: 0.71351849 | BE12: 0.75874075 | BF12: 0.65459855 | BG12: 0.47107818 | BH12: 0.6117606 | BI12: 0.65196843 | BJ12: 0.60975477 | BK12: 0.54799113 | BL12: 0.52549042 | BM12: 0.71747026 | BN12: 0.63128713 | BO12: 0.66487176
A13: 1978 | B13: 0.64208972 | C13: 0.64051213 | D13: 0.65052654 | E13: 0.6182512 | F13: 0.58054019 | G13: 0.58395589 | H13: 0.70649186 | I13: 0.63592446 | J13: 0.60930582 | K13: 0.60007125 | L13: 0.58360758 | M13: 0.7386926 | N13: 0.63444825 | O13: 0.70625152 | P13: 0.60573073 | Q13: 0.64763973 | R13: 0.6656617 | S13: 0.69422083 | T13: 0.64682898 | U13: 0.64682898 | V13: 0.64446061 | W13: 0.73092734 | X13: 0.60232374 | Y13: 0.6572496 | Z13: 0.64702036 | AA13: 0.54417703 | AB13: 0.62573631 | AC13: 0.56792495 | AD13: 0.56285347 | AE13: 0.64966263 | AF13: 0.62482142 | AG13: 0.62101904 | AH13: 0.58588138 | AI13: 0.56428221 | AJ13: 0.58588138 | AK13: 0.59536386 | AL13: 0.54953139 | AM13: 0.59125025 | AN13: 0.58588138 | AO13: 0.46106221 | AP13: 0.60481761 | AQ13: 0.63363684 | AR13: 0.63363684 | AS13: 0.63363684 | AT13: 0.63363684 | AU13: 0.56890763 | AV13: 0.63363684 | AW13: 0.63363684 | AX13: 0.63363684 | AY13: 0.63363684 | AZ13: 0.70649186 | BA13: 0.71124155 | BB13: 0.64704892 | BC13: 0.61920616 | BD13: 0.7017225 | BE13: 0.78685215 | BF13: 0.64712039 | BG13: 0.46977739 | BH13: 0.61007134 | BI13: 0.65016815 | BJ13: 0.60807105 | BK13: 0.54647796 | BL13: 0.52403938 | BM13: 0.71548911 | BN13: 0.62954395 | BO13: 0.66303584
A14: 1979 | B14: 0.64087393 | C14: 0.63845948 | D14: 0.65248563 | E14: 0.59825747 | F14: 0.58268216 | G14: 0.58603546 | H14: 0.70918891 | I14: 0.63968798 | J14: 0.60876739 | K14: 0.60630517 | L14: 0.59316182 | M14: 0.73487603 | N14: 0.6348721 | O14: 0.68612737 | P14: 0.61056909 | Q14: 0.63534285 | R14: 0.66345578 | S14: 0.67366388 | T14: 0.64468547 | U14: 0.64468547 | V14: 0.65061469 | W14: 0.69309206 | X14: 0.6171911 | Y14: 0.66203937 | Z14: 0.65173558 | AA14: 0.53207829 | AB14: 0.6184608 | AC14: 0.55529822 | AD14: 0.5503395 | AE14: 0.62172204 | AF14: 0.6109297 | AG14: 0.62338979 | AH14: 0.58811799 | AI14: 0.56643637 | AJ14: 0.58811799 | AK14: 0.59763668 | AL14: 0.55162924 | AM14: 0.59350737 | AN14: 0.58811799 | AO14: 0.46159328 | AP14: 0.60551427 | AQ14: 0.63436669 | AR14: 0.63436669 | AS14: 0.63436669 | AT14: 0.63436669 | AU14: 0.56956293 | AV14: 0.63436669 | AW14: 0.63436669 | AX14: 0.63436669 | AY14: 0.63436669 | AZ14: 0.70918891 | BA14: 0.71395673 | BB14: 0.64619795 | BC14: 0.62361234 | BD14: 0.71827149 | BE14: 0.75770612 | BF14: 0.64959079 | BG14: 0.4703185 | BH14: 0.61077405 | BI14: 0.65091704 | BJ14: 0.60877146 | BK14: 0.54710742 | BL14: 0.52464299 | BM14: 0.71631324 | BN14: 0.63026909 | BO14: 0.66379956
A15: 1980 | B15: 0.64646706 | C15: 0.63975129 | D15: 0.65771874 | E15: 0.59160178 | F15: 0.59611982 | G15: 0.59468588 | H15: 0.72928882 | I15: 0.65639808 | J15: 0.61660901 | K15: 0.61217137 | L15: 0.58602626 | M15: 0.72331036 | N15: 0.63434106 | O15: 0.68873256 | P15: 0.61486075 | Q15: 0.62549612 | R15: 0.66585865 | S15: 0.6786362 | T15: 0.64702036 | U15: 0.64702036 | V15: 0.65400388 | W15: 0.71639793 | X15: 0.62103386 | Y15: 0.66560754 | Z15: 0.65524822 | AA15: 0.52822809 | AB15: 0.62525942 | AC15: 0.55127999 | AD15: 0.54635716 | AE15: 0.61138401 | AF15: 0.60650892 | AG15: 0.64105798 | AH15: 0.6047865 | AI15: 0.58249037 | AJ15: 0.6047865 | AK15: 0.61457497 | AL15: 0.56726358 | AM15: 0.61032862 | AN15: 0.6047865 | AO15: 0.46659241 | AP15: 0.61207208 | AQ15: 0.64123698 | AR15: 0.64123698 | AS15: 0.64123698 | AT15: 0.64123698 | AU15: 0.57573138 | AV15: 0.64123698 | AW15: 0.64123698 | AX15: 0.64123698 | AY15: 0.64123698 | AZ15: 0.72928882 | BA15: 0.73419178 | BB15: 0.64674314 | BC15: 0.64714622 | BD15: 0.73830551 | BE15: 0.73554765 | BF15: 0.66800157 | BG15: 0.47541212 | BH15: 0.61738882 | BI15: 0.65796657 | BJ15: 0.61536454 | BK15: 0.55303268 | BL15: 0.53032495 | BM15: 0.72407102 | BN15: 0.637095 | BO15: 0.67098861
A16: 1981 | B16: 0.64542856 | C16: 0.6389787 | D16: 0.65094809 | E16: 0.59862264 | F16: 0.59343657 | G16: 0.60736818 | H16: 0.72687278 | I16: 0.6591035 | J16: 0.62911591 | K16: 0.60739478 | L16: 0.59230807 | M16: 0.72393429 | N16: 0.64082489 | O16: 0.66991686 | P16: 0.62553645 | Q16: 0.63478131 | R16: 0.6653318 | S16: 0.67788494 | T16: 0.64650842 | U16: 0.64650842 | V16: 0.64418041 | W16: 0.72851211 | X16: 0.62267352 | Y16: 0.65690356 | Z16: 0.6466797 | AA16: 0.51494763 | AB16: 0.61613176 | AC16: 0.53741997 | AD16: 0.5326209 | AE16: 0.62449235 | AF16: 0.59126036 | AG16: 0.63893423 | AH16: 0.60278292 | AI16: 0.58056065 | AJ16: 0.60278292 | AK16: 0.61253896 | AL16: 0.5653843 | AM16: 0.60830668 | AN16: 0.60278292 | AO16: 0.47502832 | AP16: 0.62313825 | AQ16: 0.65283044 | AR16: 0.65283044 | AS16: 0.65283044 | AT16: 0.65283044 | AU16: 0.58614051 | AV16: 0.65283044 | AW16: 0.65283044 | AX16: 0.65283044 | AY16: 0.65283044 | AZ16: 0.72687278 | BA16: 0.73175949 | BB16: 0.66526144 | BC16: 0.63782581 | BD16: 0.74262473 | BE16: 0.80800209 | BF16: 0.66578856 | BG16: 0.48400749 | BH16: 0.62855112 | BI16: 0.6698625 | BJ16: 0.62649024 | BK16: 0.56303142 | BL16: 0.53991314 | BM16: 0.73716211 | BN16: 0.64861358 | BO16: 0.68311997
... A60: 2025 | B60: 0.68124729 | C60: 0.66668436 | D60: 0.58052016 | E60: 0.68902618 | F60: 0.62132969 | G60: 0.61484128 | H60: 0.67869942 | I60: 0.73541672 | J60: 0.7339807 | K60: 0.65223379 | L60: 0.55668823 | M60: 0.73289878 | N60: 0.67484872 | O60: 0.60564366 | P60: 0.71578681 | Q60: 0.70487449 | R60: 0.6378889 | S60: 0.65135625 | T60: 0.67115991 | U60: 0.67115991 | V60: 0.55782233 | W60: 0.6745996 | X60: 0.67378087 | Y60: 0.61518011 | Z60: 0.57247464 | AA60: 0.60184464 | AB60: 0.73459524 | AC60: 0.6381656 | AD60: 0.66114637 | AE60: 0.68406164 | AF60: 0.68842538 | AG60: 0.62485393 | AH60: 0.60807443 | AI60: 0.53512684 | AJ60: 0.60807443 | AK60: 0.66293542 | AL60: 0.55131005 | AM60: 0.64888093 | AN60: 0.60807443 | AO60: 0.46970668 | AP60: 0.57728354 | AQ60: 0.63153129 | AR60: 0.63153129 | AS60: 0.63153129 | AT60: 0.63153129 | AU60: 0.59009611 | AV60: 0.63153129 | AW60: 0.63153129 | AX60: 0.63153129 | AY60: 0.63153129 | AZ60: 0.67869942 | BA60: 0.67324552 | BB60: 0.75481313 | BC60: 0.65811981 | BD60: 0.71064714 | BE60: 0.66261196 | BF60: 0.73827076 | BG60: 0.53151465 | BH60: 0.76215611 | BI60: 0.70676926 | BJ60: 0.67041981 | BK60: 0.585977 | BL60: 0.65483184 | BM60: 0.77483031 | BN60: 0.7699152 | BO60: 0.73298986
A61: 2026
A62: 2027
A63: 2028
A64: 2029
A65: 2030
A66: 2031
A67: 2032
A68: 2033
A69: 2034
A70: 2035
A71: 2036
A72: 2037
... A135: 2100

Sheet O1
A1: ="Data Series on A-Matrix Coefficients: Total Food Inputs used by " & ReadMe!D1 & " Sector as Share of " & ReadMe!D1 & " Output (current price MER)." -> Data Series on A-Matrix Coefficients: Total Food Inputs used by "Manufacturing" Sector as Share of "Manufacturing" Output (current price MER).
A4: Year | B4: World | C4: Europe | D4: North America/ Oceania | E4: Latin America | F4: Middle East/North Africa | G4: Subsaharan Africa | H4: Russia/ Central Asia | I4: East Asia | J4: South & South-East Asia | K4: DE | L4: DK | M4: ES | N4: FR | O4: GB | P4: IT | Q4: NL | R4: NO | S4: SE | T4: OC | U4: QM | V4: US | W4: CA | X4: AU | Y4: NZ | Z4: OH | AA4: AR | AB4: BR | AC4: CL | AD4: CO | AE4: MX | AF4: OD | AG4: AE | AH4: DZ | AI4: EG | AJ4: IR | AK4: MA | AL4: SA | AM4: TR | AN4: OE | AO4: CD | AP4: CI | AQ4: ET | AR4: KE | AS4: ML | AT4: NE | AU4: NG | AV4: RW | AW4: SD | AX4: ZA | AY4: OJ | AZ4: RU | BA4: OA | BB4: CN | BC4: JP | BD4: KR | BE4: TW | BF4: OB | BG4: BD | BH4: IN | BI4: ID | BJ4: MM | BK4: PK | BL4: PH | BM4: TH | BN4: VN | BO4: OI
A5: 1970 | B5: 0.023546635 | C5: 0.020127944 | D5: 0.011126041 | E5: 0.025593253 | F5: 0.014778202 | G5: 0.052532999 | H5: 0.026081175 | I5: 0.028251336 | J5: 0.14582621 | K5: 0.0059065341 | L5: 0.017727324 | M5: 0.01678946 | N5: 0.044310389 | O5: 0.010495953 | P5: 0.016733974 | Q5: 0.0090678225 | R5: 0.05038934 | S5: 0.089497716 | T5: 0.022019039 | U5: 0.022019039 | V5: 0.0060380549 | W5: 0.035824853 | X5: 0.050580563 | Y5: 0.061415153 | Z5: 0.0090738779 | AA5: 0.040171448 | AB5: 0.021842277 | AC5: 0.065049043 | AD5: 0.013694795 | AE5: 0.018262026 | AF5: 0.034040548 | AG5: 0.0050084786 | AH5: 0.013694163 | AI5: 0.0054326046 | AJ5: 0.013694163 | AK5: 0.024491197 | AL5: 0.0019995484 | AM5: 0.01887871 | AN5: 0.013694163 | AO5: 0.0028531248 | AP5: 0.1808595 | AQ5: 0.03767043 | AR5: 0.03767043 | AS5: 0.03767043 | AT5: 0.03767043 | AU5: 0.065812817 | AV5: 0.03767043 | AW5: 0.03767043 | AX5: 0.03767043 | AY5: 0.03767043 | AZ5: 0.026081175 | BA5: 0.032486195 | BB5: 0.056472204 | BC5: 0.017140833 | BD5: 0.076939546 | BE5: 0.040150759 | BF5: 0.019125684 | BG5: 0.046061561 | BH5: 0.16651422 | BI5: 0.066017486 | BJ5: 0.33621315 | BK5: 0.30436242 | BL5: 0.082599042 | BM5: 0.04629027 | BN5: 0.077220684 | BO5: 0.086583909
A6: 1971 | B6: 0.024458538 | C6: 0.020611094 | D6: 0.011500415 | E6: 0.025984631 | F6: 0.013816649 | G6: 0.054336684 | H6: 0.025305737 | I6: 0.027105846 | J6: 0.1529626 | K6: 0.0057816048 | L6: 0.018986436 | M6: 0.018276571 | N6: 0.043067416 | O6: 0.011011892 | P6: 0.01639938 | Q6: 0.0088214737 | R6: 0.05306522 | S6: 0.10618893 | T6: 0.02318834 | U6: 0.02318834 | V6: 0.0061898532 | W6: 0.035209402 | X6: 0.051625893 | Y6: 0.062488993 | Z6: 0.0092325341 | AA6: 0.039341238 | AB6: 0.023520613 | AC6: 0.063704696 | AD6: 0.013411769 | AE6: 0.017895105 | AF6: 0.033337043 | AG6: 0.0048595681 | AH6: 0.013287012 | AI6: 0.0052710841 | AJ6: 0.013287012 | AK6: 0.023763032 | AL6: 0.0019400984 | AM6: 0.018317414 | AN6: 0.013287012 | AO6: 0.0029459707 | AP6: 0.186745 | AQ6: 0.038896295 | AR6: 0.038896295 | AS6: 0.038896295 | AT6: 0.038896295 | AU6: 0.067954485 | AV6: 0.038896295 | AW6: 0.038896295 | AX6: 0.038896295 | AY6: 0.038896295 | AZ6: 0.025305737 | BA6: 0.031520325 | BB6: 0.054341001 | BC6: 0.016296041 | BD6: 0.069596952 | BE6: 0.033791164 | BF6: 0.018557045 | BG6: 0.047560488 | BH6: 0.1719329 | BI6: 0.068165815 | BJ6: 0.34715413 | BK6: 0.31426693 | BL6: 0.085286965 | BM6: 0.04779664 | BN6: 0.079733586 | BO6: 0.089401507
A7: 1972 | B7: 0.023241692 | C7: 0.020880097 | D7: 0.01213309 | E7: 0.024703076 | F7: 0.012718964 | G7: 0.052398549 | H7: 0.023228036 | I7: 0.026435244 | J7: 0.13701582 | K7: 0.0059783378 | L7: 0.019322773 | M7: 0.016794858 | N7: 0.044403509 | O7: 0.010699977 | P7: 0.015730591 | Q7: 0.0093076952 | R7: 0.052560382 | S7: 0.10465008 | T7: 0.022967737 | U7: 0.022967737 | V7: 0.0066422089 | W7: 0.034433808 | X7: 0.054929928 | Y7: 0.064904067 | Z7: 0.009589353 | AA7: 0.035915029 | AB7: 0.022776178 | AC7: 0.058156686 | AD7: 0.012243745 | AE7: 0.016680702 | AF7: 0.030433737 | AG7: 0.0044605784 | AH7: 0.012196096 | AI7: 0.0048383073 | AJ7: 0.012196096 | AK7: 0.021811993 | AL7: 0.0017808087 | AM7: 0.016813482 | AN7: 0.012196096 | AO7: 0.0027960607 | AP7: 0.17724221 | AQ7: 0.036917001 | AR7: 0.036917001 | AS7: 0.036917001 | AT7: 0.036917001 | AU7: 0.064496523 | AV7: 0.036917001 | AW7: 0.036917001 | AX7: 0.036917001 | AY7: 0.036917001 | AZ7: 0.023228036 | BA7: 0.028932382 | BB7: 0.050650365 | BC7: 0.017520532 | BD7: 0.074894975 | BE7: 0.02827276 | BF7: 0.017033439 | BG7: 0.045140304 | BH7: 0.16318385 | BI7: 0.0646971 | BJ7: 0.32948869 | BK7: 0.298275 | BL7: 0.080947015 | BM7: 0.045364439 | BN7: 0.075676227 | BO7: 0.084852182
A8: 1973 | B8: 0.022929759 | C8: 0.020848238 | D8: 0.013841219 | E8: 0.025315443 | F8: 0.012021206 | G8: 0.048751386 | H8: 0.022555019 | I8: 0.025495281 | J8: 0.12451604 | K8: 0.0058749317 | L8: 0.018633201 | M8: 0.015262837 | N8: 0.042357327 | O8: 0.012303669 | P8: 0.015692342 | Q8: 0.0087826654 | R8: 0.051576392 | S8: 0.10731215 | T8: 0.022537755 | U8: 0.022537755 | V8: 0.0074124089 | W8: 0.040984798 | X8: 0.050748845 | Y8: 0.07278845 | Z8: 0.010754243 | AA8: 0.035717658 | AB8: 0.020601515 | AC8: 0.057837087 | AD8: 0.012176459 | AE8: 0.017238437 | AF8: 0.030266489 | AG8: 0.0043313359 | AH8: 0.011842722 | AI8: 0.0046981204 | AJ8: 0.011842722 | AK8: 0.021180005 | AL8: 0.0017292109 | AM8: 0.016326322 | AN8: 0.011842722 | AO8: 0.0026425934 | AP8: 0.16751392 | AQ8: 0.034890738 | AR8: 0.034890738 | AS8: 0.034890738 | AT8: 0.034890738 | AU8: 0.060956504 | AV8: 0.034890738 | AW8: 0.034890738 | AX8: 0.034890738 | AY8: 0.034890738 | AZ8: 0.022555019 | BA8: 0.028094084 | BB8: 0.05114464 | BC8: 0.017372202 | BD8: 0.062578621 | BE8: 0.02840723 | BF8: 0.016539906 | BG8: 0.042662689 | BH8: 0.15422718 | BI8: 0.061146071 | BJ8: 0.31140405 | BK8: 0.28190359 | BL8: 0.076504077 | BM8: 0.042874522 | BN8: 0.071522588 | BO8: 0.080194902
A9: 1974 | B9: 0.021037832 | C9: 0.018576102 | D9: 0.012377191 | E9: 0.023447888 | F9: 0.010690936 | G9: 0.046829276 | H9: 0.022933785 | I9: 0.022462752 | J9: 0.11191886 | K9: 0.0051878153 | L9: 0.018094279 | M9: 0.01329012 | N9: 0.033917984 | O9: 0.011883604 | P9: 0.014209622 | Q9: 0.007282355 | R9: 0.047156549 | S9: 0.10493966 | T9: 0.02060638 | U9: 0.02060638 | V9: 0.0072129302 | W9: 0.038722021 | X9: 0.029265448 | Y9: 0.067326877 | Z9: 0.0099473148 | AA9: 0.033582929 | AB9: 0.019700301 | AC9: 0.054380351 | AD9: 0.011448712 | AE9: 0.016278499 | AF9: 0.028457559 | AG9: 0.004404072 | AH9: 0.012041597 | AI9: 0.0047770159 | AJ9: 0.012041597 | AK9: 0.02153568 | AL9: 0.0017582495 | AM9: 0.01660049 | AN9: 0.012041597 | AO9: 0.0024628931 | AP9: 0.15612272 | AQ9: 0.032518116 | AR9: 0.032518116 | AS9: 0.032518116 | AT9: 0.032518116 | AU9: 0.056811371 | AV9: 0.032518116 | AW9: 0.032518116 | AX9: 0.032518116 | AY9: 0.032518116 | AZ9: 0.022933785 | BA9: 0.028565868 | BB9: 0.051203962 | BC9: 0.014079371 | BD9: 0.049239522 | BE9: 0.02993006 | BF9: 0.01681766 | BG9: 0.039761562 | BH9: 0.1437395 | BI9: 0.056988047 | BJ9: 0.29022811 | BK9: 0.26273372 | BL9: 0.071301686 | BM9: 0.03995899 | BN9: 0.066658945 | BO9: 0.074741529
A10: 1975 | B10: 0.02141986 | C10: 0.018787572 | D10: 0.011562749 | E10: 0.020777073 | F10: 0.011235038 | G10: 0.046722575 | H10: 0.023313862 | I10: 0.024471567 | J10: 0.10899211 | K10: 0.0053154522 | L10: 0.016265651 | M10: 0.015396293 | N10: 0.035003797 | O10: 0.011045479 | P10: 0.015082053 | Q10: 0.0075217093 | R10: 0.047840345 | S10: 0.093079754 | T10: 0.020905184 | U10: 0.020905184 | V10: 0.0065899173 | W10: 0.037199087 | X10: 0.027657411 | Y10: 0.063136123 | Z10: 0.0093281452 | AA10: 0.034863709 | AB10: 0.020232615 | AC10: 0.056454299 | AD10: 0.011885341 | AE10: 0.01693808 | AF10: 0.029542867 | AG10: 0.0044770599 | AH10: 0.01224116 | AI10: 0.0048561845 | AJ10: 0.01224116 | AK10: 0.021892587 | AL10: 0.0017873887 | AM10: 0.016875607 | AN10: 0.01224116 | AO10: 0.0023925917 | AP10: 0.15166632 | AQ10: 0.031589911 | AR10: 0.031589911 | AS10: 0.031589911 | AT10: 0.031589911 | AU10: 0.055189734 | AV10: 0.031589911 | AW10: 0.031589911 | AX10: 0.031589911 | AY10: 0.031589911 | AZ10: 0.023313862 | BA10: 0.029039285 | BB10: 0.049094434 | BC10: 0.014738585 | BD10: 0.056725787 | BE10: 0.034499181 | BF10: 0.017096376 | BG10: 0.038626599 | BH10: 0.13963656 | BI10: 0.055361367 | BJ10: 0.28194377 | BK10: 0.25523419 | BL10: 0.069266434 | BM10: 0.038818391 | BN10: 0.064756216 | BO10: 0.072608089
A11: 1976 | B11: 0.020909079 | C11: 0.018119682 | D11: 0.011696894 | E11: 0.021466741 | F11: 0.010627064 | G11: 0.047616777 | H11: 0.022936576 | I11: 0.023951629 | J11: 0.10587302 | K11: 0.0055606459 | L11: 0.016335867 | M11: 0.014700315 | N11: 0.029854689 | O11: 0.011752328 | P11: 0.013154472 | Q11: 0.0073216768 | R11: 0.046847277 | S11: 0.097561912 | T11: 0.020471235 | U11: 0.020471235 | V11: 0.0066757927 | W11: 0.038558342 | X11: 0.027966563 | Y11: 0.064955126 | Z11: 0.0095968968 | AA11: 0.033441927 | AB11: 0.020846539 | AC11: 0.054152028 | AD11: 0.011400643 | AE11: 0.016768054 | AF11: 0.028338076 | AG11: 0.004404608 | AH11: 0.012043062 | AI11: 0.0047775972 | AJ11: 0.012043062 | AK11: 0.021538301 | AL11: 0.0017584635 | AM11: 0.01660251 | AN11: 0.012043062 | AO11: 0.0023691675 | AP11: 0.15018146 | AQ11: 0.031280636 | AR11: 0.031280636 | AS11: 0.031280636 | AT11: 0.031280636 | AU11: 0.05464941 | AV11: 0.031280636 | AW11: 0.031280636 | AX11: 0.031280636 | AY11: 0.031280636 | AZ11: 0.022936576 | BA11: 0.028569345 | BB11: 0.049902325 | BC11: 0.014888906 | BD11: 0.056445019 | BE11: 0.032480033 | BF11: 0.016819707 | BG11: 0.038248433 | BH11: 0.13826948 | BI11: 0.054819363 | BJ11: 0.27918346 | BK11: 0.25273537 | BL11: 0.068588295 | BM11: 0.038438348 | BN11: 0.064122234 | BO11: 0.071897234
A12: 1977 | B12: 0.021168183 | C12: 0.018400814 | D12: 0.010762374 | E12: 0.022097748 | F12: 0.0095836333 | G12: 0.053366337 | H12: 0.020832273 | I12: 0.022753675 | J12: 0.11788185 | K12: 0.0055576673 | L12: 0.017184073 | M12: 0.014388689 | N12: 0.029365698 | O12: 0.011407829 | P12: 0.013509287 | Q12: 0.007260165 | R12: 0.048457618 | S12: 0.11350133 | T12: 0.021174919 | U12: 0.021174919 | V12: 0.0064392391 | W12: 0.035686163 | X12: 0.027252362 | Y12: 0.060091069 | Z12: 0.0088782491 | AA12: 0.031164755 | AB12: 0.02457495 | AC12: 0.050464637 | AD12: 0.010624335 | AE12: 0.015811982 | AF12: 0.026408442 | AG12: 0.0040005098 | AH12: 0.010938178 | AI12: 0.0043392794 | AJ12: 0.010938178 | AK12: 0.019562282 | AL12: 0.0015971343 | AM12: 0.015079323 | AN12: 0.010938178 | AO12: 0.0026443912 | AP12: 0.16762789 | AQ12: 0.034914476 | AR12: 0.034914476 | AS12: 0.034914476 | AT12: 0.034914476 | AU12: 0.060997976 | AV12: 0.034914476 | AW12: 0.034914476 | AX12: 0.034914476 | AY12: 0.034914476 | AZ12: 0.020832273 | BA12: 0.025948267 | BB12: 0.043802803 | BC12: 0.015040655 | BD12: 0.055176462 | BE12: 0.027972167 | BF12: 0.015276593 | BG12: 0.042691714 | BH12: 0.15433211 | BI12: 0.061187672 | BJ12: 0.31161592 | BK12: 0.28209538 | BL12: 0.076556127 | BM12: 0.042903692 | BN12: 0.071571248 | BO12: 0.080249463
A13: 1978 | B13: 0.020786335 | C13: 0.017945963 | D13: 0.012182173 | E13: 0.021601147 | F13: 0.0090899219 | G13: 0.047434065 | H13: 0.019582217 | I13: 0.021343981 | J13: 0.10712181 | K13: 0.0054539223 | L13: 0.017759737 | M13: 0.015649271 | N13: 0.029683248 | O13: 0.010695775 | P13: 0.013994137 | Q13: 0.0077969094 | R13: 0.046473401 | S13: 0.11310162 | T13: 0.020307859 | U13: 0.020307859 | V13: 0.006485079 | W13: 0.037080912 | X13: 0.046140991 | Y13: 0.064091031 | Z13: 0.0094692297 | AA13: 0.032149194 | AB13: 0.022044914 | AC13: 0.052058724 | AD13: 0.010959939 | AE13: 0.016531398 | AF13: 0.027242638 | AG13: 0.0037604562 | AH13: 0.010281825 | AI13: 0.0040788976 | AJ13: 0.010281825 | AK13: 0.018388433 | AL13: 0.001501297 | AM13: 0.014174476 | AN13: 0.010281825 | AO13: 0.0023728241 | AP13: 0.15041325 | AQ13: 0.031328915 | AR13: 0.031328915 | AS13: 0.031328915 | AT13: 0.031328915 | AU13: 0.054733756 | AV13: 0.031328915 | AW13: 0.031328915 | AX13: 0.031328915 | AY13: 0.031328915 | AZ13: 0.019582217 | BA13: 0.024391221 | BB13: 0.042736574 | BC13: 0.013704925 | BD13: 0.048893441 | BE13: 0.030391108 | BF13: 0.014359909 | BG13: 0.038307465 | BH13: 0.13848289 | BI13: 0.054903971 | BJ13: 0.27961435 | BK13: 0.25312544 | BL13: 0.068694154 | BM13: 0.038497674 | BN13: 0.0642212 | BO13: 0.0720082
A14: 1979 | B14: 0.019649345 | C14: 0.016221545 | D14: 0.011072831 | E14: 0.020771743 | F14: 0.0096766122 | G14: 0.042178457 | H14: 0.020780742 | I14: 0.022396812 | J14: 0.095731663 | K14: 0.0054131016 | L14: 0.017399873 | M14: 0.014236811 | N14: 0.028271819 | O14: 0.010629798 | P14: 0.013312022 | Q14: 0.0075054658 | R14: 0.041179169 | S14: 0.088198603 | T14: 0.017994396 | U14: 0.017994396 | V14: 0.0062347496 | W14: 0.033423468 | X14: 0.038720006 | Y14: 0.059211472 | Z14: 0.0087482915 | AA14: 0.030396407 | AB14: 0.021616219 | AC14: 0.049220461 | AD14: 0.010362399 | AE14: 0.015157474 | AF14: 0.025757358 | AG14: 0.0039906141 | AH14: 0.010911121 | AI14: 0.0043285457 | AJ14: 0.010911121 | AK14: 0.019513892 | AL14: 0.0015931836 | AM14: 0.015042022 | AN14: 0.010911121 | AO14: 0.0020995925 | AP14: 0.13309311 | AQ14: 0.027721379 | AR14: 0.027721379 | AS14: 0.027721379 | AT14: 0.027721379 | AU14: 0.048431145 | AV14: 0.027721379 | AW14: 0.027721379 | AX14: 0.027721379 | AY14: 0.027721379 | AZ14: 0.020780742 | BA14: 0.025884081 | BB14: 0.046475223 | BC14: 0.014462288 | BD14: 0.037492358 | BE14: 0.024894071 | BF14: 0.015238804 | BG14: 0.033896347 | BH14: 0.12253653 | BI14: 0.048581759 | BJ14: 0.24741666 | BK14: 0.22397796 | BL14: 0.060783998 | BM14: 0.034064653 | BN14: 0.056826106 | BO14: 0.063716431
A15: 1980 | B15: 0.019451725 | C15: 0.015278125 | D15: 0.010702197 | E15: 0.01899095 | F15: 0.0082095708 | G15: 0.045682856 | H15: 0.020334373 | I15: 0.020655663 | J15: 0.1034894 | K15: 0.0053555913 | L15: 0.018036365 | M15: 0.013288414 | N15: 0.025558226 | O15: 0.010329948 | P15: 0.012628658 | Q15: 0.0075825768 | R15: 0.041091318 | S15: 0.085562901 | T15: 0.017956007 | U15: 0.017956007 | V15: 0.0058066084 | W15: 0.031050677 | X15: 0.036295231 | Y15: 0.055816486 | Z15: 0.008246694 | AA15: 0.027891873 | AB15: 0.021507361 | AC15: 0.045164906 | AD15: 0.0095085814 | AE15: 0.013082606 | AF15: 0.023635062 | AG15: 0.003904896 | AH15: 0.010676751 | AI15: 0.0042355689 | AJ15: 0.010676751 | AK15: 0.019094736 | AL15: 0.0015589621 | AM15: 0.014718921 | AN15: 0.010676751 | AO15: 0.0022841482 | AP15: 0.14479209 | AQ15: 0.030158109 | AR15: 0.030158109 | AS15: 0.030158109 | AT15: 0.030158109 | AU15: 0.052688277 | AV15: 0.030158109 | AW15: 0.030158109 | AX15: 0.030158109 | AY15: 0.030158109 | AZ15: 0.020334373 | BA15: 0.025328093 | BB15: 0.043371313 | BC15: 0.01324005 | BD15: 0.030703761 | BE15: 0.021832888 | BF15: 0.014911476 | BG15: 0.036875861 | BH15: 0.13330758 | BI15: 0.052852131 | BJ15: 0.26916477 | BK15: 0.24366578 | BL15: 0.066126956 | BM15: 0.037058961 | BN15: 0.061821163 | BO15: 0.069317152
A16: 1981 | B16: 0.019726492 | C16: 0.015655702 | D16: 0.010884168 | E16: 0.021488073 | F16: 0.0084368903 | G16: 0.042203511 | H16: 0.021787386 | I16: 0.020274144 | J16: 0.096239741 | K16: 0.0053253472 | L16: 0.019530524 | M16: 0.011885808 | N16: 0.025067117 | O16: 0.010941134 | P16: 0.012587859 | Q16: 0.0074495801 | R16: 0.041732583 | S16: 0.091810131 | T16: 0.018236225 | U16: 0.018236225 | V16: 0.0054102091 | W16: 0.033655186 | X16: 0.037447901 | Y16: 0.056824334 | Z16: 0.0083956001 | AA16: 0.035240126 | AB16: 0.021721207 | AC16: 0.057063826 | AD16: 0.012013665 | AE16: 0.015919541 | AF16: 0.029861837 | AG16: 0.0041839241 | AH16: 0.011439669 | AI16: 0.0045382256 | AJ16: 0.011439669 | AK16: 0.020459169 | AL16: 0.0016703593 | AM16: 0.015770676 | AN16: 0.011439669 | AO16: 0.0021469338 | AP16: 0.13609407 | AQ16: 0.028346437 | AR16: 0.028346437 | AS16: 0.028346437 | AT16: 0.028346437 | AU16: 0.049523163 | AV16: 0.028346437 | AW16: 0.028346437 | AX16: 0.028346437 | AY16: 0.028346437 | AZ16: 0.021787386 | BA16: 0.027137936 | BB16: 0.048605977 | BC16: 0.011870283 | BD16: 0.030538673 | BE16: 0.022883434 | BF16: 0.01597699 | BG16: 0.034660637 | BH16: 0.12529947 | BI16: 0.049677174 | BJ16: 0.25299538 | BK16: 0.22902818 | BL16: 0.062154547 | BM16: 0.034832738 | BN16: 0.058107413 | BO16: 0.065153099
... A60: 2025 | B60: 0.018651476 | C60: 0.007008775 | D60: 0.0081716007 | E60: 0.014482799 | F60: 0.017137525 | G60: 0.013646859 | H60: 0.0094876431 | I60: 0.02847393 | J60: 0.036577606 | K60: 0.0043768186 | L60: 0.004917669 | M60: 0.0085029722 | N60: 0.0076710753 | O60: 0.0084496404 | P60: 0.0056473102 | Q60: 0.0061908697 | R60: 0.010819084 | S60: 0.023740975 | T60: 0.0084442274 | U60: 0.0084442274 | V60: 0.0041432267 | W60: 0.025891429 | X60: 0.01877137 | Y60: 0.039633323 | Z60: 0.0067648312 | AA60: 0.017890777 | AB60: 0.029903326 | AC60: 0.027919538 | AD60: 0.013067568 | AE60: 0.0060183207 | AF60: 0.017474685 | AG60: 0.0015020199 | AH60: 0.013630451 | AI60: 0.0022474396 | AJ60: 0.013630451 | AK60: 0.02527143 | AL60: 0.0064296319 | AM60: 0.025280871 | AN60: 0.013630451 | AO60: 0.00023565584 | AP60: 0.027722499 | AQ60: 0.014453797 | AR60: 0.014453797 | AS60: 0.014453797 | AT60: 0.014453797 | AU60: 0.010884573 | AV60: 0.014453797 | AW60: 0.014453797 | AX60: 0.014453797 | AY60: 0.014453797 | AZ60: 0.0094876431 | BA60: 0.010214292 | BB60: 0.036767406 | BC60: 0.0028970962 | BD60: 0.0026503593 | BE60: 0.0015878631 | BF60: 0.029430582 | BG60: 0.027871396 | BH60: 0.033523218 | BI60: 0.044833936 | BJ60: 0.16988267 | BK60: 0.12173602 | BL60: 0.035761226 | BM60: 0.013757994 | BN60: 0.036606674 | BO60: 0.033427735
A61: 2026
A62: 2027
A63: 2028
A64: 2029
A65: 2030
A66: 2031
A67: 2032
A68: 2033
A69: 2034
A70: 2035
A71: 2036
A72: 2037
... A135: 2100

Sheet O2a
A1: ="Data Series on A-Matrix Coefficients: Total Housing Services Inputs used by " & ReadMe!D1 & " Sector as Share of " & ReadMe!D1 & " Output (current price MER)." -> Data Series on A-Matrix Coefficients: Total Housing Services Inputs used by "Manufacturing" Sector as Share of "Manufacturing" Output (current price MER).
A4: Year | B4: World | C4: Europe | D4: North America/ Oceania | E4: Latin America | F4: Middle East/North Africa | G4: Subsaharan Africa | H4: Russia/ Central Asia | I4: East Asia | J4: South & South-East Asia | K4: DE | L4: DK | M4: ES | N4: FR | O4: GB | P4: IT | Q4: NL | R4: NO | S4: SE | T4: OC | U4: QM | V4: US | W4: CA | X4: AU | Y4: NZ | Z4: OH | AA4: AR | AB4: BR | AC4: CL | AD4: CO | AE4: MX | AF4: OD | AG4: AE | AH4: DZ | AI4: EG | AJ4: IR | AK4: MA | AL4: SA | AM4: TR | AN4: OE | AO4: CD | AP4: CI | AQ4: ET | AR4: KE | AS4: ML | AT4: NE | AU4: NG | AV4: RW | AW4: SD | AX4: ZA | AY4: OJ | AZ4: RU | BA4: OA | BB4: CN | BC4: JP | BD4: KR | BE4: TW | BF4: OB | BG4: BD | BH4: IN | BI4: ID | BJ4: MM | BK4: PK | BL4: PH | BM4: TH | BN4: VN | BO4: OI
A5: 1970 | B5: 0.0028109762 | C5: 0.0027090058 | D5: 0.0035428016 | E5: 0.0017539451 | F5: 0.0018868171 | G5: 0.0026438976 | H5: 0.0032332265 | I5: 0.0019851809 | J5: 0.00053988283 | K5: 0.0039534902 | L5: 0.0048676378 | M5: 0.00047707565 | N5: 0.0023182348 | O5: 0.00081623274 | P5: 0.0030705772 | Q5: 0.0029144342 | R5: 0.004151405 | S5: 0.0033305319 | T5: 0.0029610369 | U5: 0.0029610369 | V5: 0.0038507113 | W5: 0.001530649 | X5: 0.00065788042 | Y5: 0.0086922863 | Z5: 0.0036763518 | AA5: 4.327788e-05 | AB5: 9.4519342e-06 | AC5: 0.0049161205 | AD5: 0.00012161758 | AE5: 0.0029416294 | AF5: 0.0011250038 | AG5: 0.001728722 | AH5: 0.0023016742 | AI5: 0.00046446702 | AJ5: 0.0023016742 | AK5: 0.00043114455 | AL5: 0.00036520912 | AM5: 0.0026260926 | AN5: 0.0023016742 | AO5: 3.1488223e-05 | AP5: 0.0035286321 | AQ5: 0.0056956889 | AR5: 0.0056956889 | AS5: 0.0056956889 | AT5: 0.0056956889 | AU5: 0.00022209125 | AV5: 0.0056956889 | AW5: 0.0056956889 | AX5: 0.0056956889 | AY5: 0.0056956889 | AZ5: 0.0032332265 | BA5: 0.0024225573 | BB5: 0.00080197776 | BC5: 0.0024626679 | BD5: 0.00043082225 | BE5: 0.00079905678 | BF5: 0.0018988777 | BG5: 0.00082230408 | BH5: 2.7695662e-05 | BI5: 0.0013269231 | BJ5: 0.00055784872 | BK5: 0.0013566738 | BL5: 0.0014896462 | BM5: 0.00046080017 | BN5: 0.00077997139 | BO5: 0.0015324617
A6: 1971 | B6: 0.0029522211 | C6: 0.0029033683 | D6: 0.0035315251 | E6: 0.0019220032 | F6: 0.0020688442 | G6: 0.0026795417 | H6: 0.0036523098 | I6: 0.0022114015 | J6: 0.00050663553 | K6: 0.0043288281 | L6: 0.0052891627 | M6: 0.00048677896 | N6: 0.002401538 | O6: 0.00084812808 | P6: 0.0032526008 | Q6: 0.0030019366 | R6: 0.0043554354 | S6: 0.0034058765 | T6: 0.0031065639 | U6: 0.0031065639 | V6: 0.0038482724 | W6: 0.0015709637 | X6: 0.00059625325 | Y6: 0.0087321123 | Z6: 0.003693196 | AA6: 4.6368839e-05 | AB6: 9.6591116e-06 | AC6: 0.0052672357 | AD6: 0.00013030366 | AE6: 0.003279537 | AF6: 0.0012053529 | AG6: 0.0019527949 | AH6: 0.0026000119 | AI6: 0.00052467015 | AJ6: 0.0026000119 | AK6: 0.0004870285 | AL6: 0.00041254668 | AM6: 0.0029664806 | AN6: 0.0026000119 | AO6: 3.2535522e-05 | AP6: 0.0036459944 | AQ6: 0.0058851276 | AR6: 0.0058851276 | AS6: 0.0058851276 | AT6: 0.0058851276 | AU6: 0.00022947801 | AV6: 0.0058851276 | AW6: 0.0058851276 | AX6: 0.0058851276 | AY6: 0.0058851276 | AZ6: 0.0036523098 | BA6: 0.0027365635 | BB6: 0.00083828407 | BC6: 0.0027945422 | BD6: 0.00043104233 | BE6: 0.00079305342 | BF6: 0.0021450058 | BG6: 0.00084965393 | BH6: 2.861682e-05 | BI6: 0.0013710566 | BJ6: 0.00057640278 | BK6: 0.0014017968 | BL6: 0.0015391919 | BM6: 0.00047612639 | BN6: 0.00080591325 | BO6: 0.0015834314
A7: 1972 | B7: 0.0030269487 | C7: 0.0030370892 | D7: 0.0034300981 | E7: 0.0019130896 | F7: 0.0022890839 | G7: 0.0024915116 | H7: 0.0039744288 | I7: 0.0023520465 | J7: 0.00049076003 | K7: 0.0045412021 | L7: 0.0054884577 | M7: 0.00046917728 | N7: 0.0024634611 | O7: 0.00086662795 | P7: 0.0034515845 | Q7: 0.0031258764 | R7: 0.0045457145 | S7: 0.0036443148 | T7: 0.0032422827 | U7: 0.0032422827 | V7: 0.0037401849 | W7: 0.0015382746 | X7: 0.00058078374 | Y7: 0.0085013343 | Z7: 0.0035955898 | AA7: 4.8763289e-05 | AB7: 9.5725856e-06 | AC7: 0.0055392317 | AD7: 0.00013703244 | AE7: 0.0036317299 | AF7: 0.0012675964 | AG7: 0.0021250236 | AH7: 0.0028293224 | AI7: 0.00057094394 | AJ7: 0.0028293224 | AK7: 0.00052998245 | AL7: 0.00044893163 | AM7: 0.0032281122 | AN7: 0.0028293224 | AO7: 3.1849379e-05 | AP7: 0.0035691039 | AQ7: 0.0057610159 | AR7: 0.0057610159 | AS7: 0.0057610159 | AT7: 0.0057610159 | AU7: 0.00022463854 | AV7: 0.0057610159 | AW7: 0.0057610159 | AX7: 0.0057610159 | AY7: 0.0057610159 | AZ7: 0.0039744288 | BA7: 0.0029779173 | BB7: 0.00063377237 | BC7: 0.0030012371 | BD7: 0.00040461605 | BE7: 0.0007534833 | BF7: 0.0023341867 | BG7: 0.00083173554 | BH7: 2.8013319e-05 | BI7: 0.0013421423 | BJ7: 0.000564247 | BK7: 0.0013722342 | BL7: 0.0015067318 | BM7: 0.00046608534 | BN7: 0.00078891731 | BO7: 0.0015500383
A8: 1973 | B8: 0.0030683876 | C8: 0.0031470545 | D8: 0.0035535909 | E8: 0.0017638767 | F8: 0.002297573 | G8: 0.0025013092 | H8: 0.0039943317 | I8: 0.0023742681 | J8: 0.00049813062 | K8: 0.0047377463 | L8: 0.0057745546 | M8: 0.00047733811 | N8: 0.0025740705 | O8: 0.00096216457 | P8: 0.0032136068 | Q8: 0.0032818235 | R8: 0.0046921307 | S8: 0.0035277526 | T8: 0.0033467157 | U8: 0.0033467157 | V8: 0.00393585 | W8: 0.0014735066 | X8: 0.00053698226 | Y8: 0.0087971245 | Z8: 0.0037206925 | AA8: 4.7642083e-05 | AB8: 9.1200882e-06 | AC8: 0.0054118691 | AD8: 0.00013388167 | AE8: 0.0036931155 | AF8: 0.0012384508 | AG8: 0.0021356651 | AH8: 0.002843491 | AI8: 0.00057380308 | AJ8: 0.002843491 | AK8: 0.00053263646 | AL8: 0.00045117977 | AM8: 0.0032442778 | AN8: 0.002843491 | AO8: 2.9731096e-05 | AP8: 0.0033317249 | AQ8: 0.0053778542 | AR8: 0.0053778542 | AS8: 0.0053778542 | AT8: 0.0053778542 | AU8: 0.00020969796 | AV8: 0.0053778542 | AW8: 0.0053778542 | AX8: 0.0053778542 | AY8: 0.0053778542 | AZ8: 0.0039943317 | BA8: 0.00299283 | BB8: 0.00057622784 | BC8: 0.0029872252 | BD8: 0.000361942 | BE8: 0.00076254742 | BF8: 0.0023458757 | BG8: 0.0007764173 | BH8: 2.615017e-05 | BI8: 0.0012528772 | BJ8: 0.00052671926 | BK8: 0.0012809677 | BL8: 0.00140652 | BM8: 0.00043508628 | BN8: 0.00073644689 | BO8: 0.0014469462
A9: 1974 | B9: 0.0029526796 | C9: 0.0031538088 | D9: 0.0033313003 | E9: 0.0015272955 | F9: 0.0021438455 | G9: 0.0018341475 | H9: 0.0040513091 | I9: 0.0024370075 | J9: 0.00045651259 | K9: 0.0047427682 | L9: 0.0060609683 | M9: 0.0004684791 | N9: 0.0026078007 | O9: 0.0010697147 | P9: 0.0030492304 | Q9: 0.0033996349 | R9: 0.0046380468 | S9: 0.0029898621 | T9: 0.0033081397 | U9: 0.0033081397 | V9: 0.0037174946 | W9: 0.0013648712 | X9: 0.00051319846 | Y9: 0.0083052709 | Z9: 0.0035126659 | AA9: 4.3923033e-05 | AB9: 8.7524769e-06 | AC9: 0.0049894061 | AD9: 0.00012343056 | AE9: 0.003324489 | AF9: 0.0011417745 | AG9: 0.0021661295 | AH9: 0.0028840521 | AI9: 0.00058198814 | AJ9: 0.0028840521 | AK9: 0.00054023429 | AL9: 0.00045761565 | AM9: 0.003290556 | AN9: 0.0028840521 | AO9: 2.464528e-05 | AP9: 0.0027617984 | AQ9: 0.0044579158 | AR9: 0.0044579158 | AS9: 0.0044579158 | AT9: 0.0044579158 | AU9: 0.00017382693 | AV9: 0.0044579158 | AW9: 0.0044579158 | AX9: 0.0044579158 | AY9: 0.0044579158 | AZ9: 0.0040513091 | BA9: 0.0030355214 | BB9: 0.00061054202 | BC9: 0.0030289393 | BD9: 0.00038858091 | BE9: 0.0008729179 | BF9: 0.0023793386 | BG9: 0.00064360297 | BH9: 2.1676909e-05 | BI9: 0.0010385594 | BJ9: 0.0004366184 | BK9: 0.0010618447 | BL9: 0.00116592 | BM9: 0.00036066021 | BN9: 0.00061046992 | BO9: 0.0011994309
A10: 1975 | B10: 0.0031141858 | C10: 0.0033008604 | D10: 0.0036287601 | E10: 0.0019138517 | F10: 0.0022834037 | G10: 0.0018117183 | H10: 0.004160594 | I10: 0.0024229677 | J10: 0.00050554578 | K10: 0.0049061812 | L10: 0.0060264217 | M10: 0.00056830304 | N10: 0.0026872216 | O10: 0.00092792381 | P10: 0.0035723009 | Q10: 0.0037343319 | R10: 0.0048743272 | S10: 0.003239528 | T10: 0.0034766695 | U10: 0.0034766695 | V10: 0.0040839946 | W10: 0.0014241212 | X10: 0.0004207883 | Y10: 0.0090551072 | Z10: 0.0038298048 | AA10: 4.8219469e-05 | AB10: 9.8076193e-06 | AC10: 0.0054774568 | AD10: 0.00013550422 | AE10: 0.0035958744 | AF10: 0.0012534599 | AG10: 0.0022245613 | AH10: 0.00296185 | AI10: 0.00059768738 | AJ10: 0.00296185 | AK10: 0.00055480722 | AL10: 0.00046995992 | AM10: 0.0033793194 | AN10: 0.00296185 | AO10: 2.6520405e-05 | AP10: 0.0029719286 | AQ10: 0.0047970943 | AR10: 0.0047970943 | AS10: 0.0047970943 | AT10: 0.0047970943 | AU10: 0.00018705247 | AV10: 0.0047970943 | AW10: 0.0047970943 | AX10: 0.0047970943 | AY10: 0.0047970943 | AZ10: 0.004160594 | BA10: 0.0031174052 | BB10: 0.00060963687 | BC10: 0.0031540972 | BD10: 0.00040966074 | BE10: 0.00094329337 | BF10: 0.0024435217 | BG10: 0.00069257122 | BH10: 2.3326187e-05 | BI10: 0.0011175777 | BJ10: 0.00046983832 | BK10: 0.0011426347 | BL10: 0.0012546285 | BM10: 0.00038810088 | BN10: 0.00065691725 | BO10: 0.001290689
A11: 1976 | B11: 0.0029954141 | C11: 0.0033602262 | D11: 0.0032976888 | E11: 0.0018031299 | F11: 0.0021446426 | G11: 0.0016995315 | H11: 0.0039954136 | I11: 0.0023699659 | J11: 0.00056388489 | K11: 0.0049541662 | L11: 0.0062790633 | M11: 0.00057988056 | N11: 0.0027100661 | O11: 0.00095813094 | P11: 0.003278829 | Q11: 0.0038828524 | R11: 0.0049041253 | S11: 0.0031775157 | T11: 0.0034979233 | U11: 0.0034979233 | V11: 0.0036842905 | W11: 0.0015094031 | X11: 0.00038613619 | Y11: 0.008399156 | Z11: 0.003552374 | AA11: 4.9683014e-05 | AB11: 1.0279172e-05 | AC11: 0.0056437071 | AD11: 0.000139617 | AE11: 0.0037134021 | AF11: 0.0012915045 | AG11: 0.0021362436 | AH11: 0.0028442611 | AI11: 0.0005739585 | AJ11: 0.0028442611 | AK11: 0.00053278073 | AL11: 0.00045130197 | AM11: 0.0032451565 | AN11: 0.0028442611 | AO11: 2.7358531e-05 | AP11: 0.0030658506 | AQ11: 0.0049486972 | AR11: 0.0049486972 | AS11: 0.0049486972 | AT11: 0.0049486972 | AU11: 0.0001929639 | AV11: 0.0049486972 | AW11: 0.0049486972 | AX11: 0.0049486972 | AY11: 0.0049486972 | AZ11: 0.0039954136 | BA11: 0.0029936406 | BB11: 0.0006263895 | BC11: 0.0030054745 | BD11: 0.00046040891 | BE11: 0.00097116499 | BF11: 0.0023465111 | BG11: 0.00071445859 | BH11: 2.4063365e-05 | BI11: 0.0011528966 | BJ11: 0.00048468665 | BK11: 0.0011787455 | BL11: 0.0012942786 | BM11: 0.00040036605 | BN11: 0.00067767785 | BO11: 0.0013314787
A12: 1977 | B12: 0.0029969446 | C12: 0.0034156285 | D12: 0.0032455207 | E12: 0.0015575207 | F12: 0.0022116419 | G12: 0.0016234792 | H12: 0.0041216507 | I12: 0.0024309239 | J12: 0.00053664429 | K12: 0.0050583659 | L12: 0.0065441973 | M12: 0.00061303906 | N12: 0.0027154189 | O12: 0.0009664461 | P12: 0.0033516316 | Q12: 0.0040813302 | R12: 0.0049417832 | S12: 0.0032048644 | T12: 0.0035247832 | U12: 0.0035247832 | V12: 0.0035696481 | W12: 0.0015959249 | X12: 0.00039224195 | Y12: 0.0082466625 | Z12: 0.0034878778 | AA12: 4.8310334e-05 | AB12: 1.0799865e-05 | AC12: 0.0054877785 | AD12: 0.00013575956 | AE12: 0.0032751734 | AF12: 0.0012558219 | AG12: 0.0022037393 | AH12: 0.002934127 | AI12: 0.00059209302 | AJ12: 0.002934127 | AK12: 0.00054961422 | AL12: 0.00046556109 | AM12: 0.0033476889 | AN12: 0.002934127 | AO12: 2.63129e-05 | AP12: 0.0029486752 | AQ12: 0.0047595601 | AR12: 0.0047595601 | AS12: 0.0047595601 | AT12: 0.0047595601 | AU12: 0.00018558891 | AV12: 0.0047595601 | AW12: 0.0047595601 | AX12: 0.0047595601 | AY12: 0.0047595601 | AZ12: 0.0041216507 | BA12: 0.0030882262 | BB12: 0.00062207707 | BC12: 0.0031034141 | BD12: 0.00053683217 | BE12: 0.00099290753 | BF12: 0.0024206503 | BG12: 0.00068715229 | BH12: 2.3143674e-05 | BI12: 0.0011088334 | BJ12: 0.00046616214 | BK12: 0.0011336943 | BL12: 0.0012448118 | BM12: 0.00038506424 | BN12: 0.0006517773 | BO12: 0.0012805902
A13: 1978 | B13: 0.0030740311 | C13: 0.0035530601 | D13: 0.0034167765 | E13: 0.0014907609 | F13: 0.0022407205 | G13: 0.0015478757 | H13: 0.0042015281 | I13: 0.0024765283 | J13: 0.00046984121 | K13: 0.0051062439 | L13: 0.0068347346 | M13: 0.00060850546 | N13: 0.0030676237 | O13: 0.00095258179 | P13: 0.0036396918 | Q13: 0.0044133209 | R13: 0.0053811591 | S13: 0.0034667619 | T13: 0.003838173 | U13: 0.003838173 | V13: 0.003765075 | W13: 0.0016041185 | X13: 0.00049008219 | Y13: 0.0085990648 | Z13: 0.0036369243 | AA13: 4.8844503e-05 | AB13: 1.1340603e-05 | AC13: 0.0055484571 | AD13: 0.00013726066 | AE13: 0.0030150446 | AF13: 0.0012697075 | AG13: 0.0022464477 | AH13: 0.0029909902 | AI13: 0.00060356774 | AJ13: 0.0029909902 | AK13: 0.00056026571 | AL13: 0.00047458364 | AM13: 0.003412567 | AN13: 0.0029909902 | AO13: 2.4639009e-05 | AP13: 0.0027610957 | AQ13: 0.0044567815 | AR13: 0.0044567815 | AS13: 0.0044567815 | AT13: 0.0044567815 | AU13: 0.0001737827 | AV13: 0.0044567815 | AW13: 0.0044567815 | AX13: 0.0044567815 | AY13: 0.0044567815 | AZ13: 0.0042015281 | BA13: 0.0031480759 | BB13: 0.00059692724 | BC13: 0.0031560735 | BD13: 0.00058577154 | BE13: 0.00099341199 | BF13: 0.0024675624 | BG13: 0.00064343921 | BH13: 2.1671393e-05 | BI13: 0.0010382951 | BJ13: 0.00043650731 | BK13: 0.0010615746 | BL13: 0.0011656233 | BM13: 0.00036056844 | BN13: 0.00061031459 | BO13: 0.0011991257
A14: 1979 | B14: 0.0030832908 | C14: 0.00368954 | D14: 0.003516063 | E14: 0.0013766663 | F14: 0.0021694907 | G14: 0.0014762108 | H14: 0.0040316428 | I14: 0.0023315268 | J14: 0.00043020671 | K14: 0.0054364251 | L14: 0.0071265596 | M14: 0.00062409994 | N14: 0.0034453979 | O14: 0.0010029422 | P14: 0.0034833173 | Q14: 0.0043395796 | R14: 0.005802071 | S14: 0.0033638932 | T14: 0.0041383933 | U14: 0.0041383933 | V14: 0.0038751641 | W14: 0.0015037581 | X14: 0.00063586737 | Y14: 0.008729261 | Z14: 0.00369199 | AA14: 4.7841494e-05 | AB14: 1.1547946e-05 | AC14: 0.005434521 | AD14: 0.00013444205 | AE14: 0.002609789 | AF14: 0.0012436344 | AG14: 0.0021556144 | AH14: 0.002870052 | AI14: 0.00057916298 | AJ14: 0.002870052 | AK14: 0.00053761183 | AL14: 0.00045539424 | AM14: 0.0032745826 | AN14: 0.002870052 | AO14: 2.3105861e-05 | AP14: 0.0025892882 | AQ14: 0.0041794609 | AR14: 0.0041794609 | AS14: 0.0041794609 | AT14: 0.0041794609 | AU14: 0.00016296917 | AV14: 0.0041794609 | AW14: 0.0041794609 | AX14: 0.0041794609 | AY14: 0.0041794609 | AZ14: 0.0040316428 | BA14: 0.003020786 | BB14: 0.00052271809 | BC14: 0.0030452727 | BD14: 0.0006286953 | BE14: 0.0010813136 | BF14: 0.0023677886 | BG14: 0.00060340159 | BH14: 2.0322904e-05 | BI14: 0.00097368785 | BJ14: 0.0004093459 | BK14: 0.00099551872 | BL14: 0.0010930931 | BM14: 0.00033813228 | BN14: 0.00057233813 | BO14: 0.0011245108
A15: 1980 | B15: 0.003019301 | C15: 0.0038350097 | D15: 0.0032353348 | E15: 0.0013368715 | F15: 0.0019126129 | G15: 0.001423583 | H15: 0.0040410569 | I15: 0.0023180513 | J15: 0.00040516294 | K15: 0.0058384707 | L15: 0.0071249381 | M15: 0.00064835709 | N15: 0.0036690963 | O15: 0.001100189 | P15: 0.0033505992 | Q15: 0.0044436235 | R15: 0.0061330835 | S15: 0.0033262751 | T15: 0.0043744917 | U15: 0.0043744917 | V15: 0.0035634664 | W15: 0.0015195276 | X15: 0.00077182056 | Y15: 0.0082030511 | Z15: 0.0034694326 | AA15: 4.7405433e-05 | AB15: 1.1968911e-05 | AC15: 0.0053849869 | AD15: 0.00013321665 | AE15: 0.0022319065 | AF15: 0.0012322991 | AG15: 0.0021606479 | AH15: 0.0028767538 | AI15: 0.00058051537 | AJ15: 0.0028767538 | AK15: 0.00053886719 | AL15: 0.00045645762 | AM15: 0.003282229 | AN15: 0.0028767538 | AO15: 2.1336368e-05 | AP15: 0.0023909953 | AQ15: 0.0038593894 | AR15: 0.0038593894 | AS15: 0.0038593894 | AT15: 0.0038593894 | AU15: 0.00015048867 | AV15: 0.0038593894 | AW15: 0.0038593894 | AX15: 0.0038593894 | AY15: 0.0038593894 | AZ15: 0.0040410569 | BA15: 0.0030278398 | BB15: 0.00051695799 | BC15: 0.0030450075 | BD15: 0.00081411358 | BE15: 0.0010841303 | BF15: 0.0023733175 | BG15: 0.00055719188 | BH15: 1.8766535e-05 | BI15: 0.00089912088 | BJ15: 0.00037799737 | BK15: 0.0009192799 | BL15: 0.0010093818 | BM15: 0.00031223743 | BN15: 0.00052850733 | BO15: 0.0010383935
A16: 1981 | B16: 0.0030994813 | C16: 0.0039973779 | D16: 0.0033800848 | E16: 0.0016912697 | F16: 0.0019469384 | G16: 0.0016447033 | H16: 0.0041757924 | I16: 0.002419612 | J16: 0.00045904872 | K16: 0.0061128214 | L16: 0.0074531928 | M16: 0.00066951097 | N16: 0.0037790404 | O16: 0.0013020444 | P16: 0.0034474336 | Q16: 0.00436493 | R16: 0.0063330252 | S16: 0.0036656258 | T16: 0.0045171024 | U16: 0.0045171024 | V16: 0.0037401062 | W16: 0.0016239472 | X16: 0.00087196524 | Y16: 0.0086544781 | Z16: 0.003660361 | AA16: 4.5413987e-05 | AB16: 1.1099227e-05 | AC16: 0.00515877 | AD16: 0.00012762037 | AE16: 0.0026386002 | AF16: 0.0011805316 | AG16: 0.0022326875 | AH16: 0.0029726695 | AI16: 0.0005998707 | AJ16: 0.0029726695 | AK16: 0.0005568339 | AL16: 0.00047167666 | AM16: 0.0033916639 | AN16: 0.0029726695 | AO16: 2.3138756e-05 | AP16: 0.0025929744 | AQ16: 0.0041854111 | AR16: 0.0041854111 | AS16: 0.0041854111 | AT16: 0.0041854111 | AU16: 0.00016320119 | AV16: 0.0041854111 | AW16: 0.0041854111 | AX16: 0.0041854111 | AY16: 0.0041854111 | AZ16: 0.0041757924 | BA16: 0.0031287929 | BB16: 0.00053934706 | BC16: 0.0031504318 | BD16: 0.0007436274 | BE16: 0.0011743431 | BF16: 0.0024524478 | BG16: 0.00060426063 | BH16: 2.0351837e-05 | BI16: 0.00097507406 | BJ16: 0.00040992867 | BK16: 0.000996936 | BL16: 0.0010946493 | BM16: 0.00033861367 | BN16: 0.00057315295 | BO16: 0.0011261117
... A60: 2025 | B60: 0.0040663665 | C60: 0.0081008893 | D60: 0.007753506 | E60: 0.0023360228 | F60: 0.0030441391 | G60: 0.006188351 | H60: 0.0046354799 | I60: 0.00066765973 | J60: 0.0013699863 | K60: 0.012464082 | L60: 0.0082106951 | M60: 0.0077098746 | N60: 0.0067379464 | O60: 0.0027085595 | P60: 0.0074141033 | Q60: 0.0056105475 | R60: 0.015659311 | S60: 0.0074348387 | T60: 0.0073309223 | U60: 0.0073309223 | V60: 0.0086679332 | W60: 0.0039987138 | X60: 0.0036060001 | Y60: 0.0084173857 | Z60: 0.008078896 | AA60: 4.97589e-06 | AB60: 1.6862139e-05 | AC60: 0.005371843 | AD60: 0.0018518246 | AE60: 0.0035940794 | AF60: 0.0017601597 | AG60: 0.00015204383 | AH60: 0.0046103994 | AI60: 0.0017918332 | AJ60: 0.0046103994 | AK60: 0.00070556981 | AL60: 0.0012951738 | AM60: 0.0040172961 | AN60: 0.0046103994 | AO60: 1.7204565e-05 | AP60: 0.018149255 | AQ60: 0.0057430968 | AR60: 0.0057430968 | AS60: 0.0057430968 | AT60: 0.0057430968 | AU60: 0.007217547 | AV60: 0.0057430968 | AW60: 0.0057430968 | AX60: 0.0057430968 | AY60: 0.0057430968 | AZ60: 0.0046354799 | BA60: 0.0041730026 | BB60: 0.00017394872 | BC60: 0.0021385498 | BD60: 0.001903173 | BE60: 0.0030073225 | BF60: 0.00060976711 | BG60: 0.0010061108 | BH60: 0.00069138353 | BI60: 0.00063988824 | BJ60: 0.001079639 | BK60: 0.0013616518 | BL60: 0.011122746 | BM60: 0.00064489162 | BN60: 0.00066519027 | BO60: 0.0011108726
A61: 2026
A62: 2027
A63: 2028
A64: 2029
A65: 2030
A66: 2031
A67: 2032
A68: 2033
A69: 2034
A70: 2035
A71: 2036
A72: 2037
... A135: 2100

Sheet O2b
A1: ="Data series on A-Matrix Coefficients: Total Construction Inputs used by " & ReadMe!D1 & " Sector as Share of " & ReadMe!D1 & " Output (current price MER)." -> Data series on A-Matrix Coefficients: Total Construction Inputs used by "Manufacturing" Sector as Share of "Manufacturing" Output (current price MER).
A4: Year | B4: World | C4: Europe | D4: North America/ Oceania | E4: Latin America | F4: Middle East/North Africa | G4: Subsaharan Africa | H4: Russia/ Central Asia | I4: East Asia | J4: South & South-East Asia | K4: DE | L4: DK | M4: ES | N4: FR | O4: GB | P4: IT | Q4: NL | R4: NO | S4: SE | T4: OC | U4: QM | V4: US | W4: CA | X4: AU | Y4: NZ | Z4: OH | AA4: AR | AB4: BR | AC4: CL | AD4: CO | AE4: MX | AF4: OD | AG4: AE | AH4: DZ | AI4: EG | AJ4: IR | AK4: MA | AL4: SA | AM4: TR | AN4: OE | AO4: CD | AP4: CI | AQ4: ET | AR4: KE | AS4: ML | AT4: NE | AU4: NG | AV4: RW | AW4: SD | AX4: ZA | AY4: OJ | AZ4: RU | BA4: OA | BB4: CN | BC4: JP | BD4: KR | BE4: TW | BF4: OB | BG4: BD | BH4: IN | BI4: ID | BJ4: MM | BK4: PK | BL4: PH | BM4: TH | BN4: VN | BO4: OI
A5: 1970 | B5: 0.0034939128 | C5: 0.0038383135 | D5: 0.0045267718 | E5: 0.00069205768 | F5: 0.00045716562 | G5: 0.0012427419 | H5: 0.0033136115 | I5: 0.0010282659 | J5: 0.011767811 | K5: 0.0023346232 | L5: 0.0034316745 | M5: 0.0057184182 | N5: 0.0033313466 | O5: 0.0032225317 | P5: 0.0053282418 | Q5: 0.0084105856 | R5: 0.0023850343 | S5: 0.0072286592 | T5: 0.0046605576 | U5: 0.0046605576 | V5: 0.0027737309 | W5: 0.0057469729 | X5: 0.033319066 | Y5: 0.0033479309 | Z5: 0.0056464552 | AA5: 7.9697836e-05 | AB5: 0.00028901264 | AC5: 0.001516473 | AD5: 9.0559947e-05 | AE5: 0.0010580179 | AF5: 0.00039786895 | AG5: 0.0036536883 | AH5: 0.0008582486 | AI5: 0.00011489608 | AJ5: 0.0008582486 | AK5: 0.00020776404 | AL5: 0.00077071219 | AM5: 0.00017764298 | AN5: 0.0008582486 | AO5: 0.0034370575 | AP5: 0.00049055005 | AQ5: 0.0019755404 | AR5: 0.0019755404 | AS5: 0.0019755404 | AT5: 0.0019755404 | AU5: 0.00035693186 | AV5: 0.0019755404 | AW5: 0.0019755404 | AX5: 0.0019755404 | AY5: 0.0019755404 | AZ5: 0.0033136115 | BA5: 0.0025569174 | BB5: 0 | BC5: 0.001351777 | BD5: 0.0025727383 | BE5: 0.0003307628 | BF5: 0.0010922453 | BG5: 0.0023997855 | BH5: 0.01882836 | BI5: 0.0055376846 | BJ5: 0.0019644722 | BK5: 0.001320812 | BL5: 0.0037562995 | BM5: 0.0045398034 | BN5: 0.00059121618 | BO5: 0.0081034014
A6: 1971 | B6: 0.0036202572 | C6: 0.0037332912 | D6: 0.0046696013 | E6: 0.00064433624 | F6: 0.00047552649 | G6: 0.0015442743 | H6: 0.0031385717 | I6: 0.00096693314 | J6: 0.015720979 | K6: 0.0025828085 | L6: 0.0034568273 | M6: 0.0059139223 | N6: 0.0031080776 | O6: 0.0028419485 | P6: 0.0047209326 | Q6: 0.0079356396 | R6: 0.0022653214 | S6: 0.0070956922 | T6: 0.0044266285 | U6: 0.0044266285 | V6: 0.002683286 | W6: 0.0059012444 | X6: 0.036453309 | Y6: 0.0037460294 | Z6: 0.0063178686 | AA6: 7.6992827e-05 | AB6: 0.00028281329 | AC6: 0.0014650027 | AD6: 8.748627e-05 | AE6: 0.00098072657 | AF6: 0.00038436496 | AG6: 0.0034606841 | AH6: 0.00081291207 | AI6: 0.00010882676 | AJ6: 0.00081291207 | AK6: 0.00019678902 | AL6: 0.00072999972 | AM6: 0.00016825909 | AN6: 0.00081291207 | AO6: 0.0043243688 | AP6: 0.00061719053 | AQ6: 0.0024855462 | AR6: 0.0024855462 | AS6: 0.0024855462 | AT6: 0.0024855462 | AU6: 0.00044907745 | AV6: 0.0024855462 | AW6: 0.0024855462 | AX6: 0.0024855462 | AY6: 0.0024855462 | AZ6: 0.0031385717 | BA6: 0.0024218496 | BB6: 0 | BC6: 0.0012902618 | BD6: 0.0020984407 | BE6: 0.00035344 | BF6: 0.001034548 | BG6: 0.0030193145 | BH6: 0.023689093 | BI6: 0.0069672942 | BJ6: 0.0024716206 | BK6: 0.001661793 | BL6: 0.0047260264 | BM6: 0.0057117998 | BN6: 0.00074384465 | BO6: 0.010195377
A7: 1972 | B7: 0.0035100527 | C7: 0.0037132262 | D7: 0.0048919167 | E7: 0.00073117748 | F7: 0.00049048439 | G7: 0.0012607357 | H7: 0.0030841827 | I7: 0.00096842139 | J7: 0.013361909 | K7: 0.0028353113 | L7: 0.0033467566 | M7: 0.0056844043 | N7: 0.0028533165 | O7: 0.0025074618 | P7: 0.0044972478 | Q7: 0.0078177696 | R7: 0.0021849862 | S7: 0.00699763 | T7: 0.0042696469 | U7: 0.0042696469 | V7: 0.0027346221 | W7: 0.0061652865 | X7: 0.039111964 | Y7: 0.0041147562 | Z7: 0.006939745 | AA7: 8.7620692e-05 | AB7: 0.00030740816 | AC7: 0.0016672274 | AD7: 9.9562618e-05 | AE7: 0.001240739 | AF7: 0.00043742157 | AG7: 0.0034007131 | AH7: 0.00079882492 | AI7: 0.00010694087 | AJ7: 0.00079882492 | AK7: 0.00019337881 | AL7: 0.00071734938 | AM7: 0.00016534329 | AN7: 0.00079882492 | AO7: 0.0036673242 | AP7: 0.0005234146 | AQ7: 0.0021078923 | AR7: 0.0021078923 | AS7: 0.0021078923 | AT7: 0.0021078923 | AU7: 0.00038084463 | AV7: 0.0021078923 | AW7: 0.0021078923 | AX7: 0.0021078923 | AY7: 0.0021078923 | AZ7: 0.0030841827 | BA7: 0.0023798807 | BB7: 0 | BC7: 0.0012729375 | BD7: 0.0018125964 | BE7: 0.00028263927 | BF7: 0.00101662 | BG7: 0.0025605599 | BH7: 0.020089772 | BI7: 0.0059086835 | BJ7: 0.0020960826 | BK7: 0.0014093002 | BL7: 0.0040079539 | BM7: 0.0048439489 | BN7: 0.0006308249 | BO7: 0.0086462913
A8: 1973 | B8: 0.0035126432 | C8: 0.0037519261 | D8: 0.0056225533 | E8: 0.00062141187 | F8: 0.00054306423 | G8: 0.0010188736 | H8: 0.0030655345 | I8: 0.00098924661 | J8: 0.0098031923 | K8: 0.0028595723 | L8: 0.0034494332 | M8: 0.0059171607 | N8: 0.0031989828 | O8: 0.0023318898 | P8: 0.0040472257 | Q8: 0.0083090731 | R8: 0.0021790808 | S8: 0.0068062961 | T8: 0.0042581072 | U8: 0.0042581072 | V8: 0.0036100928 | W8: 0.0062362248 | X8: 0.031883258 | Y8: 0.0036957276 | Z8: 0.0062330321 | AA8: 9.0555268e-05 | AB8: 0.00032904214 | AC8: 0.0017230659 | AD8: 0.00010289715 | AE8: 0.0010580463 | AF8: 0.00045207161 | AG8: 0.003380151 | AH8: 0.00079399491 | AI8: 0.00010629427 | AJ8: 0.00079399491 | AK8: 0.00019220957 | AL8: 0.00071301201 | AM8: 0.00016434355 | AN8: 0.00079399491 | AO8: 0.0028201746 | AP8: 0.00040250616 | AQ8: 0.0016209705 | AR8: 0.0016209705 | AS8: 0.0016209705 | AT8: 0.0016209705 | AU8: 0.00029286976 | AV8: 0.0016209705 | AW8: 0.0016209705 | AX8: 0.0016209705 | AY8: 0.0016209705 | AZ8: 0.0030655345 | BA8: 0.002365491 | BB8: 0 | BC8: 0.0012667863 | BD8: 0.0016808912 | BE8: 0.00023225745 | BF8: 0.0010104732 | BG8: 0.0019690722 | BH8: 0.015449047 | BI8: 0.0045437813 | BJ8: 0.0016118888 | BK8: 0.0010837527 | BL8: 0.0030821191 | BM8: 0.0037249998 | BN8: 0.00048510474 | BO8: 0.0066490035
A9: 1974 | B9: 0.0035856557 | C9: 0.0036452734 | D9: 0.0063124428 | E9: 0.00054021018 | F9: 0.00063650822 | G9: 0.00086357294 | H9: 0.0029645468 | I9: 0.00097394487 | J9: 0.008662853 | K9: 0.0026148102 | L9: 0.0034866611 | M9: 0.0057575829 | N9: 0.0030188301 | O9: 0.0019832789 | P9: 0.0041670077 | Q9: 0.0089625387 | R9: 0.0022483401 | S9: 0.0059575305 | T9: 0.0043934457 | U9: 0.0043934457 | V9: 0.0041565454 | W9: 0.0067184509 | X9: 0.033116743 | Y9: 0.0039539973 | Z9: 0.0066686171 | AA9: 8.4202795e-05 | AB9: 0.00030742313 | AC9: 0.0016021924 | AD9: 9.5678892e-05 | AE9: 0.00093600486 | AF9: 0.00042035868 | AG9: 0.0032687989 | AH9: 0.00076783838 | AI9: 0.00010279262 | AJ9: 0.00076783838 | AK9: 0.00018587762 | AL9: 0.0006895233 | AM9: 0.00015892959 | AN9: 0.00076783838 | AO9: 0.002630088 | AP9: 0.00037537626 | AQ9: 0.0015117132 | AR9: 0.0015117132 | AS9: 0.0015117132 | AT9: 0.0015117132 | AU9: 0.00027312962 | AV9: 0.0015117132 | AW9: 0.0015117132 | AX9: 0.0015117132 | AY9: 0.0015117132 | AZ9: 0.0029645468 | BA9: 0.0022875648 | BB9: 0 | BC9: 0.0012196416 | BD9: 0.001708728 | BE9: 9.0085996e-05 | BF9: 0.0009771852 | BG9: 0.0018363519 | BH9: 0.014407744 | BI9: 0.0042375194 | BJ9: 0.0015032436 | BK9: 0.0010107051 | BL9: 0.0028743767 | BM9: 0.0034739257 | BN9: 0.00045240749 | BO9: 0.0062008444
A10: 1975 | B10: 0.0037822972 | C10: 0.0038555355 | D10: 0.006843176 | E10: 0.0006928284 | F10: 0.00058347977 | G10: 0.00093589488 | H10: 0.002712774 | I10: 0.00085967824 | J10: 0.0099568154 | K10: 0.0025238844 | L10: 0.0034270907 | M10: 0.0064701635 | N10: 0.0037616805 | O10: 0.0017240148 | P10: 0.0045130023 | Q10: 0.0092194568 | R10: 0.0023556776 | S10: 0.0061525108 | T10: 0.0046031921 | U10: 0.0046031921 | V10: 0.0046458229 | W10: 0.0065203713 | X10: 0.033648823 | Y10: 0.0041487451 | Z10: 0.0069970691 | AA10: 8.142479e-05 | AB10: 0.00028493986 | AC10: 0.0015493332 | AD10: 9.252227e-05 | AE10: 0.0011196274 | AF10: 0.00040649028 | AG10: 0.0029911867 | AH10: 0.00070262748 | AI10: 9.4062659e-05 | AJ10: 0.00070262748 | AK10: 0.00017009142 | AL10: 0.00063096352 | AM10: 0.00014543204 | AN10: 0.00070262748 | AO10: 0.0030478554 | AP10: 0.00043500163 | AQ10: 0.0017518361 | AR10: 0.0017518361 | AS10: 0.0017518361 | AT10: 0.0017518361 | AU10: 0.00031651397 | AV10: 0.0017518361 | AW10: 0.0017518361 | AX10: 0.0017518361 | AY10: 0.0017518361 | AZ10: 0.002712774 | BA10: 0.0020932867 | BB10: 0 | BC10: 0.0011160285 | BD10: 0.0017442668 | BE10: 0.00028063949 | BF10: 0.0008941949 | BG10: 0.002128041 | BH10: 0.016696293 | BI10: 0.0049106138 | BJ10: 0.0017420212 | BK10: 0.0011712472 | BL10: 0.0033309474 | BM10: 0.0040257297 | BN10: 0.00052426863 | BO10: 0.0071857965
A11: 1976 | B11: 0.0038357359 | C11: 0.0038018494 | D11: 0.0069560054 | E11: 0.00080699624 | F11: 0.00064955859 | G11: 0.00084826128 | H11: 0.0029137373 | I11: 0.00096627999 | J11: 0.0093236354 | K11: 0.0025626548 | L11: 0.0034449521 | M11: 0.0062998794 | N11: 0.0038684249 | O11: 0.0014987259 | P11: 0.0041609335 | Q11: 0.0089917647 | R11: 0.0023060919 | S11: 0.0066377341 | T11: 0.0045062975 | U11: 0.0045062975 | V11: 0.0051159781 | W11: 0.0064787205 | X11: 0.031190252 | Y11: 0.0040091792 | Z11: 0.006761684 | AA11: 9.1140674e-05 | AB11: 0.00029916063 | AC11: 0.0017342049 | AD11: 0.00010356234 | AE11: 0.0014615591 | AF11: 0.00045499409 | AG11: 0.0032127748 | AH11: 0.00075467837 | AI11: 0.00010103085 | AJ11: 0.00075467837 | AK11: 0.00018269185 | AL11: 0.00067770552 | AM11: 0.00015620569 | AN11: 0.00075467837 | AO11: 0.0029969996 | AP11: 0.00042774329 | AQ11: 0.0017226054 | AR11: 0.0017226054 | AS11: 0.0017226054 | AT11: 0.0017226054 | AU11: 0.00031123269 | AV11: 0.0017226054 | AW11: 0.0017226054 | AX11: 0.0017226054 | AY11: 0.0017226054 | AZ11: 0.0029137373 | BA11: 0.0022483581 | BB11: 0 | BC11: 0.0012098784 | BD11: 0.0015935467 | BE11: 0.00032550125 | BF11: 0.00096043718 | BG11: 0.002092533 | BH11: 0.016417703 | BI11: 0.0048286764 | BJ11: 0.0017129543 | BK11: 0.001151704 | BL11: 0.003275368 | BM11: 0.0039585572 | BN11: 0.00051552081 | BO11: 0.007065896
A12: 1977 | B12: 0.0039151456 | C12: 0.0038117617 | D12: 0.00691482 | E12: 0.00065043073 | F12: 0.00072328603 | G12: 0.00098099735 | H12: 0.0031550629 | I12: 0.0010517623 | J12: 0.010816646 | K12: 0.0024709991 | L12: 0.0034307801 | M12: 0.0065181837 | N12: 0.0042709053 | O12: 0.0013694895 | P12: 0.004198583 | Q12: 0.008941904 | R12: 0.0023496458 | S12: 0.006377116 | T12: 0.0045914055 | U12: 0.0045914055 | V12: 0.0055634645 | W12: 0.0065599628 | X12: 0.027053833 | Y12: 0.0038600651 | Z12: 0.0065101955 | AA12: 9.285234e-05 | AB12: 0.00032772814 | AC12: 0.0017667741 | AD12: 0.00010550729 | AE12: 0.0011007203 | AF12: 0.00046353909 | AG12: 0.0034788678 | AH12: 0.00081718341 | AI12: 0.00010939857 | AJ12: 0.00081718341 | AK12: 0.00019782302 | AL12: 0.00073383541 | AM12: 0.00016914318 | AN12: 0.00081718341 | AO12: 0.0034451259 | AP12: 0.00049170161 | AQ12: 0.0019801779 | AR12: 0.0019801779 | AS12: 0.0019801779 | AT12: 0.0019801779 | AU12: 0.00035776976 | AV12: 0.0019801779 | AW12: 0.0019801779 | AX12: 0.0019801779 | AY12: 0.0019801779 | AZ12: 0.0031550629 | BA12: 0.0024345748 | BB12: 0 | BC12: 0.0013136393 | BD12: 0.0014904318 | BE12: 0.00070733968 | BF12: 0.0010399839 | BG12: 0.002405419 | BH12: 0.01887256 | BI12: 0.0055506842 | BJ12: 0.0019690838 | BK12: 0.0013239126 | BL12: 0.0037651173 | BM12: 0.0045504605 | BN12: 0.00059260405 | BO12: 0.008122424
A13: 1978 | B13: 0.0036997775 | C13: 0.0035584889 | D13: 0.0063156138 | E13: 0.00069978749 | F13: 0.00071480282 | G13: 0.0010870934 | H13: 0.003266393 | I13: 0.0010996687 | J13: 0.011972612 | K13: 0.0023498416 | L13: 0.0034737521 | M13: 0.0065170775 | N13: 0.0034256044 | O13: 0.0013074738 | P13: 0.0043596931 | Q13: 0.0083407904 | R13: 0.0022573116 | S13: 0.0065773639 | T13: 0.0044109767 | U13: 0.0044109767 | V13: 0.0053275943 | W13: 0.0063461566 | X13: 0.021443983 | Y13: 0.0035077692 | Z13: 0.0059160306 | AA13: 8.7747098e-05 | AB13: 0.00030124207 | AC13: 0.0016696326 | AD13: 9.9706252e-05 | AE13: 0.0012310617 | AF13: 0.00043805261 | AG13: 0.0036016237 | AH13: 0.00084601867 | AI13: 0.00011325883 | AJ13: 0.00084601867 | AK13: 0.00020480343 | AL13: 0.00075972965 | AM13: 0.0001751116 | AN13: 0.00084601867 | AO13: 0.0036629498 | AP13: 0.00052279027 | AQ13: 0.002105378 | AR13: 0.002105378 | AS13: 0.002105378 | AT13: 0.002105378 | AU13: 0.00038039036 | AV13: 0.002105378 | AW13: 0.002105378 | AX13: 0.002105378 | AY13: 0.002105378 | AZ13: 0.003266393 | BA13: 0.0025204816 | BB13: 0 | BC13: 0.001357565 | BD13: 0.0015526798 | BE13: 0.00078843645 | BF13: 0.0010766809 | BG13: 0.0025575056 | BH13: 0.020065809 | BI13: 0.0059016356 | BJ13: 0.0020935824 | BK13: 0.0014076192 | BL13: 0.0040031733 | BM13: 0.0048381711 | BN13: 0.00063007245 | BO13: 0.008635978
A14: 1979 | B14: 0.0035515735 | C14: 0.0036049744 | D14: 0.0060566874 | E14: 0.00068178212 | F14: 0.00070988982 | G14: 0.00094832722 | H14: 0.0032057526 | I14: 0.0010581023 | J14: 0.010757842 | K14: 0.0027884627 | L14: 0.0036168618 | M14: 0.0068307999 | N14: 0.0027651517 | O14: 0.0012842673 | P14: 0.0042853426 | Q14: 0.0083247335 | R14: 0.0023114553 | S14: 0.0061659437 | T14: 0.0045167782 | U14: 0.0045167782 | V14: 0.005117617 | W14: 0.0063917504 | X14: 0.019213407 | Y14: 0.0033359805 | Z14: 0.0056263003 | AA14: 9.0633997e-05 | AB14: 0.0003203976 | AC14: 0.0017245639 | AD14: 0.00010298661 | AE14: 0.0011399579 | AF14: 0.00045246464 | AG14: 0.0035347598 | AH14: 0.0008303124 | AI14: 0.00011115619 | AJ14: 0.0008303124 | AK14: 0.00020100127 | AL14: 0.00074562532 | AM14: 0.00017186066 | AN14: 0.0008303124 | AO14: 0.0032557276 | AP14: 0.00046466995 | AQ14: 0.0018713162 | AR14: 0.0018713162 | AS14: 0.0018713162 | AT14: 0.0018713162 | AU14: 0.0003381011 | AV14: 0.0018713162 | AW14: 0.0018713162 | AX14: 0.0018713162 | AY14: 0.0018713162 | AZ14: 0.0032057526 | BA14: 0.0024736891 | BB14: 0 | BC14: 0.0013357597 | BD14: 0.0016838575 | BE14: 0.00047778404 | BF14: 0.0010566924 | BG14: 0.0022731793 | BH14: 0.017835027 | BI14: 0.0052455313 | BJ14: 0.0018608319 | BK14: 0.0012511295 | BL14: 0.0035581273 | BM14: 0.0043002956 | BN14: 0.00056002521 | BO14: 0.0076758878
A15: 1980 | B15: 0.0034828023 | C15: 0.0036091348 | D15: 0.0055558124 | E15: 0.00060071748 | F15: 0.00093983454 | G15: 0.00093570175 | H15: 0.0037335528 | I15: 0.0011966519 | J15: 0.010744226 | K15: 0.0032191554 | L15: 0.0036934397 | M15: 0.0065392328 | N15: 0.0025953276 | O15: 0.0012200045 | P15: 0.0042562424 | Q15: 0.0081596302 | R15: 0.0022317603 | S15: 0.005801965 | T15: 0.0043610472 | U15: 0.0043610472 | V15: 0.0044721086 | W15: 0.0066914749 | X15: 0.017848951 | Y15: 0.0030283584 | Z15: 0.0051074801 | AA15: 8.3619606e-05 | AB15: 0.00030766212 | AC15: 0.0015910956 | AD15: 9.5016219e-05 | AE15: 0.00091223532 | AF15: 0.00041744728 | AG15: 0.0041167283 | AH15: 0.00096701634 | AI15: 0.00012945712 | AJ15: 0.00096701634 | AK15: 0.00023409444 | AL15: 0.00086838625 | AM15: 0.00020015607 | AN15: 0.00096701634 | AO15: 0.0032323067 | AP15: 0.00046132723 | AQ15: 0.0018578544 | AR15: 0.0018578544 | AS15: 0.0018578544 | AT15: 0.0018578544 | AU15: 0.00033566889 | AV15: 0.0018578544 | AW15: 0.0018578544 | AX15: 0.0018578544 | AY15: 0.0018578544 | AZ15: 0.0037335528 | BA15: 0.0028809612 | BB15: 0 | BC15: 0.0015577849 | BD15: 0.001848343 | BE15: 0.00038701576 | BF15: 0.0012306679 | BG15: 0.0022568266 | BH15: 0.017706726 | BI15: 0.0052077963 | BJ15: 0.0018474456 | BK15: 0.0012421292 | BL15: 0.003532531 | BM15: 0.0042693604 | BN15: 0.00055599653 | BO15: 0.0076206694
A16: 1981 | B16: 0.0034165001 | C16: 0.0036333055 | D16: 0.0049908235 | E16: 0.0008069269 | F16: 0.00099663772 | G16: 0.00098342166 | H16: 0.0038789022 | I16: 0.0012632676 | J16: 0.010686706 | K16: 0.0033874358 | L16: 0.0038787293 | M16: 0.0068400966 | N16: 0.0024720047 | O16: 0.0012123058 | P16: 0.0046912967 | Q16: 0.0066143609 | R16: 0.0021825997 | S16: 0.0059089204 | T16: 0.0042649835 | U16: 0.0042649835 | V16: 0.0041391347 | W16: 0.0071060467 | X16: 0.012356838 | Y16: 0.0027074531 | Z16: 0.004566257 | AA16: 7.8293719e-05 | AB16: 0.00026226515 | AC16: 0.0014897558 | AD16: 8.8964462e-05 | AE16: 0.0012191615 | AF16: 0.00039085929 | AG16: 0.0042769949 | AH16: 0.0010046628 | AI16: 0.00013449696 | AJ16: 0.0010046628 | AK16: 0.00024320787 | AL16: 0.00090219302 | AM16: 0.00020794826 | AN16: 0.0010046628 | AO16: 0.0032781752 | AP16: 0.00046787376 | AQ16: 0.0018842186 | AR16: 0.0018842186 | AS16: 0.0018842186 | AT16: 0.0018842186 | AU16: 0.00034043224 | AV16: 0.0018842186 | AW16: 0.0018842186 | AX16: 0.0018842186 | AY16: 0.0018842186 | AZ16: 0.0038789022 | BA16: 0.0029931186 | BB16: 0 | BC16: 0.0016262007 | BD16: 0.0017996511 | BE16: 0.00037383221 | BF16: 0.0012785785 | BG16: 0.0022888524 | BH16: 0.017957996 | BI16: 0.0052816982 | BJ16: 0.001873662 | BK16: 0.0012597558 | BL16: 0.0035826598 | BM16: 0.0043299453 | BN16: 0.00056388647 | BO16: 0.0077288115
... A60: 2025 | B60: 0.0038100876 | C60: 0.0066347964 | D60: 0.0021472001 | E60: 0.00062393152 | F60: 0.0024733173 | G60: 0.014120599 | H60: 0.0060540992 | I60: 0.001401159 | J60: 0.011510338 | K60: 0.009332137 | L60: 0.0033865684 | M60: 0.008827411 | N60: 0.0030507588 | O60: 0.0055351405 | P60: 0.0071405792 | Q60: 0.0032696914 | R60: 0.0038131437 | S60: 0.010814592 | T60: 0.0070416788 | U60: 0.0070416788 | V60: 0.0014486218 | W60: 0.0033533766 | X60: 0.0074464939 | Y60: 0.0089618961 | Z60: 0.0018859059 | AA60: 7.8683947e-05 | AB60: 0.00088881241 | AC60: 8.6414892e-05 | AD60: 0.0010803016 | AE60: 0.00056777352 | AF60: 0.0006678483 | AG60: 0.0033603168 | AH60: 0.0028516602 | AI60: 0.00039912657 | AJ60: 0.0028516602 | AK60: 0.0059251706 | AL60: 0.0015158119 | AM60: 0.0023282684 | AN60: 0.0028516602 | AO60: 0.0078056762 | AP60: 0.00090589016 | AQ60: 0.011432264 | AR60: 0.011432264 | AS60: 0.011432264 | AT60: 0.011432264 | AU60: 0.029634838 | AV60: 0.011432264 | AW60: 0.011432264 | AX60: 0.011432264 | AY60: 0.011432264 | AZ60: 0.0060540992 | BA60: 0.005473374 | BB60: 0.00039054796 | BC60: 0.0043113726 | BD60: 0.0025389556 | BE60: 0.0091465014 | BF60: 0.0012636849 | BG60: 0.0014071338 | BH60: 0.022270289 | BI60: 0.0012473388 | BJ60: 0.0012056509 | BK60: 0.0011025305 | BL60: 0.0041740918 | BM60: 0.0059439832 | BN60: 0.0015145811 | BO60: 0.010117903
A61: 2026
A62: 2027
A63: 2028
A64: 2029
A65: 2030
A66: 2031
A67: 2032
A68: 2033
A69: 2034
A70: 2035
A71: 2036
A72: 2037
... A135: 2100

Sheet O3
A1: ="Data series on A-Matrix Coefficients: Total Manufacturing Inputs used by " & ReadMe!D1 & " Sector as Share of " & ReadMe!D1 & " Output (current price MER)." -> Data series on A-Matrix Coefficients: Total Manufacturing Inputs used by "Manufacturing" Sector as Share of "Manufacturing" Output (current price MER).
A4: Year | B4: World | C4: Europe | D4: North America/ Oceania | E4: Latin America | F4: Middle East/North Africa | G4: Subsaharan Africa | H4: Russia/ Central Asia | I4: East Asia | J4: South & South-East Asia | K4: DE | L4: DK | M4: ES | N4: FR | O4: GB | P4: IT | Q4: NL | R4: NO | S4: SE | T4: OC | U4: QM | V4: US | W4: CA | X4: AU | Y4: NZ | Z4: OH | AA4: AR | AB4: BR | AC4: CL | AD4: CO | AE4: MX | AF4: OD | AG4: AE | AH4: DZ | AI4: EG | AJ4: IR | AK4: MA | AL4: SA | AM4: TR | AN4: OE | AO4: CD | AP4: CI | AQ4: ET | AR4: KE | AS4: ML | AT4: NE | AU4: NG | AV4: RW | AW4: SD | AX4: ZA | AY4: OJ | AZ4: RU | BA4: OA | BB4: CN | BC4: JP | BD4: KR | BE4: TW | BF4: OB | BG4: BD | BH4: IN | BI4: ID | BJ4: MM | BK4: PK | BL4: PH | BM4: TH | BN4: VN | BO4: OI
A5: 1970 | B5: 0.40939769 | C5: 0.50962236 | D5: 0.40278185 | E5: 0.37115655 | F5: 0.35319364 | G5: 0.21866052 | H5: 0.27592588 | I5: 0.43385765 | J5: 0.24759946 | K5: 0.51443048 | L5: 0.49173479 | M5: 0.57015867 | N5: 0.43836244 | O5: 0.51414759 | P5: 0.39826402 | Q5: 0.97395222 | R5: 0.4538141 | S5: 0.41746446 | T5: 0.47061507 | U5: 0.47061507 | V5: 0.39387133 | W5: 0.51522449 | X5: 0.38337244 | Y5: 0.33025315 | Z5: 0.39621393 | AA5: 0.32709378 | AB5: 0.33704008 | AC5: 0.21746639 | AD5: 0.30864522 | AE5: 0.43238307 | AF5: 0.35258968 | AG5: 0.37474055 | AH5: 0.34527896 | AI5: 0.38831907 | AJ5: 0.34527896 | AK5: 0.36241788 | AL5: 0.24376948 | AM5: 0.36740577 | AN5: 0.34527896 | AO5: 0.15020858 | AP5: 0.23109447 | AQ5: 0.2215111 | AR5: 0.2215111 | AS5: 0.2215111 | AT5: 0.2215111 | AU5: 0.22403355 | AV5: 0.2215111 | AW5: 0.2215111 | AX5: 0.2215111 | AY5: 0.2215111 | AZ5: 0.27592588 | BA5: 0.30632093 | BB5: 0.39202277 | BC5: 0.44306596 | BD5: 0.40928507 | BE5: 0.57996577 | BF5: 0.44555808 | BG5: 0.2532743 | BH5: 0.24606434 | BI5: 0.25782753 | BJ5: 0.2399699 | BK5: 0.18771813 | BL5: 0.21908696 | BM5: 0.35123746 | BN5: 0.30598181 | BO5: 0.29343206
A6: 1971 | B6: 0.4134581 | C6: 0.51010072 | D6: 0.40057505 | E6: 0.38265844 | F6: 0.34888195 | G6: 0.28286528 | H6: 0.27499914 | I6: 0.43496435 | J6: 0.32005262 | K6: 0.50361884 | L6: 0.48217614 | M6: 0.57133979 | N6: 0.44017859 | O6: 0.49651692 | P6: 0.38828023 | Q6: 1.0261603 | R6: 0.44669992 | S6: 0.40507141 | T6: 0.46323751 | U6: 0.46323751 | V6: 0.39033549 | W6: 0.51574235 | X6: 0.38907854 | Y6: 0.32707143 | Z6: 0.39239673 | AA6: 0.33044726 | AB6: 0.33428032 | AC6: 0.21969593 | AD6: 0.31180956 | AE6: 0.46032553 | AF6: 0.35620456 | AG6: 0.37348193 | AH6: 0.34411929 | AI6: 0.38701485 | AJ6: 0.34411929 | AK6: 0.36120064 | AL6: 0.24295074 | AM6: 0.36617179 | AN6: 0.34411929 | AO6: 0.19427006 | AP6: 0.29888263 | AQ6: 0.28648812 | AR6: 0.28648812 | AS6: 0.28648812 | AT6: 0.28648812 | AU6: 0.28975049 | AV6: 0.28648812 | AW6: 0.28648812 | AX6: 0.28648812 | AY6: 0.28648812 | AZ6: 0.27499914 | BA6: 0.30529211 | BB6: 0.39875508 | BC6: 0.44058231 | BD6: 0.42417844 | BE6: 0.59049734 | BF6: 0.44406162 | BG6: 0.32756859 | BH6: 0.3182437 | BI6: 0.33345744 | BJ6: 0.31036153 | BK6: 0.24278248 | BL6: 0.28335289 | BM6: 0.45426779 | BN6: 0.39573706 | BO6: 0.37950604
A7: 1972 | B7: 0.41154319 | C7: 0.50341215 | D7: 0.40294701 | E7: 0.38542843 | F7: 0.34261605 | G7: 0.25785965 | H7: 0.27131952 | I7: 0.42915727 | J7: 0.29472632 | K7: 0.49853284 | L7: 0.47294151 | M7: 0.57579977 | N7: 0.43214365 | O7: 0.4815495 | P7: 0.38198236 | Q7: 0.96754819 | R7: 0.44140051 | S7: 0.39546662 | T7: 0.45774191 | U7: 0.45774191 | V7: 0.39255015 | W7: 0.51505465 | X7: 0.39381494 | Y7: 0.32876441 | Z7: 0.39442785 | AA7: 0.33667307 | AB7: 0.33708044 | AC7: 0.22383513 | AD7: 0.31768423 | AE7: 0.47077853 | AF7: 0.36291565 | AG7: 0.36848455 | AH7: 0.3395148 | AI7: 0.38183639 | AJ7: 0.3395148 | AK7: 0.3563676 | AL7: 0.23969994 | AM7: 0.36127222 | AN7: 0.3395148 | AO7: 0.17690919 | AP7: 0.2721731 | AQ7: 0.26088622 | AR7: 0.26088622 | AS7: 0.26088622 | AT7: 0.26088622 | AU7: 0.26385705 | AV7: 0.26088622 | AW7: 0.26088622 | AX7: 0.26088622 | AY7: 0.26088622 | AZ7: 0.27131952 | BA7: 0.30120714 | BB7: 0.40304559 | BC7: 0.43068092 | BD7: 0.43517264 | BE7: 0.59372895 | BF7: 0.43811985 | BG7: 0.29829555 | BH7: 0.28980397 | BI7: 0.30365814 | BJ7: 0.28262619 | BK7: 0.22108632 | BL7: 0.25803117 | BM7: 0.41367233 | BN7: 0.36037217 | BO7: 0.34559163
A8: 1973 | B8: 0.41481389 | C8: 0.50171985 | D8: 0.40445254 | E8: 0.37847857 | F8: 0.34637447 | G8: 0.23144964 | H8: 0.2764069 | I8: 0.43516433 | J8: 0.26617044 | K8: 0.50166586 | L8: 0.47407525 | M8: 0.57739087 | N8: 0.43788881 | O8: 0.47443043 | P8: 0.38422844 | Q8: 0.92449668 | R8: 0.44190264 | S8: 0.3954333 | T8: 0.45826263 | U8: 0.45826263 | V8: 0.39487233 | W8: 0.50398168 | X8: 0.40273467 | Y8: 0.33022256 | Z8: 0.39617723 | AA8: 0.3414762 | AB8: 0.34110303 | AC8: 0.22702846 | AD8: 0.32221645 | AE8: 0.46185036 | AF8: 0.36809317 | AG8: 0.37539384 | AH8: 0.34588089 | AI8: 0.38899603 | AJ8: 0.34588089 | AK8: 0.36304968 | AL8: 0.24419444 | AM8: 0.36804627 | AN8: 0.34588089 | AO8: 0.15895765 | AP8: 0.24455482 | AQ8: 0.23441326 | AR8: 0.23441326 | AS8: 0.23441326 | AT8: 0.23441326 | AU8: 0.23708263 | AV8: 0.23441326 | AW8: 0.23441326 | AX8: 0.23441326 | AY8: 0.23441326 | AZ8: 0.2764069 | BA8: 0.30685494 | BB8: 0.395567 | BC8: 0.43857141 | BD8: 0.43938816 | BE8: 0.5983206 | BF8: 0.44633483 | BG8: 0.26802654 | BH8: 0.26039663 | BI8: 0.27284498 | BJ8: 0.25394721 | BK8: 0.19865198 | BL8: 0.23184792 | BM8: 0.37169567 | BN8: 0.32380405 | BO8: 0.31052333
A9: 1974 | B9: 0.41812537 | C9: 0.50010521 | D9: 0.4216969 | E9: 0.35667661 | F9: 0.33067642 | G9: 0.23125364 | H9: 0.27400125 | I9: 0.42910132 | J9: 0.26531628 | K9: 0.5096394 | L9: 0.48326115 | M9: 0.57096155 | N9: 0.41977007 | O9: 0.45664265 | P9: 0.39759821 | Q9: 0.91228121 | R9: 0.43842202 | S9: 0.41477171 | T9: 0.45465316 | U9: 0.45465316 | V9: 0.41163577 | W9: 0.52424859 | X9: 0.41157113 | Y9: 0.34334982 | Z9: 0.41192637 | AA9: 0.32086848 | AB9: 0.32085846 | AC9: 0.21332753 | AD9: 0.30277103 | AE9: 0.42989894 | AF9: 0.34587914 | AG9: 0.37212668 | AH9: 0.34287059 | AI9: 0.38561049 | AJ9: 0.34287059 | AK9: 0.35988996 | AL9: 0.24206915 | AM9: 0.36484306 | AN9: 0.34287059 | AO9: 0.15830207 | AP9: 0.24354621 | AQ9: 0.23344648 | AR9: 0.23344648 | AS9: 0.23344648 | AT9: 0.23344648 | AU9: 0.23610484 | AV9: 0.23344648 | AW9: 0.23344648 | AX9: 0.23344648 | AY9: 0.23344648 | AZ9: 0.27400125 | BA9: 0.30418429 | BB9: 0.38965979 | BC9: 0.43554433 | BD9: 0.45098309 | BE9: 0.4847024 | BF9: 0.44245025 | BG9: 0.26692113 | BH9: 0.25932269 | BI9: 0.27171969 | BJ9: 0.25289986 | BK9: 0.19783269 | BL9: 0.23089172 | BM9: 0.3701627 | BN9: 0.3224686 | BO9: 0.30924266
A10: 1975 | B10: 0.41141049 | C10: 0.50286758 | D10: 0.40200876 | E10: 0.37533677 | F10: 0.31959475 | G10: 0.24476712 | H10: 0.26210708 | I10: 0.41626851 | J10: 0.28040899 | K10: 0.50126234 | L10: 0.45663432 | M10: 0.53547516 | N10: 0.43105912 | O10: 0.46721338 | P10: 0.41006068 | Q10: 0.93022952 | R10: 0.43761808 | S10: 0.41993667 | T10: 0.45381945 | U10: 0.45381945 | V10: 0.39100945 | W10: 0.49590686 | X10: 0.41586605 | Y10: 0.32668292 | Z10: 0.39193062 | AA10: 0.32895005 | AB10: 0.33076374 | AC10: 0.21870052 | AD10: 0.3103968 | AE10: 0.42921049 | AF10: 0.35459065 | AG10: 0.35597295 | AH10: 0.32798685 | AI10: 0.36887144 | AJ10: 0.32798685 | AK10: 0.34426742 | AL10: 0.23156112 | AM10: 0.34900551 | AN10: 0.32798685 | AO10: 0.16720407 | AP10: 0.25724187 | AQ10: 0.24657418 | AR10: 0.24657418 | AS10: 0.24657418 | AT10: 0.24657418 | AU10: 0.24938203 | AV10: 0.24657418 | AW10: 0.24657418 | AX10: 0.24657418 | AY10: 0.24657418 | AZ10: 0.26210708 | BA10: 0.29097989 | BB10: 0.40369772 | BC10: 0.41538573 | BD10: 0.44238184 | BE10: 0.50360853 | BF10: 0.42324383 | BG10: 0.28193126 | BH10: 0.27390552 | BI10: 0.28699966 | BJ10: 0.26712151 | BK10: 0.20895767 | BL10: 0.24387576 | BM10: 0.39097854 | BN10: 0.3406024 | BO10: 0.3266327
A11: 1976 | B11: 0.4073587 | C11: 0.48738867 | D11: 0.4033851 | E11: 0.37616284 | F11: 0.32169934 | G11: 0.24557034 | H11: 0.26604344 | I11: 0.42230182 | J11: 0.28133318 | K11: 0.50143763 | L11: 0.46115015 | M11: 0.52911807 | N11: 0.42307482 | O11: 0.44514946 | P11: 0.3938756 | Q11: 0.84503506 | R11: 0.42866942 | S11: 0.4100832 | T11: 0.44453949 | U11: 0.44453949 | V11: 0.39566909 | W11: 0.47736139 | X11: 0.40113739 | Y11: 0.33007802 | Z11: 0.39600382 | AA11: 0.34010143 | AB11: 0.3400515 | AC11: 0.22611445 | AD11: 0.32091922 | AE11: 0.43328435 | AF11: 0.36661124 | AG11: 0.36131901 | AH11: 0.33291261 | AI11: 0.37441121 | AJ11: 0.33291261 | AK11: 0.34943768 | AL11: 0.23503874 | AM11: 0.35424693 | AN11: 0.33291261 | AO11: 0.16724646 | AP11: 0.25730708 | AQ11: 0.24663669 | AR11: 0.24663669 | AS11: 0.24663669 | AT11: 0.24663669 | AU11: 0.24944526 | AV11: 0.24663669 | AW11: 0.24663669 | AX11: 0.24663669 | AY11: 0.24663669 | AZ11: 0.26604344 | BA11: 0.29534988 | BB11: 0.40461577 | BC11: 0.42016884 | BD11: 0.4579792 | BE11: 0.50894786 | BF11: 0.42960018 | BG11: 0.28200273 | BH11: 0.27397496 | BI11: 0.28707242 | BJ11: 0.26718923 | BK11: 0.20901065 | BL11: 0.24393759 | BM11: 0.39107767 | BN11: 0.34068875 | BO11: 0.32671551
A12: 1977 | B12: 0.40786614 | C12: 0.48720278 | D12: 0.40206558 | E12: 0.35837893 | F12: 0.32011926 | G12: 0.27458736 | H12: 0.26432509 | I12: 0.42165326 | J12: 0.31539602 | K12: 0.48650198 | L12: 0.4641899 | M12: 0.53224691 | N12: 0.41891682 | O12: 0.46828399 | P12: 0.39804664 | Q12: 0.85294483 | R12: 0.42825217 | S12: 0.38858468 | T12: 0.4441068 | U12: 0.4441068 | V12: 0.39700385 | W12: 0.46193487 | X12: 0.39413351 | Y12: 0.33203567 | Z12: 0.39835247 | AA12: 0.33778533 | AB12: 0.3369141 | AC12: 0.2245746 | AD12: 0.31873375 | AE12: 0.40400505 | AF12: 0.36411461 | AG12: 0.35898528 | AH12: 0.33076235 | AI12: 0.37199292 | AJ12: 0.33076235 | AK12: 0.34718069 | AL12: 0.23352064 | AM12: 0.35195888 | AN12: 0.33076235 | AO12: 0.18723038 | AP12: 0.28805215 | AQ12: 0.27610678 | AR12: 0.27610678 | AS12: 0.27610678 | AT12: 0.27610678 | AU12: 0.27925093 | AV12: 0.27610678 | AW12: 0.27610678 | AX12: 0.27610678 | AY12: 0.27610678 | AZ12: 0.26432509 | BA12: 0.29344223 | BB12: 0.41086774 | BC12: 0.41597929 | BD12: 0.44638724 | BE12: 0.52507603 | BF12: 0.42682542 | BG12: 0.31569863 | BH12: 0.30671164 | BI12: 0.32137409 | BJ12: 0.2991151 | BK12: 0.23398488 | BL12: 0.27308516 | BM12: 0.43780669 | BN12: 0.38139691 | BO12: 0.36575404
A13: 1978 | B13: 0.40737315 | C13: 0.47893337 | D13: 0.39974984 | E13: 0.35679243 | F13: 0.32012986 | G13: 0.28895556 | H13: 0.26406278 | I13: 0.42142949 | J13: 0.33361809 | K13: 0.47371836 | L13: 0.4595069 | M13: 0.53639001 | N13: 0.41204367 | O13: 0.46365917 | P13: 0.39987112 | Q13: 0.83697636 | R13: 0.42396836 | S13: 0.37150519 | T13: 0.43966439 | U13: 0.43966439 | V13: 0.38899407 | W13: 0.51641797 | X13: 0.37246642 | Y13: 0.32553219 | Z13: 0.39055006 | AA13: 0.34244378 | AB13: 0.34444565 | AC13: 0.22767175 | AD13: 0.32312946 | AE13: 0.3881368 | AF13: 0.36913617 | AG13: 0.35862903 | AH13: 0.3304341 | AI13: 0.37162376 | AJ13: 0.3304341 | AK13: 0.34683615 | AL13: 0.2332889 | AM13: 0.3516096 | AN13: 0.3304341 | AO13: 0.19771929 | AP13: 0.30418924 | AQ13: 0.29157467 | AR13: 0.29157467 | AS13: 0.29157467 | AT13: 0.29157467 | AU13: 0.29489497 | AV13: 0.29157467 | AW13: 0.29157467 | AX13: 0.29157467 | AY13: 0.29157467 | AZ13: 0.26406278 | BA13: 0.29315103 | BB13: 0.40685341 | BC13: 0.41436748 | BD13: 0.44367368 | BE13: 0.56495137 | BF13: 0.42640185 | BG13: 0.33338452 | BH13: 0.32389406 | BI13: 0.33937792 | BJ13: 0.31587195 | BK13: 0.24709304 | BL13: 0.28838378 | BM13: 0.46233325 | BN13: 0.40276331 | BO13: 0.38624411
A14: 1979 | B14: 0.4072903 | C14: 0.47416192 | D14: 0.39145221 | E14: 0.3343724 | F14: 0.32269217 | G14: 0.29836605 | H14: 0.26865619 | I14: 0.42938194 | J14: 0.34310415 | K14: 0.47535134 | L14: 0.46123259 | M14: 0.52573208 | N14: 0.39524269 | O14: 0.4590829 | P14: 0.40793743 | Q14: 0.7962082 | R14: 0.4215275 | S14: 0.38052325 | T14: 0.43713317 | U14: 0.43713317 | V14: 0.38412837 | W14: 0.47244158 | X14: 0.38540878 | Y14: 0.3213119 | Z14: 0.38548686 | AA14: 0.33446205 | AB14: 0.34227976 | AC14: 0.22236514 | AD14: 0.31559791 | AE14: 0.34149689 | AF14: 0.36053229 | AG14: 0.36486743 | AH14: 0.33618205 | AI14: 0.37808821 | AJ14: 0.33618205 | AK14: 0.35286942 | AL14: 0.237347 | AM14: 0.3577259 | AN14: 0.33618205 | AO14: 0.20353036 | AP14: 0.31312951 | AQ14: 0.30014419 | AR14: 0.30014419 | AS14: 0.30014419 | AT14: 0.30014419 | AU14: 0.30356207 | AV14: 0.30014419 | AW14: 0.30014419 | AX14: 0.30014419 | AY14: 0.30014419 | AZ14: 0.26865619 | BA14: 0.29825043 | BB14: 0.4096337 | BC14: 0.4237568 | BD14: 0.47158652 | BE14: 0.54164367 | BF14: 0.43381917 | BG14: 0.34318285 | BH14: 0.33341346 | BI14: 0.3493524 | BJ14: 0.32515558 | BK14: 0.25435523 | BL14: 0.29685952 | BM14: 0.47592144 | BN14: 0.41460072 | BO14: 0.397596
A15: 1980 | B15: 0.40423402 | C15: 0.46516512 | D15: 0.39306337 | E15: 0.30278784 | F15: 0.31836835 | G15: 0.30200857 | H15: 0.27283371 | I15: 0.43521749 | J15: 0.34539281 | K15: 0.47346437 | L15: 0.45312569 | M15: 0.50972778 | N15: 0.37948665 | O15: 0.44920767 | P15: 0.41505577 | Q15: 0.76313679 | R15: 0.41595618 | S15: 0.39415445 | T15: 0.43135559 | U15: 0.43135559 | V15: 0.38543149 | W15: 0.4797251 | X15: 0.37843932 | Y15: 0.32168309 | Z15: 0.38593219 | AA15: 0.32502005 | AB15: 0.34254404 | AC15: 0.21608768 | AD15: 0.30668845 | AE15: 0.28330338 | AF15: 0.35035432 | AG15: 0.37054101 | AH15: 0.34140958 | AI15: 0.38396737 | AJ15: 0.34140958 | AK15: 0.35835643 | AL15: 0.24103767 | AM15: 0.36328843 | AN15: 0.34140958 | AO15: 0.20529638 | AP15: 0.31584652 | AQ15: 0.30274853 | AR15: 0.30274853 | AS15: 0.30274853 | AT15: 0.30274853 | AU15: 0.30619606 | AV15: 0.30274853 | AW15: 0.30274853 | AX15: 0.30274853 | AY15: 0.30274853 | AZ15: 0.27283371 | BA15: 0.30288814 | BB15: 0.41563266 | BC15: 0.43280997 | BD15: 0.46982356 | BE15: 0.50788629 | BF15: 0.44056493 | BG15: 0.34616063 | BH15: 0.33630647 | BI15: 0.35238371 | BJ15: 0.32797694 | BK15: 0.25656225 | BL15: 0.29943535 | BM15: 0.48005098 | BN15: 0.41819819 | BO15: 0.40104592
A16: 1981 | B16: 0.39759443 | C16: 0.45727276 | D16: 0.38405937 | E16: 0.32770032 | F16: 0.31124518 | G16: 0.30690205 | H16: 0.26789184 | I16: 0.431623 | J16: 0.35083516 | K16: 0.46108367 | L16: 0.43588265 | M16: 0.50020208 | N16: 0.37801702 | O16: 0.43648501 | P16: 0.40919519 | Q16: 0.74682216 | R16: 0.4083343 | S16: 0.37995527 | T16: 0.42345153 | U16: 0.42345153 | V16: 0.373187 | W16: 0.49084546 | X16: 0.37417588 | Y16: 0.31168608 | Z16: 0.37393849 | AA16: 0.29642792 | AB16: 0.31433303 | AC16: 0.19707838 | AD16: 0.27970896 | AE16: 0.35580141 | AF16: 0.31953353 | AG16: 0.36382936 | AH16: 0.3352256 | AI16: 0.37701252 | AJ16: 0.3352256 | AK16: 0.35186548 | AL16: 0.23667173 | AM16: 0.35670815 | AN16: 0.3352256 | AO16: 0.20854924 | AP16: 0.32085101 | AQ16: 0.30754549 | AR16: 0.30754549 | AS16: 0.30754549 | AT16: 0.30754549 | AU16: 0.31104765 | AV16: 0.30754549 | AW16: 0.30754549 | AX16: 0.30754549 | AY16: 0.30754549 | AZ16: 0.26789184 | BA16: 0.29740189 | BB16: 0.42633954 | BC16: 0.4183355 | BD16: 0.47487371 | BE16: 0.5598658 | BF16: 0.43258493 | BG16: 0.35164544 | BH16: 0.34163515 | BI16: 0.35796713 | BJ16: 0.33317363 | BK16: 0.26062741 | BL16: 0.30417982 | BM16: 0.48765725 | BN16: 0.42482441 | BO16: 0.40740038
... A60: 2025 | B60: 0.38628355 | C60: 0.33362078 | D60: 0.28380315 | E60: 0.39780758 | F60: 0.30619691 | G60: 0.27236381 | H60: 0.36403695 | I60: 0.4735599 | J60: 0.42139858 | K60: 0.32973035 | L60: 0.241884 | M60: 0.36138841 | N60: 0.32469274 | O60: 0.2795019 | P60: 0.40437651 | Q60: 0.35394727 | R60: 0.29125561 | S60: 0.30663646 | T60: 0.35120146 | U60: 0.35120146 | V60: 0.28234588 | W60: 0.34328164 | X60: 0.19141068 | Y60: 0.24261627 | Z60: 0.28378098 | AA60: 0.36151277 | AB60: 0.39048757 | AC60: 0.26232283 | AD60: 0.36186047 | AE60: 0.41698373 | AF60: 0.38908889 | AG60: 0.43896375 | AH60: 0.30171138 | AI60: 0.30740924 | AJ60: 0.30171138 | AK60: 0.35830108 | AL60: 0.1506104 | AM60: 0.32181318 | AN60: 0.30171138 | AO60: 0.25132247 | AP60: 0.3138535 | AQ60: 0.26988203 | AR60: 0.26988203 | AS60: 0.26988203 | AT60: 0.26988203 | AU60: 0.27975201 | AV60: 0.26988203 | AW60: 0.26988203 | AX60: 0.26988203 | AY60: 0.26988203 | AZ60: 0.36403695 | BA60: 0.354042 | BB60: 0.48721538 | BC60: 0.41553287 | BD60: 0.45494202 | BE60: 0.43636324 | BF60: 0.47519351 | BG60: 0.3615967 | BH60: 0.42145271 | BI60: 0.3652144 | BJ60: 0.35492332 | BK60: 0.2933216 | BL60: 0.30921444 | BM60: 0.45032992 | BN60: 0.52801114 | BO60: 0.41418692
A61: 2026
A62: 2027
A63: 2028
A64: 2029
A65: 2030
A66: 2031
A67: 2032
A68: 2033
A69: 2034
A70: 2035
A71: 2036
A72: 2037
... A135: 2100

Sheet O4
A1: ="Data series on A-Matrix Coefficients: Total Energy Inputs used by " & ReadMe!D1 & " Sector as Share of " & ReadMe!D1 & " Output (current price MER)." -> Data series on A-Matrix Coefficients: Total Energy Inputs used by "Manufacturing" Sector as Share of "Manufacturing" Output (current price MER).
A4: Year | B4: World | C4: Europe | D4: North America/ Oceania | E4: Latin America | F4: Middle East/North Africa | G4: Subsaharan Africa | H4: Russia/ Central Asia | I4: East Asia | J4: South & South-East Asia | K4: DE | L4: DK | M4: ES | N4: FR | O4: GB | P4: IT | Q4: NL | R4: NO | S4: SE | T4: OC | U4: QM | V4: US | W4: CA | X4: AU | Y4: NZ | Z4: OH | AA4: AR | AB4: BR | AC4: CL | AD4: CO | AE4: MX | AF4: OD | AG4: AE | AH4: DZ | AI4: EG | AJ4: IR | AK4: MA | AL4: SA | AM4: TR | AN4: OE | AO4: CD | AP4: CI | AQ4: ET | AR4: KE | AS4: ML | AT4: NE | AU4: NG | AV4: RW | AW4: SD | AX4: ZA | AY4: OJ | AZ4: RU | BA4: OA | BB4: CN | BC4: JP | BD4: KR | BE4: TW | BF4: OB | BG4: BD | BH4: IN | BI4: ID | BJ4: MM | BK4: PK | BL4: PH | BM4: TH | BN4: VN | BO4: OI
A5: 1970 | B5: 0.088501402 | C5: 0.047175619 | D5: 0.044239812 | E5: 0.083440852 | F5: 0.12981163 | G5: 0.073062401 | H5: 0.27168339 | I5: 0.060398265 | J5: 0.042965321 | K5: 0.037714012 | L5: 0.025341919 | M5: 0.044064558 | N5: 0.054621357 | O5: 0.064249713 | P5: 0.034778917 | Q5: 0.06540589 | R5: 0.051892967 | S5: 0.0382921 | T5: 0.052811606 | U5: 0.052811606 | V5: 0.038082563 | W5: 0.069920957 | X5: 0.10183831 | Y5: 0.087908774 | Z5: 0.041882887 | AA5: 0.061502896 | AB5: 0.075012249 | AC5: 0.11521381 | AD5: 0.15215152 | AE5: 0.081730274 | AF5: 0.097484207 | AG5: 0.18311297 | AH5: 0.13052399 | AI5: 0.11479547 | AJ5: 0.13052399 | AK5: 0.12395675 | AL5: 0.26147637 | AM5: 0.10687256 | AN5: 0.13052399 | AO5: 0.074959012 | AP5: 0.023273446 | AQ5: 0.082095019 | AR5: 0.082095019 | AS5: 0.082095019 | AT5: 0.082095019 | AU5: 0.067170212 | AV5: 0.082095019 | AW5: 0.082095019 | AX5: 0.082095019 | AY5: 0.082095019 | AZ5: 0.27168339 | BA5: 0.28398639 | BB5: 0.1255867 | BC5: 0.037717858 | BD5: 0.070757247 | BE5: 0.082754592 | BF5: 0.06555514 | BG5: 0.010360118 | BH5: 0.053396638 | BI5: 0.052182006 | BJ5: 0.024096813 | BK5: 0.019631847 | BL5: 0.026158953 | BM5: 0.025455649 | BN5: 0.05930917 | BO5: 0.038667352
A6: 1971 | B6: 0.08777766 | C6: 0.048290392 | D6: 0.044527987 | E6: 0.078367452 | F6: 0.13648252 | G6: 0.07044922 | H6: 0.27684599 | I6: 0.063268062 | J6: 0.042609785 | K6: 0.039381278 | L6: 0.028059562 | M6: 0.044446363 | N6: 0.053513565 | O6: 0.065135814 | P6: 0.035226551 | Q6: 0.066625132 | R6: 0.052442202 | S6: 0.042976298 | T6: 0.053370564 | U6: 0.053370564 | V6: 0.037754267 | W6: 0.063852282 | X6: 0.11836504 | Y6: 0.088342944 | Z6: 0.042089741 | AA6: 0.056924992 | AB6: 0.076244246 | AC6: 0.10663799 | AD6: 0.14082628 | AE6: 0.075174928 | AF6: 0.090228072 | AG6: 0.18659254 | AH6: 0.13300424 | AI6: 0.11697685 | AJ6: 0.13300424 | AK6: 0.12631221 | AL6: 0.26644502 | AM6: 0.10890338 | AN6: 0.13300424 | AO6: 0.07233846 | AP6: 0.022459811 | AQ6: 0.079224994 | AR6: 0.079224994 | AS6: 0.079224994 | AT6: 0.079224994 | AU6: 0.064821955 | AV6: 0.079224994 | AW6: 0.079224994 | AX6: 0.079224994 | AY6: 0.079224994 | AZ6: 0.27684599 | BA6: 0.28938278 | BB6: 0.12702771 | BC6: 0.040825394 | BD6: 0.065452215 | BE6: 0.078671655 | BF6: 0.066800837 | BG6: 0.0099979305 | BH6: 0.051529903 | BI6: 0.050357734 | BJ6: 0.023254393 | BK6: 0.018945521 | BL6: 0.025244442 | BM6: 0.024565724 | BN6: 0.057235733 | BO6: 0.037315549
A7: 1972 | B7: 0.084577036 | C7: 0.047809319 | D7: 0.044005268 | E7: 0.068771958 | F7: 0.13543269 | G7: 0.069396277 | H7: 0.27157306 | I7: 0.060181533 | J7: 0.042515058 | K7: 0.039328139 | L7: 0.028092274 | M7: 0.044141719 | N7: 0.052643918 | O7: 0.064367262 | P7: 0.035114273 | Q7: 0.065720668 | R7: 0.05146896 | S7: 0.042159319 | T7: 0.052380093 | U7: 0.052380093 | V7: 0.037435584 | W7: 0.053515389 | X7: 0.12944656 | Y7: 0.087271757 | Z7: 0.041579389 | AA7: 0.04984748 | AB7: 0.07027372 | AC7: 0.093379637 | AD7: 0.12331728 | AE7: 0.066855309 | AF7: 0.079009971 | AG7: 0.18303861 | AH7: 0.13047099 | AI7: 0.11474885 | AJ7: 0.13047099 | AK7: 0.12390641 | AL7: 0.26137019 | AM7: 0.10682916 | AN7: 0.13047099 | AO7: 0.071635098 | AP7: 0.022241429 | AQ7: 0.078454672 | AR7: 0.078454672 | AS7: 0.078454672 | AT7: 0.078454672 | AU7: 0.064191677 | AV7: 0.078454672 | AW7: 0.078454672 | AX7: 0.078454672 | AY7: 0.078454672 | AZ7: 0.27157306 | BA7: 0.28387107 | BB7: 0.12775916 | BC7: 0.038259132 | BD7: 0.055295401 | BE7: 0.08751512 | BF7: 0.065528518 | BG7: 0.0099007185 | BH7: 0.051028866 | BI7: 0.049868095 | BJ7: 0.023028286 | BK7: 0.01876131 | BL7: 0.024998985 | BM7: 0.024326866 | BN7: 0.056679218 | BO7: 0.036952722
A8: 1973 | B8: 0.080963793 | C8: 0.048371029 | D8: 0.045850647 | E8: 0.064073936 | F8: 0.13226456 | G8: 0.06510434 | H8: 0.25855393 | I8: 0.056502491 | J8: 0.038937313 | K8: 0.039867869 | L8: 0.025394935 | M8: 0.039734429 | N8: 0.054455288 | O8: 0.069027324 | P8: 0.032569493 | Q8: 0.069108413 | R8: 0.052404172 | S8: 0.040574616 | T8: 0.053331861 | U8: 0.053331861 | V8: 0.039150698 | W8: 0.053537727 | X8: 0.11679188 | Y8: 0.089077498 | Z8: 0.042439709 | AA8: 0.047212785 | AB8: 0.062695687 | AC8: 0.088444044 | AD8: 0.11679933 | AE8: 0.066105744 | AF8: 0.074833889 | AG8: 0.1742638 | AH8: 0.12421625 | AI8: 0.10924783 | AJ8: 0.12421625 | AK8: 0.11796638 | AL8: 0.24884018 | AM8: 0.1017078 | AN8: 0.12421625 | AO8: 0.066818672 | AP8: 0.020746014 | AQ8: 0.073179728 | AR8: 0.073179728 | AS8: 0.073179728 | AT8: 0.073179728 | AU8: 0.059875714 | AV8: 0.073179728 | AW8: 0.073179728 | AX8: 0.073179728 | AY8: 0.073179728 | AZ8: 0.25855393 | BA8: 0.27026238 | BB8: 0.12702028 | BC8: 0.036961188 | BD8: 0.045083963 | BE8: 0.078675213 | BF8: 0.062387102 | BG8: 0.0092350381 | BH8: 0.047597912 | BI8: 0.046515186 | BJ8: 0.021479966 | BK8: 0.017499883 | BL8: 0.023318164 | BM8: 0.022691236 | BN8: 0.052868359 | BO8: 0.034468185
A9: 1974 | B9: 0.079214364 | C9: 0.049359338 | D9: 0.052227862 | E9: 0.07512075 | F9: 0.1443109 | G9: 0.068034651 | H9: 0.25177774 | I9: 0.059412949 | J9: 0.040401124 | K9: 0.041022003 | L9: 0.033217305 | M9: 0.040940175 | N9: 0.049821431 | O9: 0.071399986 | P9: 0.038786488 | Q9: 0.078934553 | R9: 0.053188479 | S9: 0.032345048 | T9: 0.054130052 | U9: 0.054130052 | V9: 0.047797491 | W9: 0.04374406 | X9: 0.11199386 | Y9: 0.099531715 | Z9: 0.047420472 | AA9: 0.058062694 | AB9: 0.065022105 | AC9: 0.10876926 | AD9: 0.14364083 | AE9: 0.08238033 | AF9: 0.092031369 | AG9: 0.16969668 | AH9: 0.12096078 | AI9: 0.10638466 | AJ9: 0.12096078 | AK9: 0.11487471 | AL9: 0.24231857 | AM9: 0.099042237 | AN9: 0.12096078 | AO9: 0.07050908 | AP9: 0.021891821 | AQ9: 0.077221459 | AR9: 0.077221459 | AS9: 0.077221459 | AT9: 0.077221459 | AU9: 0.063182661 | AV9: 0.077221459 | AW9: 0.077221459 | AX9: 0.077221459 | AY9: 0.077221459 | AZ9: 0.25177774 | BA9: 0.26317933 | BB9: 0.12490319 | BC9: 0.043036208 | BD9: 0.052771048 | BE9: 0.075022757 | BF9: 0.060752057 | BG9: 0.0097450911 | BH9: 0.050226754 | BI9: 0.049084228 | BJ9: 0.022666309 | BK9: 0.018466405 | BL9: 0.024606031 | BM9: 0.023944477 | BN9: 0.055788289 | BO9: 0.036371869
A10: 1975 | B10: 0.089570516 | C10: 0.057137597 | D10: 0.059762235 | E10: 0.074595254 | F10: 0.15364567 | G10: 0.075220781 | H10: 0.27517868 | I10: 0.068558927 | J10: 0.045446408 | K10: 0.041925909 | L10: 0.033294225 | M10: 0.051303544 | N10: 0.055386244 | O10: 0.092387921 | P10: 0.046511889 | Q10: 0.091635066 | R10: 0.06493095 | S10: 0.033304219 | T10: 0.066080394 | U10: 0.066080394 | V10: 0.054379221 | W10: 0.055202659 | X10: 0.12139654 | Y10: 0.1134093 | Z10: 0.054032252 | AA10: 0.053575789 | AB10: 0.070217143 | AC10: 0.10036391 | AD10: 0.13254071 | AE10: 0.075601313 | AF10: 0.08491947 | AG10: 0.18546878 | AH10: 0.13220322 | AI10: 0.11627235 | AJ10: 0.13220322 | AK10: 0.12555149 | AL10: 0.26484035 | AM10: 0.1082475 | AN10: 0.13220322 | AO10: 0.078643883 | AP10: 0.024417533 | AQ10: 0.086130685 | AR10: 0.086130685 | AS10: 0.086130685 | AT10: 0.086130685 | AU10: 0.070472198 | AV10: 0.086130685 | AW10: 0.086130685 | AX10: 0.086130685 | AY10: 0.086130685 | AZ10: 0.27517868 | BA10: 0.28763996 | BB10: 0.12595821 | BC10: 0.049616038 | BD10: 0.066616503 | BE10: 0.087749579 | BF10: 0.066398527 | BG10: 0.010869406 | BH10: 0.056021536 | BI10: 0.054747195 | BJ10: 0.025281376 | BK10: 0.020596919 | BL10: 0.027444888 | BM10: 0.02670701 | BN10: 0.062224719 | BO10: 0.04056818
A11: 1976 | B11: 0.086879306 | C11: 0.05823383 | D11: 0.05991173 | E11: 0.070080212 | F11: 0.1502233 | G11: 0.086824412 | H11: 0.2626338 | I11: 0.065242348 | J11: 0.05268552 | K11: 0.0426214 | L11: 0.030432954 | M11: 0.051355445 | N11: 0.051348951 | O11: 0.10497772 | P11: 0.041794344 | Q11: 0.10945092 | R11: 0.068431775 | S11: 0.031682035 | T11: 0.069643193 | U11: 0.069643193 | V11: 0.053651574 | W11: 0.067486407 | X11: 0.12006251 | Y11: 0.11433168 | Z11: 0.054471705 | AA11: 0.048487644 | AB11: 0.070910554 | AC11: 0.090832247 | AD11: 0.11995319 | AE11: 0.069484108 | AF11: 0.076854585 | AG11: 0.1770136 | AH11: 0.12617633 | AI11: 0.11097171 | AJ11: 0.12617633 | AK11: 0.11982784 | AL11: 0.25276677 | AM11: 0.1033127 | AN11: 0.12617633 | AO11: 0.091605292 | AP11: 0.028441821 | AQ11: 0.100326 | AR11: 0.100326 | AS11: 0.100326 | AT11: 0.100326 | AU11: 0.08208682 | AV11: 0.100326 | AW11: 0.100326 | AX11: 0.100326 | AY11: 0.100326 | AZ11: 0.2626338 | BA11: 0.274527 | BB11: 0.12668829 | BC11: 0.048712771 | BD11: 0.063912235 | BE11: 0.081370687 | BF11: 0.063371543 | BG11: 0.012660808 | BH11: 0.065254524 | BI11: 0.063770157 | BJ11: 0.029448035 | BK11: 0.023991526 | BL11: 0.031968119 | BM11: 0.031108629 | BN11: 0.072480062 | BO11: 0.047254279
A12: 1977 | B12: 0.086819116 | C12: 0.058054924 | D12: 0.060665351 | E12: 0.081543364 | F12: 0.1509478 | G12: 0.086761589 | H12: 0.26405331 | I12: 0.066084261 | J12: 0.053146644 | K12: 0.039991098 | L12: 0.03099325 | M12: 0.054907544 | N12: 0.05592281 | O12: 0.10122231 | P12: 0.040428106 | Q12: 0.10460359 | R12: 0.067801536 | S12: 0.030004524 | T12: 0.069001797 | U12: 0.069001797 | V12: 0.053106826 | W12: 0.073183223 | X12: 0.14069341 | Y12: 0.11658649 | Z12: 0.055545976 | AA12: 0.056304655 | AB12: 0.073866665 | AC12: 0.10547591 | AD12: 0.13929163 | AE12: 0.085407579 | AF12: 0.089244817 | AG12: 0.17797034 | AH12: 0.1268583 | AI12: 0.1115715 | AJ12: 0.1268583 | AK12: 0.12047549 | AL12: 0.25413295 | AM12: 0.1038711 | AN12: 0.1268583 | AO12: 0.09176134 | AP12: 0.028490271 | AQ12: 0.10049691 | AR12: 0.10049691 | AS12: 0.10049691 | AT12: 0.10049691 | AU12: 0.082226653 | AV12: 0.10049691 | AW12: 0.10049691 | AX12: 0.10049691 | AY12: 0.10049691 | AZ12: 0.26405331 | BA12: 0.27601079 | BB12: 0.12706841 | BC12: 0.049439679 | BD12: 0.071403359 | BE12: 0.078998117 | BF12: 0.063714059 | BG12: 0.012682375 | BH12: 0.065365684 | BI12: 0.063878788 | BJ12: 0.029498199 | BK12: 0.024032395 | BL12: 0.032022575 | BM12: 0.031161622 | BN12: 0.07260353 | BO12: 0.047334776
A13: 1978 | B13: 0.082770625 | C13: 0.059907187 | D13: 0.061118287 | E13: 0.079676017 | F13: 0.14340154 | G13: 0.084447377 | H13: 0.2522123 | I13: 0.059696527 | J13: 0.052150338 | K13: 0.040809302 | L13: 0.032419595 | M13: 0.053813714 | N13: 0.059192823 | O13: 0.10731892 | P13: 0.041258069 | Q13: 0.097808172 | R13: 0.071457711 | S13: 0.03188748 | T13: 0.072722696 | U13: 0.072722696 | V13: 0.054254073 | W13: 0.075222209 | X13: 0.13026628 | Y13: 0.11721208 | Z13: 0.055844033 | AA13: 0.054553546 | AB13: 0.075539288 | AC13: 0.10219554 | AD13: 0.13495958 | AE13: 0.081374997 | AF13: 0.086469249 | AG13: 0.16998958 | AH13: 0.12116956 | AI13: 0.10656828 | AJ13: 0.12116956 | AK13: 0.11507298 | AL13: 0.24273681 | AM13: 0.099213183 | AN13: 0.12116956 | AO13: 0.08923844 | AP13: 0.027706955 | AQ13: 0.097733831 | AR13: 0.097733831 | AS13: 0.097733831 | AT13: 0.097733831 | AU13: 0.079965901 | AV13: 0.097733831 | AW13: 0.097733831 | AX13: 0.097733831 | AY13: 0.097733831 | AZ13: 0.2522123 | BA13: 0.26363357 | BB13: 0.12621516 | BC13: 0.04285412 | BD13: 0.065852454 | BE13: 0.062778335 | BF13: 0.060856915 | BG13: 0.012333684 | BH13: 0.06356851 | BI13: 0.062122495 | BJ13: 0.028687171 | BK13: 0.023371645 | BL13: 0.031142142 | BM13: 0.03030486 | BN13: 0.070607358 | BO13: 0.046033346
A14: 1979 | B14: 0.084295604 | C14: 0.057267093 | D14: 0.069601053 | E14: 0.089783334 | F14: 0.14982274 | G14: 0.090745017 | H14: 0.25813763 | I14: 0.060833294 | J14: 0.055605346 | K14: 0.04134229 | L14: 0.030593367 | M14: 0.055738428 | N14: 0.060822631 | O14: 0.085462551 | P14: 0.040539682 | Q14: 0.1037155 | R14: 0.062552181 | S14: 0.031557774 | T14: 0.063659515 | U14: 0.063659515 | V14: 0.0626439 | W14: 0.079447148 | X14: 0.14329969 | Y14: 0.13301044 | Z14: 0.063370937 | AA14: 0.065541457 | AB14: 0.075521964 | AC14: 0.12277928 | AD14: 0.16214248 | AE14: 0.096650816 | AF14: 0.10388547 | AG14: 0.17398321 | AH14: 0.12401624 | AI14: 0.10907193 | AJ14: 0.12401624 | AK14: 0.11777644 | AL14: 0.24843952 | AM14: 0.10154404 | AN14: 0.12401624 | AO14: 0.095792569 | AP14: 0.029741896 | AQ14: 0.1049119 | AR14: 0.1049119 | AS14: 0.1049119 | AT14: 0.1049119 | AU14: 0.085839007 | AV14: 0.1049119 | AW14: 0.1049119 | AX14: 0.1049119 | AY14: 0.1049119 | AZ14: 0.25813763 | BA14: 0.26982722 | BB14: 0.12729318 | BC14: 0.041477104 | BD14: 0.07174182 | BE14: 0.066453267 | BF14: 0.06228665 | BG14: 0.013239533 | BH14: 0.068237308 | BI14: 0.06668509 | BJ14: 0.030794104 | BK14: 0.025088178 | BL14: 0.033429381 | BM14: 0.032530604 | BN14: 0.075793125 | BO14: 0.049414271
A15: 1980 | B15: 0.09294266 | C15: 0.063319107 | D15: 0.07674981 | E15: 0.12260399 | F15: 0.17203014 | G15: 0.091902688 | H15: 0.2732693 | I15: 0.071446625 | J15: 0.056186751 | K15: 0.043826061 | L15: 0.034581777 | M15: 0.060268638 | N15: 0.070686748 | O15: 0.10071597 | P15: 0.041955128 | Q15: 0.10753225 | R15: 0.071505252 | S15: 0.032919797 | T15: 0.072771079 | U15: 0.072771079 | V15: 0.066896821 | W15: 0.091365924 | X15: 0.16813213 | Y15: 0.14681515 | Z15: 0.069947992 | AA15: 0.097024082 | AB15: 0.078587445 | AC15: 0.1817559 | AD15: 0.2400271 | AE15: 0.13421869 | AF15: 0.15378651 | AG15: 0.18418187 | AH15: 0.13128591 | AI15: 0.11546557 | AJ15: 0.13128591 | AK15: 0.12468033 | AL15: 0.2630027 | AM15: 0.10749641 | AN15: 0.13128591 | AO15: 0.096526194 | AP15: 0.029969674 | AQ15: 0.10571537 | AR15: 0.10571537 | AS15: 0.10571537 | AT15: 0.10571537 | AU15: 0.086496403 | AV15: 0.10571537 | AW15: 0.10571537 | AX15: 0.10571537 | AY15: 0.10571537 | AZ15: 0.2732693 | BA15: 0.28564412 | BB15: 0.127479 | BC15: 0.051673708 | BD15: 0.10873025 | BE15: 0.081738923 | BF15: 0.065937809 | BG15: 0.013340928 | BH15: 0.068759901 | BI15: 0.067195796 | BJ15: 0.03102994 | BK15: 0.025280315 | BL15: 0.033685399 | BM15: 0.032779739 | BN15: 0.076373584 | BO15: 0.049792709
A16: 1981 | B16: 0.092964985 | C16: 0.069356798 | D16: 0.080271599 | E16: 0.087372152 | F16: 0.16888064 | G16: 0.10343253 | H16: 0.26480422 | I16: 0.0717074 | J16: 0.062956262 | K16: 0.047154732 | L16: 0.040347705 | M16: 0.06928677 | N16: 0.075622863 | O16: 0.097489885 | P16: 0.048023742 | Q16: 0.13864638 | R16: 0.073821995 | S16: 0.034320659 | T16: 0.075128834 | U16: 0.075128834 | V16: 0.070811589 | W16: 0.079445184 | X16: 0.1824054 | Y16: 0.15249142 | Z16: 0.072652372 | AA16: 0.065706813 | AB16: 0.077614582 | AC16: 0.12308904 | AD16: 0.16255155 | AE16: 0.086851307 | AF16: 0.10414756 | AG16: 0.17847645 | AH16: 0.12721905 | AI16: 0.11188879 | AJ16: 0.12721905 | AK16: 0.1208181 | AL16: 0.25485565 | AM16: 0.10416648 | AN16: 0.12721905 | AO16: 0.10784678 | AP16: 0.033484515 | AQ16: 0.11811366 | AR16: 0.11811366 | AS16: 0.11811366 | AT16: 0.11811366 | AU16: 0.096640695 | AV16: 0.11811366 | AW16: 0.11811366 | AX16: 0.11811366 | AY16: 0.11811366 | AZ16: 0.26480422 | BA16: 0.2767957 | BB16: 0.1237307 | BC16: 0.052927568 | BD16: 0.11336209 | BE16: 0.093985504 | BF16: 0.063895248 | BG16: 0.014905551 | BH16: 0.076824057 | BI16: 0.075076513 | BJ16: 0.034669128 | BK16: 0.028245189 | BL16: 0.03763602 | BM16: 0.036624144 | BN16: 0.085330672 | BO16: 0.055632394
... A60: 2025 | B60: 0.078124964 | C60: 0.061948545 | D60: 0.049250814 | E60: 0.067923798 | F60: 0.12317369 | G60: 0.12450477 | H60: 0.083461932 | I60: 0.089778028 | J60: 0.10831034 | K60: 0.05863983 | L60: 0.027590432 | M60: 0.10727848 | N60: 0.060047682 | O60: 0.034410664 | P60: 0.065023766 | Q60: 0.068359588 | R60: 0.13154445 | S60: 0.066901121 | T60: 0.059744475 | U60: 0.059744475 | V60: 0.029277202 | W60: 0.088945258 | X60: 0.21738554 | Y60: 0.071510437 | Z60: 0.041752939 | AA60: 0.043362085 | AB60: 0.081625626 | AC60: 0.13150179 | AD60: 0.089114541 | AE60: 0.059185674 | AF60: 0.070560859 | AG60: 0.063322232 | AH60: 0.11527728 | AI60: 0.09278537 | AJ60: 0.11527728 | AK60: 0.14321532 | AL60: 0.21056905 | AM60: 0.11249425 | AN60: 0.11527728 | AO60: 0.10620281 | AP60: 0.068870355 | AQ60: 0.14936096 | AR60: 0.14936096 | AS60: 0.14936096 | AT60: 0.14936096 | AU60: 0.036707582 | AV60: 0.14936096 | AW60: 0.14936096 | AX60: 0.14936096 | AY60: 0.14936096 | AZ60: 0.083461932 | BA60: 0.096437053 | BB60: 0.096916391 | BC60: 0.056309646 | BD60: 0.092168054 | BE60: 0.057732568 | BF60: 0.090825086 | BG60: 0.032517348 | BH60: 0.12342344 | BI60: 0.14254405 | BJ60: 0.043457553 | BK60: 0.039831188 | BL60: 0.087812999 | BM60: 0.10789056 | BN60: 0.087971156 | BO60: 0.10833744
A61: 2026
A62: 2027
A63: 2028
A64: 2029
A65: 2030
A66: 2031
A67: 2032
A68: 2033
A69: 2034
A70: 2035
A71: 2036
A72: 2037
... A135: 2100

Sheet O5
A1: ="Data series on A-Matrix Coefficients: Total Education/Health Inputs used by " & ReadMe!D1 & " Sector as Share of " & ReadMe!D1 & " Output (current price MER)." -> Data series on A-Matrix Coefficients: Total Education/Health Inputs used by "Manufacturing" Sector as Share of "Manufacturing" Output (current price MER).
A4: Year | B4: World | C4: Europe | D4: North America/ Oceania | E4: Latin America | F4: Middle East/North Africa | G4: Subsaharan Africa | H4: Russia/ Central Asia | I4: East Asia | J4: South & South-East Asia | K4: DE | L4: DK | M4: ES | N4: FR | O4: GB | P4: IT | Q4: NL | R4: NO | S4: SE | T4: OC | U4: QM | V4: US | W4: CA | X4: AU | Y4: NZ | Z4: OH | AA4: AR | AB4: BR | AC4: CL | AD4: CO | AE4: MX | AF4: OD | AG4: AE | AH4: DZ | AI4: EG | AJ4: IR | AK4: MA | AL4: SA | AM4: TR | AN4: OE | AO4: CD | AP4: CI | AQ4: ET | AR4: KE | AS4: ML | AT4: NE | AU4: NG | AV4: RW | AW4: SD | AX4: ZA | AY4: OJ | AZ4: RU | BA4: OA | BB4: CN | BC4: JP | BD4: KR | BE4: TW | BF4: OB | BG4: BD | BH4: IN | BI4: ID | BJ4: MM | BK4: PK | BL4: PH | BM4: TH | BN4: VN | BO4: OI
A5: 1970 | B5: 0.0040977688 | C5: 0.0062095072 | D5: 0.0060018086 | E5: 0.001028136 | F5: 0.00071033852 | G5: 0.0035999115 | H5: 0.0017227426 | I5: 0.00079239377 | J5: 0.00052481251 | K5: 0.00085644601 | L5: 0.0017697963 | M5: 0.0031057078 | N5: 0.013938069 | O5: 0.011341381 | P5: 0.0035912482 | Q5: 0.0036250637 | R5: 0.022124473 | S5: 0.0040028998 | T5: 0.0067525643 | U5: 0.0067525643 | V5: 0.0041872964 | W5: 0.021257113 | X5: 0.013042076 | Y5: 0.0016320091 | Z5: 0.0058636983 | AA5: 0.0015137813 | AB5: 0.0016112015 | AC5: 0.001463201 | AD5: 0.0014496228 | AE5: 0.00046720959 | AF5: 0.0010311476 | AG5: 0.0019347039 | AH5: 0.00068727366 | AI5: 0.0010541258 | AJ5: 0.00068727366 | AK5: 0.0011993391 | AL5: 0.0024808838 | AM5: 0.00013642325 | AN5: 0.00068727366 | AO5: 0.001430529 | AP5: 0.00050328015 | AQ5: 0.0079225852 | AR5: 0.0079225852 | AS5: 0.0079225852 | AT5: 0.0079225852 | AU5: 0.00018476491 | AV5: 0.0079225852 | AW5: 0.0079225852 | AX5: 0.0079225852 | AY5: 0.0079225852 | AZ5: 0.0017227426 | BA5: 0.0012614986 | BB5: 0.00021088307 | BC5: 0.00038067946 | BD5: 0.0031599192 | BE5: 0.015617134 | BF5: 0.00074545201 | BG5: 0.0013114969 | BH5: 6.4645227e-05 | BI5: 0.00084719946 | BJ5: 0.00082504694 | BK5: 0.0028934051 | BL5: 0.00049201735 | BM5: 0.00023126931 | BN5: 0.00020787204 | BO5: 0.00097327704
A6: 1971 | B6: 0.0043156878 | C6: 0.0064899712 | D6: 0.0062283529 | E6: 0.0010861984 | F6: 0.00085094551 | G6: 0.0039142648 | H6: 0.0018811228 | I6: 0.0010289896 | J6: 0.00052265552 | K6: 0.00092017351 | L6: 0.001856499 | M6: 0.003156364 | N6: 0.014317359 | O6: 0.012192003 | P6: 0.0037568207 | Q6: 0.0036603563 | R6: 0.02346053 | S6: 0.0041476373 | T6: 0.0071603394 | U6: 0.0071603394 | V6: 0.0043216923 | W6: 0.02145161 | X6: 0.013174204 | Y6: 0.0016811706 | Z6: 0.0060403326 | AA6: 0.0015960552 | AB6: 0.0016930875 | AC6: 0.0015427258 | AD6: 0.0015284097 | AE6: 0.00046954871 | AF6: 0.0010871904 | AG6: 0.0021125708 | AH6: 0.00075045812 | AI6: 0.0011510368 | AJ6: 0.00075045812 | AK6: 0.0013096003 | AL6: 0.0027089637 | AM6: 0.00014896531 | AN6: 0.00075045812 | AO6: 0.0015843406 | AP6: 0.00055739324 | AQ6: 0.008774428 | AR6: 0.008774428 | AS6: 0.008774428 | AT6: 0.008774428 | AU6: 0.00020463098 | AV6: 0.008774428 | AW6: 0.008774428 | AX6: 0.008774428 | AY6: 0.008774428 | AZ6: 0.0018811228 | BA6: 0.0013774744 | BB6: 0.00018883378 | BC6: 0.0004493812 | BD6: 0.0030401085 | BE6: 0.018913081 | BF6: 0.0008139851 | BG6: 0.0014525101 | BH6: 7.1595936e-05 | BI6: 0.00093829105 | BJ6: 0.00091375667 | BK6: 0.0032045065 | BL6: 0.00054491946 | BM6: 0.00025613557 | BN6: 0.00023022261 | BO6: 0.0010779246
A7: 1972 | B7: 0.0047729987 | C7: 0.0065342591 | D7: 0.0062711248 | E7: 0.0011558251 | F7: 0.0019341892 | G7: 0.0035898735 | H7: 0.0042386987 | I7: 0.0015480996 | J7: 0.00043681654 | K7: 0.00095750264 | L7: 0.0019204251 | M7: 0.0030372142 | N7: 0.014254691 | O7: 0.012686874 | P7: 0.0037534999 | Q7: 0.0036979096 | R7: 0.023759524 | S7: 0.0044146692 | T7: 0.0072515949 | U7: 0.0072515949 | V7: 0.0043377653 | W7: 0.021253441 | X7: 0.013182495 | Y7: 0.0016813748 | Z7: 0.0060410661 | AA7: 0.0016327315 | AB7: 0.0017110958 | AC7: 0.0015781767 | AD7: 0.0015635316 | AE7: 0.00048036876 | AF7: 0.0011121734 | AG7: 0.0047602161 | AH7: 0.0016909932 | AI7: 0.0025936096 | AJ7: 0.0016909932 | AK7: 0.0029508978 | AL7: 0.0061040572 | AM7: 0.00033566073 | AN7: 0.0016909932 | AO7: 0.0015347821 | AP7: 0.00053995787 | AQ7: 0.0084999622 | AR7: 0.0084999622 | AS7: 0.0084999622 | AT7: 0.0084999622 | AU7: 0.00019823008 | AV7: 0.0084999622 | AW7: 0.0084999622 | AX7: 0.0084999622 | AY7: 0.0084999622 | AZ7: 0.0042386987 | BA7: 0.0031038371 | BB7: 0.00016703645 | BC7: 0.0013692138 | BD7: 0.0028042679 | BE7: 0.016245635 | BF7: 0.0018341373 | BG7: 0.0014070753 | BH7: 6.93564e-05 | BI7: 0.00090894112 | BJ7: 0.00088517418 | BK7: 0.0031042688 | BL7: 0.00052787427 | BM7: 0.0002481236 | BN7: 0.0002230212 | BO7: 0.0010442069
A8: 1973 | B8: 0.004313893 | C8: 0.0058235103 | D8: 0.0064445394 | E8: 0.0011957771 | F8: 0.0014876141 | G8: 0.0036542792 | H8: 0.00308202 | I8: 0.0012938946 | J8: 0.00043601423 | K8: 0.00097311024 | L8: 0.0018964994 | M8: 0.0029651698 | N8: 0.0085410575 | O8: 0.015008136 | P8: 0.0034567167 | Q8: 0.0038377022 | R8: 0.026222974 | S8: 0.0042368511 | T8: 0.0080034591 | U8: 0.0080034591 | V8: 0.0044828555 | W8: 0.020259116 | X8: 0.013685735 | Y8: 0.0016654602 | Z8: 0.0059838859 | AA8: 0.0016356944 | AB8: 0.0016812213 | AC8: 0.0015810406 | AD8: 0.001566369 | AE8: 0.00045655302 | AF8: 0.0011141917 | AG8: 0.0034612229 | AH8: 0.001229546 | AI8: 0.0018858516 | AJ8: 0.001229546 | AK8: 0.0021456411 | AL8: 0.0044383495 | AM8: 0.00024406384 | AN8: 0.001229546 | AO8: 0.0014507154 | AP8: 0.000510382 | AQ8: 0.0080343818 | AR8: 0.0080343818 | AS8: 0.0080343818 | AT8: 0.0080343818 | AU8: 0.00018737215 | AV8: 0.0080343818 | AW8: 0.0080343818 | AX8: 0.0080343818 | AY8: 0.0080343818 | AZ8: 0.00308202 | BA8: 0.0022568455 | BB8: 0.0001621306 | BC8: 0.00096886741 | BD8: 0.0023297957 | BE8: 0.0150442 | BF8: 0.0013336282 | BG8: 0.0013300036 | BH8: 6.5557444e-05 | BI8: 0.0008591544 | BJ8: 0.00083668929 | BK8: 0.0029342344 | BL8: 0.00049896027 | BM8: 0.00023453278 | BN8: 0.00021080535 | BO8: 0.00098701108
A9: 1974 | B9: 0.0044251091 | C9: 0.0060683948 | D9: 0.0066220879 | E9: 0.0011686328 | F9: 0.0017904576 | G9: 0.0029724515 | H9: 0.0029125941 | I9: 0.0013355947 | J9: 0.00043741217 | K9: 0.00098421921 | L9: 0.0020231321 | M9: 0.0027323056 | N9: 0.007170786 | O9: 0.018333507 | P9: 0.0034570785 | Q9: 0.0039411487 | R9: 0.032340458 | S9: 0.0035377224 | T9: 0.0098705638 | U9: 0.0098705638 | V9: 0.0044660384 | W9: 0.020347051 | X9: 0.014453082 | Y9: 0.0017028016 | Z9: 0.0061180512 | AA9: 0.001627473 | AB9: 0.00166251 | AC9: 0.0015730938 | AD9: 0.001558496 | AE9: 0.00041762654 | AF9: 0.0011085914 | AG9: 0.0032709513 | AH9: 0.0011619549 | AI9: 0.0017821818 | AJ9: 0.0011619549 | AK9: 0.0020276901 | AL9: 0.0041943629 | AM9: 0.00023064708 | AN9: 0.0011619549 | AO9: 0.0013393695 | AP9: 0.00047120895 | AQ9: 0.0074177236 | AR9: 0.0074177236 | AS9: 0.0074177236 | AT9: 0.0074177236 | AU9: 0.00017299088 | AV9: 0.0074177236 | AW9: 0.0074177236 | AX9: 0.0074177236 | AY9: 0.0074177236 | AZ9: 0.0029125941 | BA9: 0.0021327814 | BB9: 0.00016057611 | BC9: 0.00088040287 | BD9: 0.0023757553 | BE9: 0.018119364 | BF9: 0.0012603155 | BG9: 0.0012279226 | BH9: 6.0525753e-05 | BI9: 0.00079321223 | BJ9: 0.00077247137 | BK9: 0.0027090248 | BL9: 0.00046066386 | BM9: 0.00021653182 | BN9: 0.00019462553 | BO9: 0.0009112556
A10: 1975 | B10: 0.0048328168 | C10: 0.0064509557 | D10: 0.0069847426 | E10: 0.001143964 | F10: 0.0022810526 | G10: 0.002985222 | H10: 0.0039284785 | I10: 0.0015784089 | J10: 0.00049098678 | K10: 0.0010157253 | L10: 0.0020216902 | M10: 0.0032867998 | N10: 0.0076581948 | O10: 0.018684927 | P10: 0.0035028162 | Q10: 0.0040078267 | R10: 0.0331342 | S10: 0.0040288044 | T10: 0.01011282 | U10: 0.01011282 | V10: 0.004658918 | W10: 0.021010882 | X10: 0.016203724 | Y10: 0.0017692707 | Z10: 0.0063568703 | AA10: 0.0017873916 | AB10: 0.0018255681 | AC10: 0.0017276691 | AD10: 0.0017116368 | AE10: 0.00046420467 | AF10: 0.0012175237 | AG10: 0.0044118272 | AH10: 0.0015672334 | AI10: 0.0024037895 | AJ10: 0.0015672334 | AK10: 0.0027349286 | AL10: 0.0056573157 | AM10: 0.00031109452 | AN10: 0.0015672334 | AO10: 0.0014776671 | AP10: 0.00051986401 | AQ10: 0.0081836466 | AR10: 0.0081836466 | AS10: 0.0081836466 | AT10: 0.0081836466 | AU10: 0.0001908532 | AV10: 0.0081836466 | AW10: 0.0081836466 | AX10: 0.0081836466 | AY10: 0.0081836466 | AZ10: 0.0039284785 | BA10: 0.0028766747 | BB10: 0.00015051765 | BC10: 0.0012376792 | BD10: 0.0026945557 | BE10: 0.019268338 | BF10: 0.0016999012 | BG10: 0.0013547128 | BH10: 6.6775388e-05 | BI10: 0.000875116 | BJ10: 0.00085223352 | BK10: 0.0029887473 | BL10: 0.00050823008 | BM10: 0.00023888999 | BN10: 0.00021472175 | BO10: 0.001005348
A11: 1976 | B11: 0.0047687622 | C11: 0.0062063549 | D11: 0.0067784029 | E11: 0.0013073946 | F11: 0.0025531944 | G11: 0.0027561458 | H11: 0.0041775062 | I11: 0.0018351531 | J11: 0.00052811736 | K11: 0.0010744508 | L11: 0.0020216843 | M11: 0.0031490009 | N11: 0.0074926214 | O11: 0.018821376 | P11: 0.0034108258 | Q11: 0.0041723693 | R11: 0.032021409 | S11: 0.0042463804 | T11: 0.0097731873 | U11: 0.0097731873 | V11: 0.0042610354 | W11: 0.021384565 | X11: 0.017550463 | Y11: 0.0017469504 | Z11: 0.0062766749 | AA11: 0.0018888771 | AB11: 0.0019183798 | AC11: 0.0018257636 | AD11: 0.001808821 | AE11: 0.00054246194 | AF11: 0.0012866529 | AG11: 0.0046914946 | AH11: 0.001666581 | AI11: 0.0025561666 | AJ11: 0.001666581 | AK11: 0.0029082968 | AL11: 0.0060159351 | AM11: 0.00033081492 | AN11: 0.001666581 | AO11: 0.0015174687 | AP11: 0.00053386676 | AQ11: 0.0084040765 | AR11: 0.0084040765 | AS11: 0.0084040765 | AT11: 0.0084040765 | AU11: 0.00019599391 | AV11: 0.0084040765 | AW11: 0.0084040765 | AX11: 0.0084040765 | AY11: 0.0084040765 | AZ11: 0.0041775062 | BA11: 0.0030590282 | BB11: 0.00014487039 | BC11: 0.0013034327 | BD11: 0.002787118 | BE11: 0.019237795 | BF11: 0.0018076586 | BG11: 0.0013912025 | BH11: 6.8574011e-05 | BI11: 0.00089868761 | BJ11: 0.00087518878 | BK11: 0.0030692505 | BL11: 0.00052191947 | BM11: 0.00024532459 | BN11: 0.00022050536 | BO11: 0.0010324275
A12: 1977 | B12: 0.0046940482 | C12: 0.0061376515 | D12: 0.0063813049 | E12: 0.0015066654 | F12: 0.0026842943 | G12: 0.0026797879 | H12: 0.0043730275 | I12: 0.0020803039 | J12: 0.00051165577 | K12: 0.001087674 | L12: 0.0020857752 | M12: 0.0032249271 | N12: 0.0079655894 | O12: 0.017084889 | P12: 0.0034447796 | Q12: 0.0040799549 | R12: 0.029247411 | S12: 0.0045510807 | T12: 0.0089265415 | U12: 0.0089265415 | V12: 0.0040299152 | W12: 0.021623938 | X12: 0.017480432 | Y12: 0.0016817766 | Z12: 0.0060425098 | AA12: 0.0021640916 | AB12: 0.0021632077 | AC12: 0.0020917823 | AD12: 0.0020723712 | AE12: 0.00055335591 | AF12: 0.0014741218 | AG12: 0.0049110723 | AH12: 0.0017445825 | AI12: 0.0026758038 | AJ12: 0.0017445825 | AK12: 0.0030444148 | AL12: 0.0062975011 | AM12: 0.00034629817 | AN12: 0.0017445825 | AO12: 0.0014907164 | AP12: 0.00052445494 | AQ12: 0.0082559166 | AR12: 0.0082559166 | AS12: 0.0082559166 | AT12: 0.0082559166 | AU12: 0.00019253862 | AV12: 0.0082559166 | AW12: 0.0082559166 | AX12: 0.0082559166 | AY12: 0.0082559166 | AZ12: 0.0043730275 | BA12: 0.003202201 | BB12: 0.00015708016 | BC12: 0.0013954205 | BD12: 0.0028116166 | BE12: 0.019070843 | BF12: 0.0018922631 | BG12: 0.0013666763 | BH12: 6.7365083e-05 | BI12: 0.00088284417 | BJ12: 0.00085975961 | BK12: 0.003015141 | BL12: 0.00051271827 | BM12: 0.00024099963 | BN12: 0.00021661796 | BO12: 0.0010142263
A13: 1978 | B13: 0.0047662463 | C13: 0.0060723387 | D13: 0.0067091256 | E13: 0.0015545726 | F13: 0.0029222422 | G13: 0.0027296623 | H13: 0.0048110898 | I13: 0.0021955067 | J13: 0.00047850664 | K13: 0.0010800076 | L13: 0.0021012163 | M13: 0.0032357769 | N13: 0.0079495311 | O13: 0.016275005 | P13: 0.0035401671 | Q13: 0.0041169461 | R13: 0.027985635 | S13: 0.0046227805 | T13: 0.0085414372 | U13: 0.0085414372 | V13: 0.0044492716 | W13: 0.020805857 | X13: 0.017090495 | Y13: 0.0016861069 | Z13: 0.0060580683 | AA13: 0.0022963988 | AB13: 0.0022943296 | AC13: 0.0022196687 | AD13: 0.0021990707 | AE13: 0.00054929207 | AF13: 0.0015642459 | AG13: 0.0054030325 | AH13: 0.0019193438 | AI13: 0.0029438489 | AJ13: 0.0019193438 | AK13: 0.0033493851 | AL13: 0.006928345 | AM13: 0.00038098814 | AN13: 0.0019193438 | AO13: 0.001486272 | AP13: 0.00052289132 | AQ13: 0.0082313022 | AR13: 0.0082313022 | AS13: 0.0082313022 | AT13: 0.0082313022 | AU13: 0.00019196459 | AV13: 0.0082313022 | AW13: 0.0082313022 | AX13: 0.0082313022 | AY13: 0.0082313022 | AZ13: 0.0048110898 | BA13: 0.0035229773 | BB13: 0.00015207727 | BC13: 0.0015494476 | BD13: 0.0026576397 | BE13: 0.019701705 | BF13: 0.002081818 | BG13: 0.0013626016 | BH13: 6.7164239e-05 | BI13: 0.00088021204 | BJ13: 0.00085719631 | BK13: 0.0030061516 | BL13: 0.00051118964 | BM13: 0.00024028111 | BN13: 0.00021597213 | BO13: 0.0010112024
A14: 1979 | B14: 0.0046925492 | C14: 0.0059172608 | D14: 0.0066484925 | E14: 0.001536343 | F14: 0.0029974199 | G14: 0.0026951848 | H14: 0.0048374335 | I14: 0.0021468364 | J14: 0.00045360619 | K14: 0.0010792404 | L14: 0.0021698284 | M14: 0.0032529931 | N14: 0.0079960039 | O14: 0.015863691 | P14: 0.0033920376 | Q14: 0.0040201183 | R14: 0.027114505 | S14: 0.0044736161 | T14: 0.0082755615 | U14: 0.0082755615 | V14: 0.0046587659 | W14: 0.020107401 | X14: 0.015501871 | Y14: 0.0016966192 | Z14: 0.0060958381 | AA14: 0.0023078793 | AB14: 0.0023228986 | AC14: 0.0022307656 | AD14: 0.0022100647 | AE14: 0.00056028774 | AF14: 0.0015720662 | AG14: 0.0054326174 | AH14: 0.0019298534 | AI14: 0.0029599683 | AJ14: 0.0019298534 | AK14: 0.003367725 | AL14: 0.006966282 | AM14: 0.00038307428 | AN14: 0.0019298534 | AO14: 0.0014464746 | AP14: 0.00050889006 | AQ14: 0.0080108958 | AR14: 0.0080108958 | AS14: 0.0080108958 | AT14: 0.0080108958 | AU14: 0.00018682442 | AV14: 0.0080108958 | AW14: 0.0080108958 | AX14: 0.0080108958 | AY14: 0.0080108958 | AZ14: 0.0048374335 | BA14: 0.0035422677 | BB14: 0.00010778405 | BC14: 0.0015594696 | BD14: 0.0024964238 | BE14: 0.018545767 | BF14: 0.0020932173 | BG14: 0.0013261158 | BH14: 6.5365808e-05 | BI14: 0.00085664294 | BJ14: 0.00083424349 | BK14: 0.002925657 | BL14: 0.00049750171 | BM14: 0.0002338472 | BN14: 0.00021018913 | BO14: 0.00098412586
A15: 1980 | B15: 0.0046438536 | C15: 0.0059183274 | D15: 0.006516749 | E15: 0.0016106361 | F15: 0.0036766139 | G15: 0.0026882097 | H15: 0.0049209161 | I15: 0.0021195188 | J15: 0.00044150826 | K15: 0.0010822121 | L15: 0.0021951274 | M15: 0.0032192821 | N15: 0.0079808784 | O15: 0.015247935 | P15: 0.0033347247 | Q15: 0.0040820132 | R15: 0.026254221 | S15: 0.0046745286 | T15: 0.0080129961 | U15: 0.0080129961 | V15: 0.0044071068 | W15: 0.020881078 | X15: 0.013514192 | Y15: 0.001701302 | Z15: 0.0061126633 | AA15: 0.0026742762 | AB15: 0.0027013669 | AC15: 0.00258492 | AD15: 0.0025609326 | AE15: 0.00051305277 | AF15: 0.001821646 | AG15: 0.0055263715 | AH15: 0.0019631581 | AI15: 0.0030110503 | AJ15: 0.0019631581 | AK15: 0.003425844 | AL15: 0.0070865035 | AM15: 0.00038968524 | AN15: 0.0019631581 | AO15: 0.0013775575 | AP15: 0.00048464403 | AQ15: 0.0076292173 | AR15: 0.0076292173 | AS15: 0.0076292173 | AT15: 0.0076292173 | AU15: 0.00017792319 | AV15: 0.0076292173 | AW15: 0.0076292173 | AX15: 0.0076292173 | AY15: 0.0076292173 | AZ15: 0.0049209161 | BA15: 0.0036033988 | BB15: 0.0001069002 | BC15: 0.0015960046 | BD15: 0.0025839031 | BE15: 0.016171496 | BF15: 0.0021293412 | BG15: 0.0012629331 | BH15: 6.225146e-05 | BI15: 0.00081582826 | BJ15: 0.00079449603 | BK15: 0.0027862644 | BL15: 0.00047379829 | BM15: 0.00022270557 | BN15: 0.00020017468 | BO15: 0.00093723727
A16: 1981 | B16: 0.0046520443 | C16: 0.0055404272 | D16: 0.00690809 | E16: 0.0018275437 | F16: 0.003907856 | G16: 0.0028154489 | H16: 0.0051071389 | I16: 0.002480228 | J16: 0.00044932416 | K16: 0.0010867746 | L16: 0.0023050246 | M16: 0.00334064 | N16: 0.0085300605 | O16: 0.012242399 | P16: 0.0036473387 | Q16: 0.0040049598 | R16: 0.021008309 | S16: 0.0046872662 | T16: 0.0064119021 | U16: 0.0064119021 | V16: 0.0047788222 | W16: 0.022239906 | X16: 0.011426865 | Y16: 0.0018149191 | Z16: 0.0065208818 | AA16: 0.0032524828 | AB16: 0.0033666126 | AC16: 0.0031438068 | AD16: 0.0031146331 | AE16: 0.00063886957 | AF16: 0.002215505 | AG16: 0.0057355066 | AH16: 0.0020374501 | AI16: 0.0031249978 | AJ16: 0.0020374501 | AK16: 0.0035554886 | AL16: 0.0073546788 | AM16: 0.00040443214 | AN16: 0.0020374501 | AO16: 0.001344358 | AP16: 0.00047296398 | AQ16: 0.007445351 | AR16: 0.007445351 | AS16: 0.007445351 | AT16: 0.007445351 | AU16: 0.00017363519 | AV16: 0.007445351 | AW16: 0.007445351 | AX16: 0.007445351 | AY16: 0.007445351 | AZ16: 0.0051071389 | BA16: 0.0037397627 | BB16: 0.00012564825 | BC16: 0.0016568895 | BD16: 0.0026567325 | BE16: 0.018736269 | BF16: 0.0022099221 | BG16: 0.001232496 | BH16: 6.0751182e-05 | BI16: 0.00079616657 | BJ16: 0.00077534845 | BK16: 0.0027191146 | BL16: 0.00046237961 | BM16: 0.0002173383 | BN16: 0.00019535042 | BO16: 0.00091464959
... A60: 2025 | B60: 0.0027655592 | C60: 0.0053869894 | D60: 0.0032307871 | E60: 0.0008548434 | F60: 0.0070266035 | G60: 0.0025583503 | H60: 0.0093159611 | I60: 0.00070483152 | J60: 0.0011153193 | K60: 0.0042436097 | L60: 0.0071205686 | M60: 0.0075498263 | N60: 0.0057557783 | O60: 0.0053935224 | P60: 0.005141606 | Q60: 0.0073017077 | R60: 0.0072828635 | S60: 0.0021520215 | T60: 0.0045744675 | U60: 0.0045744675 | V60: 0.0027788799 | W60: 0.0039688003 | X60: 0.0073685738 | Y60: 0.0036139724 | Z60: 0.0030595533 | AA60: 0.00030270646 | AB60: 0.0020025076 | AC60: 0.0020083886 | AD60: 0.00035412562 | AE60: 0.00035133318 | AF60: 0.0010809368 | AG60: 0.0016653642 | AH60: 0.0067845222 | AI60: 0.00058002133 | AJ60: 0.0067845222 | AK60: 0.0016693963 | AL60: 0.029029002 | AM60: 0.0024785536 | AN60: 0.0067845222 | AO60: 0.0027481568 | AP60: 0.0008160818 | AQ60: 0.0032151974 | AR60: 0.0032151974 | AS60: 0.0032151974 | AT60: 0.0032151974 | AU60: 0.00011999 | AV60: 0.0032151974 | AW60: 0.0032151974 | AX60: 0.0032151974 | AY60: 0.0032151974 | AZ60: 0.0093159611 | BA60: 0.0082504371 | BB60: 0.00043694022 | BC60: 0.00069317242 | BD60: 0.001576763 | BE60: 0.0042494757 | BF60: 0.00068121065 | BG60: 0.0010410852 | BH60: 0.0012472342 | BI60: 0.0020157785 | BJ60: 0.00030860495 | BK60: 0.0014983527 | BL60: 0.0022156059 | BM60: 0.00015478413 | BN60: 0.00029897685 | BO60: 0.0010031406
A61: 2026
A62: 2027
A63: 2028
A64: 2029
A65: 2030
A66: 2031
A67: 2032
A68: 2033
A69: 2034
A70: 2035
A71: 2036
A72: 2037
... A135: 2100

Sheet O6
A1: ="Data series on A-Matrix Coefficients: Total Leisure/Culture Inputs used by " & ReadMe!D1 & " Sector as Share of " & ReadMe!D1 & " Output (current price MER)." -> Data series on A-Matrix Coefficients: Total Leisure/Culture Inputs used by "Manufacturing" Sector as Share of "Manufacturing" Output (current price MER).
A4: Year | B4: World | C4: Europe | D4: North America/ Oceania | E4: Latin America | F4: Middle East/North Africa | G4: Subsaharan Africa | H4: Russia/ Central Asia | I4: East Asia | J4: South & South-East Asia | K4: DE | L4: DK | M4: ES | N4: FR | O4: GB | P4: IT | Q4: NL | R4: NO | S4: SE | T4: OC | U4: QM | V4: US | W4: CA | X4: AU | Y4: NZ | Z4: OH | AA4: AR | AB4: BR | AC4: CL | AD4: CO | AE4: MX | AF4: OD | AG4: AE | AH4: DZ | AI4: EG | AJ4: IR | AK4: MA | AL4: SA | AM4: TR | AN4: OE | AO4: CD | AP4: CI | AQ4: ET | AR4: KE | AS4: ML | AT4: NE | AU4: NG | AV4: RW | AW4: SD | AX4: ZA | AY4: OJ | AZ4: RU | BA4: OA | BB4: CN | BC4: JP | BD4: KR | BE4: TW | BF4: OB | BG4: BD | BH4: IN | BI4: ID | BJ4: MM | BK4: PK | BL4: PH | BM4: TH | BN4: VN | BO4: OI
A5: 1970 | B5: 0.073378372 | C5: 0.054739014 | D5: 0.070954987 | E5: 0.12503138 | F5: 0.06702807 | G5: 0.078402921 | H5: 0.092046315 | I5: 0.083052062 | J5: 0.061853632 | K5: 0.050055792 | L5: 0.067358696 | M5: 0.055225732 | N5: 0.049050035 | O5: 0.049576567 | P5: 0.055303159 | Q5: 0.075939607 | R5: 0.063653403 | S5: 0.093211742 | T5: 0.058781234 | U5: 0.058781234 | V5: 0.076751431 | W5: 0.035123489 | X5: 0.030389843 | Y5: 0.064445975 | Z5: 0.069700553 | AA5: 0.074217209 | AB5: 0.17240217 | AC5: 0.08578954 | AD5: 0.10494872 | AE5: 0.12848411 | AF5: 0.13577152 | AG5: 0.0711037 | AH5: 0.069501464 | AI5: 0.051032641 | AJ5: 0.069501464 | AK5: 0.072918569 | AL5: 0.087365771 | AM5: 0.064502437 | AN5: 0.069501464 | AO5: 0.047283423 | AP5: 0.086875969 | AQ5: 0.080418412 | AR5: 0.080418412 | AS5: 0.080418412 | AT5: 0.080418412 | AU5: 0.080075166 | AV5: 0.080418412 | AW5: 0.080418412 | AX5: 0.080418412 | AY5: 0.080418412 | AZ5: 0.092046315 | BA5: 0.086013285 | BB5: 0.036508661 | BC5: 0.096407787 | BD5: 0.17344398 | BE5: 0.071447691 | BF5: 0.086810887 | BG5: 0.060764297 | BH5: 0.039978666 | BI5: 0.11114684 | BJ5: 0.048344819 | BK5: 0.06331768 | BL5: 0.10276479 | BM5: 0.096337006 | BN5: 0.057696485 | BO5: 0.086061962
A6: 1971 | B6: 0.072876785 | C6: 0.056810549 | D6: 0.071533752 | E6: 0.12266573 | F6: 0.065408734 | G6: 0.081489774 | H6: 0.088973982 | I6: 0.079846811 | J6: 0.062217341 | K6: 0.052398043 | L6: 0.068988805 | M6: 0.0563736 | N6: 0.049040479 | O6: 0.05232306 | P6: 0.055970149 | Q6: 0.079619371 | R6: 0.06596825 | S6: 0.09857112 | T6: 0.060918897 | U6: 0.060918897 | V6: 0.077508439 | W6: 0.03476199 | X6: 0.034636873 | Y6: 0.065092534 | Z6: 0.070399829 | AA6: 0.072699381 | AB6: 0.16830355 | AC6: 0.084035044 | AD6: 0.10280239 | AE6: 0.12793547 | AF6: 0.13299483 | AG6: 0.068730391 | AH6: 0.067181635 | AI6: 0.049329267 | AJ6: 0.067181635 | AK6: 0.070484683 | AL6: 0.084449665 | AM6: 0.062349467 | AN6: 0.067181635 | AO6: 0.04914247 | AP6: 0.090291681 | AQ6: 0.083580231 | AR6: 0.083580231 | AS6: 0.083580231 | AT6: 0.083580231 | AU6: 0.08322349 | AV6: 0.083580231 | AW6: 0.083580231 | AX6: 0.083580231 | AY6: 0.083580231 | AZ6: 0.088973982 | BA6: 0.083142322 | BB6: 0.034544725 | BC6: 0.092865149 | BD6: 0.17354755 | BE6: 0.071884432 | BF6: 0.083913302 | BG6: 0.063153373 | BH6: 0.041550512 | BI6: 0.11551681 | BJ6: 0.050245597 | BK6: 0.065807148 | BL6: 0.1068052 | BM6: 0.1001247 | BN6: 0.059964944 | BO6: 0.08944567
A7: 1972 | B7: 0.072862159 | C7: 0.057375737 | D7: 0.071230327 | E7: 0.12231843 | F7: 0.06535821 | G7: 0.080788951 | H7: 0.088223037 | I7: 0.079713718 | J7: 0.062882241 | K7: 0.053966902 | L7: 0.070760272 | M7: 0.056204956 | N7: 0.048066662 | O7: 0.051971516 | P7: 0.056755119 | Q7: 0.080696604 | R7: 0.066239171 | S7: 0.095806655 | T7: 0.061169081 | U7: 0.061169081 | V7: 0.076961198 | W7: 0.035611152 | X7: 0.039035389 | Y7: 0.064824456 | Z7: 0.070109893 | AA7: 0.07251753 | AB7: 0.1646672 | AC7: 0.083824838 | AD7: 0.10254524 | AE7: 0.13169758 | AF7: 0.13266216 | AG7: 0.068150304 | AH7: 0.066614619 | AI7: 0.048912925 | AJ7: 0.066614619 | AK7: 0.069889789 | AL7: 0.083736906 | AM7: 0.061823234 | AN7: 0.066614619 | AO7: 0.048677317 | AP7: 0.089437034 | AQ7: 0.082789111 | AR7: 0.082789111 | AS7: 0.082789111 | AT7: 0.082789111 | AU7: 0.082435746 | AV7: 0.082789111 | AW7: 0.082789111 | AX7: 0.082789111 | AY7: 0.082789111 | AZ7: 0.088223037 | BA7: 0.082440597 | BB7: 0.036297564 | BC7: 0.0910996 | BD7: 0.18320126 | BE7: 0.061151419 | BF7: 0.08320507 | BG7: 0.062555601 | BH7: 0.041157219 | BI7: 0.11442339 | BJ7: 0.049770002 | BK7: 0.065184257 | BL7: 0.10579425 | BM7: 0.099176978 | BN7: 0.059397352 | BO7: 0.08859903
A8: 1973 | B8: 0.071197478 | C8: 0.055870513 | D8: 0.071528648 | E8: 0.12179965 | F8: 0.062449111 | G8: 0.080236244 | H8: 0.083482944 | I8: 0.07592354 | J8: 0.065129502 | K8: 0.053530652 | L8: 0.070750111 | M8: 0.054514595 | N8: 0.046097986 | O8: 0.051848728 | P8: 0.054663503 | Q8: 0.073934527 | R8: 0.064572271 | S8: 0.092327971 | T8: 0.05962977 | U8: 0.05962977 | V8: 0.078082601 | W8: 0.034640739 | X8: 0.037850231 | Y8: 0.065545791 | Z8: 0.070890042 | AA8: 0.075543182 | AB8: 0.17049559 | AC8: 0.087322265 | AD8: 0.10682374 | AE8: 0.12928285 | AF8: 0.13819722 | AG8: 0.064488689 | AH8: 0.063035514 | AI8: 0.046284906 | AJ8: 0.063035514 | AK8: 0.066134714 | AL8: 0.079237846 | AM8: 0.058501563 | AN8: 0.063035514 | AO8: 0.048373346 | AP8: 0.088878534 | AQ8: 0.082272125 | AR8: 0.082272125 | AS8: 0.082272125 | AT8: 0.082272125 | AU8: 0.081920967 | AV8: 0.082272125 | AW8: 0.082272125 | AX8: 0.082272125 | AY8: 0.082272125 | AZ8: 0.083482944 | BA8: 0.078011186 | BB8: 0.036106286 | BC8: 0.084716861 | BD8: 0.17258408 | BE8: 0.052573739 | BF8: 0.078734584 | BG8: 0.062164965 | BH8: 0.040900208 | BI8: 0.11370886 | BJ8: 0.049459208 | BK8: 0.064777207 | BL8: 0.1051336 | BM8: 0.098557656 | BN8: 0.059026438 | BO8: 0.088045764
A9: 1974 | B9: 0.071516511 | C9: 0.054664016 | D9: 0.073869152 | E9: 0.11466198 | F9: 0.06633143 | G9: 0.084506414 | H9: 0.085448054 | I9: 0.07808678 | J9: 0.071476931 | K9: 0.051577536 | L9: 0.069800797 | M9: 0.05207548 | N9: 0.043980695 | O9: 0.050208284 | P9: 0.058010676 | Q9: 0.072945763 | R9: 0.063674683 | S9: 0.084443861 | T9: 0.058800885 | U9: 0.058800885 | V9: 0.081551781 | W9: 0.034508602 | X9: 0.036026376 | Y9: 0.068108362 | Z9: 0.073661551 | AA9: 0.071604586 | AB9: 0.16206843 | AC9: 0.082769543 | AD9: 0.10125427 | AE9: 0.11841975 | AF9: 0.13099203 | AG9: 0.066006692 | AH9: 0.064519311 | AI9: 0.04737441 | AJ9: 0.064519311 | AK9: 0.067691464 | AL9: 0.08110303 | AM9: 0.059878635 | AN9: 0.064519311 | AO9: 0.050800544 | AP9: 0.093338135 | AQ9: 0.08640024 | AR9: 0.08640024 | AS9: 0.08640024 | AT9: 0.08640024 | AU9: 0.086031462 | AV9: 0.08640024 | AW9: 0.08640024 | AX9: 0.08640024 | AY9: 0.08640024 | AZ9: 0.085448054 | BA9: 0.079847496 | BB9: 0.035283055 | BC9: 0.085544584 | BD9: 0.17566033 | BE9: 0.057601648 | BF9: 0.080587923 | BG9: 0.065284176 | BH9: 0.042952432 | BI9: 0.11941436 | BJ9: 0.051940891 | BK9: 0.068027491 | BL9: 0.11040883 | BM9: 0.10350292 | BN9: 0.061988169 | BO9: 0.092463579
A10: 1975 | B10: 0.073450819 | C10: 0.057350672 | D10: 0.077634372 | E10: 0.12513161 | F10: 0.065804821 | G10: 0.093863981 | H10: 0.085479462 | I10: 0.075722865 | J10: 0.080593073 | K10: 0.052007921 | L10: 0.069519976 | M10: 0.060302661 | N10: 0.04749183 | O10: 0.050010902 | P10: 0.059419034 | Q10: 0.080920827 | R10: 0.065476477 | S10: 0.094988002 | T10: 0.060464765 | U10: 0.060464765 | V10: 0.085932018 | W10: 0.035443801 | X10: 0.037810535 | Y10: 0.071711913 | Z10: 0.077558916 | AA10: 0.071012094 | AB10: 0.16021897 | AC10: 0.082084667 | AD10: 0.10041644 | AE10: 0.11942442 | AF10: 0.12990814 | AG10: 0.066030953 | AH10: 0.064543026 | AI10: 0.047391823 | AJ10: 0.064543026 | AK10: 0.067716344 | AL10: 0.081132841 | AM10: 0.059900644 | AN10: 0.064543026 | AO10: 0.056314804 | AP10: 0.10346973 | AQ10: 0.095778749 | AR10: 0.095778749 | AS10: 0.095778749 | AT10: 0.095778749 | AU10: 0.095369942 | AV10: 0.095778749 | AW10: 0.095778749 | AX10: 0.095778749 | AY10: 0.095778749 | AZ10: 0.085479462 | BA10: 0.079876845 | BB10: 0.03081408 | BC10: 0.0858362 | BD10: 0.1778871 | BE10: 0.06186791 | BF10: 0.080617544 | BG10: 0.072370595 | BH10: 0.0476148 | BI10: 0.13237646 | BJ10: 0.057578932 | BK10: 0.075411689 | BL10: 0.1223934 | BM10: 0.11473788 | BN10: 0.068716816 | BO10: 0.10250025
A11: 1976 | B11: 0.074254615 | C11: 0.056942211 | D11: 0.079328117 | E11: 0.12060451 | F11: 0.067302541 | G11: 0.091794073 | H11: 0.086828156 | I11: 0.077961476 | J11: 0.08182165 | K11: 0.053026735 | L11: 0.071284555 | M11: 0.060422206 | N11: 0.044911323 | O11: 0.050285393 | P11: 0.057882142 | Q11: 0.077797738 | R11: 0.065413679 | S11: 0.096342054 | T11: 0.060406774 | U11: 0.060406774 | V11: 0.087780481 | W11: 0.035549479 | X11: 0.03850096 | Y11: 0.073259585 | Z11: 0.079232778 | AA11: 0.068149958 | AB11: 0.15072972 | AC11: 0.078776251 | AD11: 0.096369167 | AE11: 0.1210697 | AF11: 0.1246722 | AG11: 0.067072789 | AH11: 0.065561385 | AI11: 0.04813957 | AJ11: 0.065561385 | AK11: 0.068784772 | AL11: 0.082412954 | AM11: 0.060845756 | AN11: 0.065561385 | AO11: 0.054901592 | AP11: 0.10087318 | AQ11: 0.093375195 | AR11: 0.093375195 | AS11: 0.093375195 | AT11: 0.093375195 | AU11: 0.092976647 | AV11: 0.093375195 | AW11: 0.093375195 | AX11: 0.093375195 | AY11: 0.093375195 | AZ11: 0.086828156 | BA11: 0.081137141 | BB11: 0.029557126 | BC11: 0.086277812 | BD11: 0.1615408 | BE11: 0.060101116 | BF11: 0.081889526 | BG11: 0.070554465 | BH11: 0.046419914 | BI11: 0.12905449 | BJ11: 0.056133997 | BK11: 0.073519243 | BL11: 0.11932196 | BM11: 0.11185855 | BN11: 0.066992377 | BO11: 0.099928018
A12: 1977 | B12: 0.076680899 | C12: 0.058922646 | D12: 0.082507436 | E12: 0.11710021 | F12: 0.070199871 | G12: 0.093366287 | H12: 0.090675364 | I12: 0.082313907 | J12: 0.083202828 | K12: 0.054325154 | L12: 0.07275011 | M12: 0.063448867 | N12: 0.048564895 | O12: 0.051969672 | P12: 0.059750232 | Q12: 0.080017907 | R12: 0.066835236 | S12: 0.097278396 | T12: 0.061719522 | U12: 0.061719522 | V12: 0.090844851 | W12: 0.034206349 | X12: 0.037950723 | Y12: 0.07593795 | Z12: 0.082129522 | AA12: 0.068392574 | AB12: 0.15104286 | AC12: 0.079056697 | AD12: 0.096712245 | AE12: 0.11047718 | AF12: 0.12511604 | AG12: 0.07004467 | AH12: 0.068466299 | AI12: 0.050272553 | AJ12: 0.068466299 | AK12: 0.071832509 | AL12: 0.086064532 | AM12: 0.063541728 | AN12: 0.068466299 | AO12: 0.055920094 | AP12: 0.10274452 | AQ12: 0.095107437 | AR12: 0.095107437 | AS12: 0.095107437 | AT12: 0.095107437 | AU12: 0.094701495 | AV12: 0.095107437 | AW12: 0.095107437 | AX12: 0.095107437 | AY12: 0.095107437 | AZ12: 0.090675364 | BA12: 0.08473219 | BB12: 0.033167063 | BC12: 0.091537737 | BD12: 0.15258886 | BE12: 0.064599288 | BF12: 0.085517912 | BG12: 0.07186335 | BH12: 0.047281069 | BI12: 0.13144864 | BJ12: 0.057175362 | BK12: 0.074883129 | BL12: 0.12153555 | BM12: 0.11393368 | BN12: 0.06823518 | BO12: 0.10178182
A13: 1978 | B13: 0.075716657 | C13: 0.059985654 | D13: 0.081226597 | E13: 0.11007292 | F13: 0.068735304 | G13: 0.085686002 | H13: 0.088989648 | I13: 0.082097763 | J13: 0.074657007 | K13: 0.054692266 | L13: 0.074337376 | M13: 0.06865492 | N13: 0.050265217 | O13: 0.053583291 | P13: 0.061865942 | Q13: 0.079898652 | R13: 0.067562977 | S13: 0.098790541 | T13: 0.062391561 | U13: 0.062391561 | V13: 0.089613505 | W13: 0.033171415 | X13: 0.039416648 | Y13: 0.075013727 | Z13: 0.081129943 | AA13: 0.063604783 | AB13: 0.14027012 | AC13: 0.073522369 | AD13: 0.089941948 | AE13: 0.10732363 | AF13: 0.11635735 | AG13: 0.068742493 | AH13: 0.067193465 | AI13: 0.049337953 | AJ13: 0.067193465 | AK13: 0.070497094 | AL13: 0.084464535 | AM13: 0.062360445 | AN13: 0.067193465 | AO13: 0.051532841 | AP13: 0.094683618 | AQ13: 0.087645712 | AR13: 0.087645712 | AS13: 0.087645712 | AT13: 0.087645712 | AU13: 0.087271618 | AV13: 0.087645712 | AW13: 0.087645712 | AX13: 0.087645712 | AY13: 0.087645712 | AZ13: 0.088989648 | BA13: 0.083156962 | BB13: 0.032751425 | BC13: 0.090691287 | BD13: 0.15095609 | BE13: 0.063950337 | BF13: 0.083928077 | BG13: 0.066225257 | BH13: 0.043571597 | BI13: 0.12113574 | BJ13: 0.052689626 | BK13: 0.069008117 | BL13: 0.11200038 | BM13: 0.10499493 | BN13: 0.062881738 | BO13: 0.093796455
A14: 1979 | B14: 0.075037895 | C14: 0.060825233 | D14: 0.086203537 | E14: 0.10028467 | F14: 0.066519582 | G14: 0.087819111 | H14: 0.085136009 | I14: 0.07731 | J14: 0.075301733 | K14: 0.055017903 | L14: 0.075963179 | M14: 0.073317487 | N14: 0.052610498 | O14: 0.052093757 | P14: 0.063378211 | Q14: 0.080702029 | R14: 0.068472967 | S14: 0.095014709 | T14: 0.063231897 | U14: 0.063231897 | V14: 0.09521542 | W14: 0.032863914 | X14: 0.039291766 | Y14: 0.079513367 | Z14: 0.085996459 | AA14: 0.059102517 | AB14: 0.13113957 | AC14: 0.068318087 | AD14: 0.083575406 | AE14: 0.1016623 | AF14: 0.10812099 | AG14: 0.065765644 | AH14: 0.064283695 | AI14: 0.047201404 | AJ14: 0.064283695 | AK14: 0.067444263 | AL14: 0.080806852 | AM14: 0.059659966 | AN14: 0.064283695 | AO14: 0.052610855 | AP14: 0.096664301 | AQ14: 0.089479169 | AR14: 0.089479169 | AS14: 0.089479169 | AT14: 0.089479169 | AU14: 0.08909725 | AV14: 0.089479169 | AW14: 0.089479169 | AX14: 0.089479169 | AY14: 0.089479169 | AZ14: 0.085136009 | BA14: 0.079555903 | BB14: 0.027519606 | BC14: 0.087003644 | BD14: 0.13907852 | BE14: 0.061609746 | BF14: 0.080293625 | BG14: 0.067610621 | BH14: 0.04448307 | BI14: 0.12366977 | BJ14: 0.053791838 | BK14: 0.070451695 | BL14: 0.11434332 | BM14: 0.10719131 | BN14: 0.064197159 | BO14: 0.095758579
A15: 1980 | B15: 0.076296974 | C15: 0.060476004 | D15: 0.090414657 | E15: 0.090274643 | F15: 0.071200806 | G15: 0.091400013 | H15: 0.08887453 | I15: 0.079367433 | J15: 0.079333466 | K15: 0.055577189 | L15: 0.073167576 | M15: 0.071996361 | N15: 0.053274667 | O15: 0.052405853 | P15: 0.063179948 | Q15: 0.078414701 | R15: 0.067955469 | S15: 0.091672913 | T15: 0.06275401 | U15: 0.06275401 | V15: 0.10087327 | W15: 0.034519082 | X15: 0.039099707 | Y15: 0.083983254 | Z15: 0.090830797 | AA15: 0.057215182 | AB15: 0.13109416 | AC15: 0.066136468 | AD15: 0.080906571 | AE15: 0.089176097 | AF15: 0.10466834 | AG15: 0.068653567 | AH15: 0.067106542 | AI15: 0.049274128 | AJ15: 0.067106542 | AK15: 0.070405898 | AL15: 0.08435527 | AM15: 0.062279775 | AN15: 0.067106542 | AO15: 0.054511216 | AP15: 0.10015592 | AQ15: 0.092711254 | AR15: 0.092711254 | AS15: 0.092711254 | AT15: 0.092711254 | AU15: 0.09231554 | AV15: 0.092711254 | AW15: 0.092711254 | AX15: 0.092711254 | AY15: 0.092711254 | AZ15: 0.08887453 | BA15: 0.083049389 | BB15: 0.027183908 | BC15: 0.091860844 | BD15: 0.13095118 | BE15: 0.064432667 | BF15: 0.083819506 | BG15: 0.070052791 | BH15: 0.046089847 | BI15: 0.12813686 | BJ15: 0.055734858 | BK15: 0.072996487 | BL15: 0.11847352 | BM15: 0.11106318 | BN15: 0.06651603 | BO15: 0.099217484
A16: 1981 | B16: 0.079798259 | C16: 0.061343877 | D16: 0.088754748 | E16: 0.11373298 | F16: 0.073221382 | G16: 0.093509036 | H16: 0.091242833 | I16: 0.083266899 | J16: 0.082844738 | K16: 0.055307141 | L16: 0.076023277 | M16: 0.072404403 | N16: 0.053384344 | O16: 0.051103183 | P16: 0.067069675 | Q16: 0.079925977 | R16: 0.069055268 | S16: 0.093223324 | T16: 0.063769628 | U16: 0.063769628 | V16: 0.099312282 | W16: 0.035436217 | X16: 0.039340425 | Y16: 0.082700478 | Z16: 0.08944343 | AA16: 0.072745034 | AB16: 0.1740397 | AC16: 0.084087815 | AD16: 0.10286695 | AE16: 0.10434072 | AF16: 0.13307835 | AG16: 0.070483028 | AH16: 0.068894778 | AI16: 0.050587171 | AJ16: 0.068894778 | AK16: 0.072282055 | AL16: 0.086603145 | AM16: 0.063939389 | AN16: 0.068894778 | AO16: 0.055725153 | AP16: 0.10238634 | AQ16: 0.094775886 | AR16: 0.094775886 | AS16: 0.094775886 | AT16: 0.094775886 | AU16: 0.094371359 | AV16: 0.094775886 | AW16: 0.094775886 | AX16: 0.094775886 | AY16: 0.094775886 | AZ16: 0.091242833 | BA16: 0.085262465 | BB16: 0.029221579 | BC16: 0.095027514 | BD16: 0.129442 | BE16: 0.0670996 | BF16: 0.086053105 | BG16: 0.07161283 | BH16: 0.047116244 | BI16: 0.1309904 | BJ16: 0.056976045 | BK16: 0.074622081 | BL16: 0.12111187 | BM16: 0.1135365 | BN16: 0.067997308 | BO16: 0.10142701
... A60: 2025 | B60: 0.098187439 | C60: 0.11615145 | D60: 0.11469875 | E60: 0.1374471 | F60: 0.090269195 | G60: 0.098683523 | H60: 0.10582362 | I60: 0.075942877 | J60: 0.086409486 | K60: 0.099306683 | L60: 0.13187708 | M60: 0.12652461 | N60: 0.13108596 | O60: 0.11488542 | P60: 0.11682923 | Q60: 0.14247751 | R60: 0.089523744 | S60: 0.10817381 | T60: 0.1142381 | U60: 0.1142381 | V60: 0.11621889 | W60: 0.11675502 | X60: 0.092912377 | Y60: 0.10658503 | Z60: 0.11531534 | AA60: 0.1176546 | AB60: 0.14510233 | AC60: 0.088709016 | AD60: 0.14187273 | AE60: 0.13903208 | AF60: 0.13548483 | AG60: 0.08280482 | AH60: 0.091541681 | AI60: 0.058975659 | AJ60: 0.091541681 | AK60: 0.081431155 | AL60: 0.10959304 | AM60: 0.088672823 | AN60: 0.091541681 | AO60: 0.048365204 | AP60: 0.072270613 | AQ60: 0.097754167 | AR60: 0.097754167 | AS60: 0.097754167 | AT60: 0.097754167 | AU60: 0.12083982 | AV60: 0.097754167 | AW60: 0.097754167 | AX60: 0.097754167 | AY60: 0.097754167 | AZ60: 0.10582362 | BA60: 0.10439595 | BB60: 0.068428058 | BC60: 0.11276296 | BD60: 0.079860695 | BE60: 0.092330877 | BF60: 0.075304056 | BG60: 0.072026415 | BH60: 0.073601118 | BI60: 0.10762729 | BJ60: 0.06481663 | BK60: 0.079735232 | BL60: 0.14581006 | BM60: 0.1084972 | BN60: 0.075354486 | BO60: 0.093988301
A61: 2026
A62: 2027
A63: 2028
A64: 2029
A65: 2030
A66: 2031
A67: 2032
A68: 2033
A69: 2034
A70: 2035
A71: 2036
A72: 2037
... A135: 2100

Sheet O7
A1: ="Data series on A-Matrix Coefficients: Total Transport Inputs used by " & ReadMe!D1 & " Sector as Share of " & ReadMe!D1 & " Output (current price MER)." -> Data series on A-Matrix Coefficients: Total Transport Inputs used by "Manufacturing" Sector as Share of "Manufacturing" Output (current price MER).
A4: Year | B4: World | C4: Europe | D4: North America/ Oceania | E4: Latin America | F4: Middle East/North Africa | G4: Subsaharan Africa | H4: Russia/ Central Asia | I4: East Asia | J4: South & South-East Asia | K4: DE | L4: DK | M4: ES | N4: FR | O4: GB | P4: IT | Q4: NL | R4: NO | S4: SE | T4: OC | U4: QM | V4: US | W4: CA | X4: AU | Y4: NZ | Z4: OH | AA4: AR | AB4: BR | AC4: CL | AD4: CO | AE4: MX | AF4: OD | AG4: AE | AH4: DZ | AI4: EG | AJ4: IR | AK4: MA | AL4: SA | AM4: TR | AN4: OE | AO4: CD | AP4: CI | AQ4: ET | AR4: KE | AS4: ML | AT4: NE | AU4: NG | AV4: RW | AW4: SD | AX4: ZA | AY4: OJ | AZ4: RU | BA4: OA | BB4: CN | BC4: JP | BD4: KR | BE4: TW | BF4: OB | BG4: BD | BH4: IN | BI4: ID | BJ4: MM | BK4: PK | BL4: PH | BM4: TH | BN4: VN | BO4: OI
A5: 1970 | B5: 0.030989721 | C5: 0.033886821 | D5: 0.025728151 | E5: 0.028642962 | F5: 0.034764052 | G5: 0.018009905 | H5: 0.043174286 | I5: 0.024784222 | J5: 0.022139503 | K5: 0.035388818 | L5: 0.056455539 | M5: 0.027335209 | N5: 0.035589299 | O5: 0.031334464 | P5: 0.027587815 | Q5: 0.020982346 | R5: 0.058042487 | S5: 0.052373175 | T5: 0.032977771 | U5: 0.032977771 | V5: 0.026583049 | W5: 0.010764522 | X5: 0.030324826 | Y5: 0.058103097 | Z5: 0.02651935 | AA5: 0.049759826 | AB5: 0.025043837 | AC5: 0.034400216 | AD5: 0.018743349 | AE5: 0.023444091 | AF5: 0.029036232 | AG5: 0.018976557 | AH5: 0.032308913 | AI5: 0.030185375 | AJ5: 0.032308913 | AK5: 0.023778043 | AL5: 0.018484371 | AM5: 0.043611439 | AN5: 0.032308913 | AO5: 0.04739436 | AP5: 0.011707738 | AQ5: 0.024484659 | AR5: 0.024484659 | AS5: 0.024484659 | AT5: 0.024484659 | AU5: 0.0089279673 | AV5: 0.024484659 | AW5: 0.024484659 | AX5: 0.024484659 | AY5: 0.024484659 | AZ5: 0.043174286 | BA5: 0.040341873 | BB5: 0.025939962 | BC5: 0.023897135 | BD5: 0.020670706 | BE5: 0.04174592 | BF5: 0.025538413 | BG5: 0.01362215 | BH5: 0.024694135 | BI5: 0.028529696 | BJ5: 0.014458929 | BK5: 0.015013251 | BL5: 0.015527619 | BM5: 0.023145532 | BN5: 0.015812003 | BO5: 0.025036227
A6: 1971 | B6: 0.031037345 | C6: 0.033849593 | D6: 0.026689858 | E6: 0.029059108 | F6: 0.033530264 | G6: 0.018548184 | H6: 0.042743133 | I6: 0.024706795 | J6: 0.023287069 | K6: 0.036270351 | L6: 0.058493127 | M6: 0.026533518 | N6: 0.035108507 | O6: 0.03134982 | P6: 0.02851781 | Q6: 0.019108621 | R6: 0.057857142 | S6: 0.050046602 | T6: 0.032872464 | U6: 0.032872464 | V6: 0.02771945 | W6: 0.010589797 | X6: 0.030881222 | Y6: 0.060516297 | Z6: 0.02762078 | AA6: 0.049804318 | AB6: 0.025004224 | AC6: 0.034430974 | AD6: 0.018760108 | AE6: 0.023641426 | AF6: 0.029062195 | AG6: 0.018787051 | AH6: 0.031986265 | AI6: 0.029883933 | AJ6: 0.031986265 | AK6: 0.023540587 | AL6: 0.01829978 | AM6: 0.04317592 | AN6: 0.031986265 | AO6: 0.049232956 | AP6: 0.012161923 | AQ6: 0.025434506 | AR6: 0.025434506 | AS6: 0.025434506 | AT6: 0.025434506 | AU6: 0.0092743149 | AV6: 0.025434506 | AW6: 0.025434506 | AX6: 0.025434506 | AY6: 0.025434506 | AZ6: 0.042743133 | BA6: 0.039939005 | BB6: 0.024718062 | BC6: 0.024028943 | BD6: 0.019756153 | BE6: 0.042875152 | BF6: 0.025283378 | BG6: 0.014150601 | BH6: 0.025652108 | BI6: 0.029636464 | BJ6: 0.015019843 | BK6: 0.015595669 | BL6: 0.016129991 | BM6: 0.024043429 | BN6: 0.016425407 | BO6: 0.026007471
A7: 1972 | B7: 0.031197239 | C7: 0.03472614 | D7: 0.026773638 | E7: 0.031452338 | F7: 0.033074586 | G7: 0.0181348 | H7: 0.042189219 | I7: 0.024094867 | J7: 0.023567194 | K7: 0.037652166 | L7: 0.058087582 | M7: 0.026367035 | N7: 0.035402034 | O7: 0.03178346 | P7: 0.029888102 | Q7: 0.019551331 | R7: 0.060141522 | S7: 0.054922424 | T7: 0.034170372 | U7: 0.034170372 | V7: 0.027732517 | W7: 0.01106595 | X7: 0.031893569 | Y7: 0.06072935 | Z7: 0.027718022 | AA7: 0.051882955 | AB7: 0.025557089 | AC7: 0.035867988 | AD7: 0.019543081 | AE7: 0.025306893 | AF7: 0.030275137 | AG7: 0.018543587 | AH7: 0.031571751 | AI7: 0.029496663 | AJ7: 0.031571751 | AK7: 0.023235522 | AL7: 0.018062631 | AM7: 0.042616397 | AN7: 0.031571751 | AO7: 0.049410015 | AP7: 0.012205662 | AQ7: 0.025525978 | AR7: 0.025525978 | AS7: 0.025525978 | AT7: 0.025525978 | AU7: 0.0093076687 | AV7: 0.025525978 | AW7: 0.025525978 | AX7: 0.025525978 | AY7: 0.025525978 | AZ7: 0.042189219 | BA7: 0.039421431 | BB7: 0.027192181 | BC7: 0.022710219 | BD7: 0.020541615 | BE7: 0.037409161 | BF7: 0.024955727 | BG7: 0.014201492 | BH7: 0.025744363 | BI7: 0.029743048 | BJ7: 0.015073859 | BK7: 0.015651757 | BL7: 0.016188 | BM7: 0.024129898 | BN7: 0.016484479 | BO7: 0.026101003
A8: 1973 | B8: 0.03056241 | C8: 0.03505123 | D8: 0.025913939 | E8: 0.031523868 | F8: 0.031464624 | G8: 0.015964318 | H8: 0.04078704 | I8: 0.023214116 | J8: 0.020023618 | K8: 0.038072988 | L8: 0.059971153 | M8: 0.026061531 | N8: 0.036876574 | O8: 0.032939653 | P8: 0.026636708 | Q8: 0.018770104 | R8: 0.060625416 | S8: 0.056619096 | T8: 0.034445304 | U8: 0.034445304 | V8: 0.026629395 | W8: 0.011034229 | X8: 0.03199993 | Y8: 0.058895931 | Z8: 0.026881215 | AA8: 0.049826875 | AB8: 0.024088822 | AC8: 0.034446569 | AD8: 0.018768605 | AE8: 0.024807405 | AF8: 0.029075357 | AG8: 0.017927282 | AH8: 0.030522448 | AI8: 0.028516328 | AJ8: 0.030522448 | AK8: 0.022463278 | AL8: 0.017462311 | AM8: 0.041200021 | AN8: 0.030522448 | AO8: 0.042044429 | AP8: 0.010386155 | AQ8: 0.021720802 | AR8: 0.021720802 | AS8: 0.021720802 | AT8: 0.021720802 | AU8: 0.0079201679 | AV8: 0.021720802 | AW8: 0.021720802 | AX8: 0.021720802 | AY8: 0.021720802 | AZ8: 0.04078704 | BA8: 0.038111241 | BB8: 0.027726316 | BC8: 0.02160346 | BD8: 0.01916997 | BE8: 0.035214396 | BF8: 0.024126311 | BG8: 0.012084465 | BH8: 0.021906632 | BI8: 0.02530923 | BJ8: 0.012826788 | BK8: 0.013318538 | BL8: 0.013774843 | BM8: 0.020532837 | BN8: 0.014027126 | BO8: 0.022210108
A9: 1974 | B9: 0.029605985 | C9: 0.035171789 | D9: 0.025403169 | E9: 0.030545519 | F9: 0.027906884 | G9: 0.014519862 | H9: 0.03873275 | I9: 0.02228994 | J9: 0.019442678 | K9: 0.03798489 | L9: 0.066189255 | M9: 0.027969172 | N9: 0.035293735 | O9: 0.036267136 | P9: 0.027464964 | Q9: 0.017651081 | R9: 0.060389228 | S9: 0.050383384 | T9: 0.03431111 | U9: 0.03431111 | V9: 0.026106391 | W9: 0.011116284 | X9: 0.031885733 | Y9: 0.057845936 | Z9: 0.026401977 | AA9: 0.048695682 | AB9: 0.023809619 | AC9: 0.033664547 | AD9: 0.018342511 | AE9: 0.02321909 | AF9: 0.028415275 | AG9: 0.017024352 | AH9: 0.028985148 | AI9: 0.027080067 | AJ9: 0.028985148 | AK9: 0.021331887 | AL9: 0.0165828 | AM9: 0.039124931 | AN9: 0.028985148 | AO9: 0.040891411 | AP9: 0.010101327 | AQ9: 0.021125135 | AR9: 0.021125135 | AS9: 0.021125135 | AT9: 0.021125135 | AU9: 0.0077029667 | AV9: 0.021125135 | AW9: 0.021125135 | AX9: 0.021125135 | AY9: 0.021125135 | AZ9: 0.03873275 | BA9: 0.036191721 | BB9: 0.026314106 | BC9: 0.020657105 | BD9: 0.020550889 | BE9: 0.039505853 | BF9: 0.02291116 | BG9: 0.011753063 | BH9: 0.021305869 | BI9: 0.024615155 | BJ9: 0.012475029 | BK9: 0.012953293 | BL9: 0.013397085 | BM9: 0.019969748 | BN9: 0.013642449 | BO9: 0.021601022
A10: 1975 | B10: 0.029632664 | C10: 0.036173794 | D10: 0.024239219 | E10: 0.029309476 | F10: 0.027574298 | G10: 0.015448666 | H10: 0.037564459 | I10: 0.021800143 | J10: 0.021806373 | K10: 0.03779004 | L10: 0.064565207 | M10: 0.032841357 | N10: 0.036892444 | O10: 0.037466227 | P10: 0.031400415 | Q10: 0.016828859 | R10: 0.061351246 | S10: 0.047022728 | T10: 0.034857696 | U10: 0.034857696 | V10: 0.024379359 | W10: 0.011217703 | X10: 0.035487227 | Y10: 0.055713213 | Z10: 0.025428562 | AA10: 0.053111435 | AB10: 0.025558776 | AC10: 0.036717267 | AD10: 0.020005821 | AE10: 0.02668263 | AF10: 0.030991989 | AG10: 0.016510848 | AH10: 0.028110872 | AI10: 0.026263254 | AJ10: 0.028110872 | AK10: 0.020688456 | AL10: 0.016082614 | AM10: 0.03794481 | AN10: 0.028110872 | AO10: 0.045519144 | AP10: 0.011244507 | AQ10: 0.023515893 | AR10: 0.023515893 | AS10: 0.023515893 | AT10: 0.023515893 | AU10: 0.0085747212 | AV10: 0.023515893 | AW10: 0.023515893 | AX10: 0.023515893 | AY10: 0.023515893 | AZ10: 0.037564459 | BA10: 0.035100074 | BB10: 0.023810194 | BC10: 0.020379595 | BD10: 0.020811909 | BE10: 0.041527104 | BF10: 0.022220093 | BG10: 0.013083172 | BH10: 0.023717081 | BI10: 0.027400883 | BJ10: 0.013886844 | BK10: 0.014419234 | BL10: 0.01491325 | BM10: 0.02222975 | BN10: 0.015186382 | BO10: 0.024045637
A11: 1976 | B11: 0.028838524 | C11: 0.035946074 | D11: 0.02244753 | E11: 0.033670266 | F11: 0.026164118 | G11: 0.016417803 | H11: 0.036242885 | I11: 0.021258765 | J11: 0.024537318 | K11: 0.037367334 | L11: 0.064432455 | M11: 0.034223224 | N11: 0.03578676 | O11: 0.037732232 | P11: 0.029333525 | Q11: 0.018469403 | R11: 0.060633276 | S11: 0.046973591 | T11: 0.03444977 | U11: 0.03444977 | V11: 0.022351622 | W11: 0.01131278 | X11: 0.036102781 | Y11: 0.051864284 | Z11: 0.023671838 | AA11: 0.060195824 | AB11: 0.029106462 | AC11: 0.041614883 | AD11: 0.022674342 | AE11: 0.028873007 | AF11: 0.035125925 | AG11: 0.015929972 | AH11: 0.027121889 | AI11: 0.025339274 | AJ11: 0.027121889 | AK11: 0.019960605 | AL11: 0.015516804 | AM11: 0.036609855 | AN11: 0.027121889 | AO11: 0.051108083 | AP11: 0.012625132 | AQ11: 0.026403226 | AR11: 0.026403226 | AS11: 0.026403226 | AT11: 0.026403226 | AU11: 0.0096275442 | AV11: 0.026403226 | AW11: 0.026403226 | AX11: 0.026403226 | AY11: 0.026403226 | AZ11: 0.036242885 | BA11: 0.033865201 | BB11: 0.022962922 | BC11: 0.019863098 | BD11: 0.019754843 | BE11: 0.041361237 | BF11: 0.021438357 | BG11: 0.014689553 | BH11: 0.026629116 | BI11: 0.030765223 | BJ11: 0.015591901 | BK11: 0.016189659 | BL11: 0.016744331 | BM11: 0.024959167 | BN11: 0.017050999 | BO11: 0.026998013
A12: 1977 | B12: 0.029226084 | C12: 0.03625782 | D12: 0.022033773 | E12: 0.034301709 | F12: 0.027523953 | G12: 0.016414582 | H12: 0.038257338 | I12: 0.022667807 | J12: 0.02450055 | K12: 0.037957235 | L12: 0.06751716 | M12: 0.03396859 | N12: 0.035209949 | O12: 0.037017985 | P12: 0.031976123 | Q12: 0.017738613 | R12: 0.060835105 | S12: 0.049598401 | T12: 0.034564442 | U12: 0.034564442 | V12: 0.0219394 | W12: 0.011614733 | X12: 0.034865886 | Y12: 0.050242535 | Z12: 0.022931641 | AA12: 0.063616007 | AB12: 0.030924955 | AC12: 0.043979341 | AD12: 0.023962644 | AE12: 0.028035591 | AF12: 0.037121696 | AG12: 0.016815392 | AH12: 0.028629379 | AI12: 0.026747682 | AJ12: 0.028629379 | AK12: 0.021070056 | AL12: 0.01637926 | AM12: 0.038644705 | AN12: 0.028629379 | AO12: 0.050775557 | AP12: 0.012542989 | AQ12: 0.026231437 | AR12: 0.026231437 | AS12: 0.026231437 | AT12: 0.026231437 | AU12: 0.0095649042 | AV12: 0.026231437 | AW12: 0.026231437 | AX12: 0.026231437 | AY12: 0.026231437 | AZ12: 0.038257338 | BA12: 0.035747497 | BB12: 0.025086525 | BC12: 0.020762361 | BD12: 0.021157665 | BE12: 0.043590986 | BF12: 0.022629944 | BG12: 0.014593978 | BH12: 0.026455858 | BI12: 0.030565054 | BJ12: 0.015490455 | BK12: 0.016084323 | BL12: 0.016635387 | BM12: 0.024796774 | BN12: 0.016940059 | BO12: 0.026822355
A13: 1978 | B13: 0.02921297 | C13: 0.036546495 | D13: 0.022201004 | E13: 0.035527415 | F13: 0.027238503 | G13: 0.016643303 | H13: 0.037682792 | I13: 0.022429585 | J13: 0.024132239 | K13: 0.038142197 | L13: 0.068039519 | M13: 0.033620803 | N13: 0.036581655 | O13: 0.036303482 | P13: 0.033260284 | Q13: 0.017484927 | R13: 0.061692634 | S13: 0.050006849 | T13: 0.035051661 | U13: 0.035051661 | V13: 0.022288619 | W13: 0.011926542 | X13: 0.033890595 | Y13: 0.050606896 | Z13: 0.023097942 | AA13: 0.06635144 | AB13: 0.032483268 | AC13: 0.045870415 | AD13: 0.024993017 | AE13: 0.028265728 | AF13: 0.038717897 | AG13: 0.01656286 | AH13: 0.028199425 | AI13: 0.026345988 | AJ13: 0.028199425 | AK13: 0.020753628 | AL13: 0.016133277 | AM13: 0.038064342 | AN13: 0.028199425 | AO13: 0.049875549 | AP13: 0.012320661 | AQ13: 0.025766479 | AR13: 0.025766479 | AS13: 0.025766479 | AT13: 0.025766479 | AU13: 0.0093953641 | AV13: 0.025766479 | AW13: 0.025766479 | AX13: 0.025766479 | AY13: 0.025766479 | AZ13: 0.037682792 | BA13: 0.035210644 | BB13: 0.024381999 | BC13: 0.020628493 | BD13: 0.021278029 | BE13: 0.044457574 | BF13: 0.02229009 | BG13: 0.014335296 | BH13: 0.025986922 | BI13: 0.030023282 | BJ13: 0.015215883 | BK13: 0.015799225 | BL13: 0.016340521 | BM13: 0.024357246 | BN13: 0.016639793 | BO13: 0.026346923
A14: 1979 | B14: 0.028968779 | C14: 0.037210764 | D14: 0.021196386 | E14: 0.036834185 | F14: 0.025536196 | G14: 0.015559181 | H14: 0.035304919 | I14: 0.021219295 | J14: 0.022787945 | K14: 0.037875805 | L14: 0.07395435 | M14: 0.034015938 | N14: 0.037894519 | O14: 0.040188144 | P14: 0.033432505 | Q14: 0.017091471 | R14: 0.062467808 | S14: 0.048034507 | T14: 0.035492089 | U14: 0.035492089 | V14: 0.021015743 | W14: 0.012248528 | X14: 0.032880612 | Y14: 0.048008376 | Z14: 0.021911929 | AA14: 0.067956283 | AB14: 0.033847912 | AC14: 0.046979883 | AD14: 0.025597524 | AE14: 0.026781637 | AF14: 0.039654367 | AG14: 0.015517705 | AH14: 0.026419975 | AI14: 0.024683494 | AJ14: 0.026419975 | AK14: 0.019444025 | AL14: 0.015115229 | AM14: 0.035662392 | AN14: 0.026419975 | AO14: 0.047429786 | AP14: 0.011716489 | AQ14: 0.02450296 | AR14: 0.02450296 | AS14: 0.02450296 | AT14: 0.02450296 | AU14: 0.0089346407 | AV14: 0.02450296 | AW14: 0.02450296 | AX14: 0.02450296 | AY14: 0.02450296 | AZ14: 0.035304919 | BA14: 0.03298877 | BB14: 0.022048886 | BC14: 0.019556571 | BD14: 0.022068926 | BE14: 0.041354995 | BF14: 0.020883533 | BG14: 0.013632332 | BH14: 0.024712593 | BI14: 0.028551021 | BJ14: 0.014469737 | BK14: 0.015024473 | BL14: 0.015539226 | BM14: 0.023162832 | BN14: 0.015823822 | BO14: 0.025054941
A15: 1980 | B15: 0.029371269 | C15: 0.0370513 | D15: 0.021692021 | E15: 0.035012263 | F15: 0.025320173 | G15: 0.01431351 | H15: 0.038042059 | I15: 0.022910416 | J15: 0.021465855 | K15: 0.03735321 | L15: 0.07176517 | M15: 0.036072298 | N15: 0.039639308 | O15: 0.038084663 | P15: 0.033485629 | Q15: 0.016833338 | R15: 0.062546389 | S15: 0.047278299 | T15: 0.035536736 | U15: 0.035536736 | V15: 0.021670129 | W15: 0.012898616 | X15: 0.030017569 | Y15: 0.048719865 | Z15: 0.022236666 | AA15: 0.064494948 | AB15: 0.03298001 | AC15: 0.044586975 | AD15: 0.024293721 | AE15: 0.02418148 | AF15: 0.037634582 | AG15: 0.01672077 | AH15: 0.028468278 | AI15: 0.02659717 | AJ15: 0.028468278 | AK15: 0.020951492 | AL15: 0.016287091 | AM15: 0.038427246 | AN15: 0.028468278 | AO15: 0.044105615 | AP15: 0.010895326 | AQ15: 0.022785642 | AR15: 0.022785642 | AS15: 0.022785642 | AT15: 0.022785642 | AU15: 0.0083084461 | AV15: 0.022785642 | AW15: 0.022785642 | AX15: 0.022785642 | AY15: 0.022785642 | AZ15: 0.038042059 | BA15: 0.035546342 | BB15: 0.021652741 | BC15: 0.021720026 | BD15: 0.024175817 | BE15: 0.042057672 | BF15: 0.022502603 | BG15: 0.012676894 | BH15: 0.022980583 | BI15: 0.02654999 | BJ15: 0.013455609 | BK15: 0.013971466 | BL15: 0.014450141 | BM15: 0.021539439 | BN15: 0.014714791 | BO15: 0.023298936
A16: 1981 | B16: 0.028968663 | C16: 0.037928039 | D16: 0.020300105 | E16: 0.027218899 | F16: 0.027107941 | G16: 0.01529214 | H16: 0.041070668 | I16: 0.024801323 | J16: 0.02260676 | K16: 0.036901543 | L16: 0.074123071 | M16: 0.03825722 | N16: 0.039732009 | O16: 0.040544793 | P16: 0.03709656 | Q16: 0.01625378 | R16: 0.063861928 | S16: 0.045215373 | T16: 0.03628418 | U16: 0.03628418 | V16: 0.020080845 | W16: 0.01383755 | X16: 0.028383911 | Y16: 0.045345044 | Z16: 0.020696334 | AA16: 0.042930719 | AB16: 0.015521085 | AC16: 0.029679083 | AD16: 0.016170986 | AE16: 0.028533448 | AF16: 0.02505126 | AG16: 0.018051946 | AH16: 0.030734698 | AI16: 0.028714627 | AJ16: 0.030734698 | AK16: 0.022619485 | AL16: 0.017583741 | AM16: 0.041486521 | AN16: 0.030734698 | AO16: 0.046154413 | AP16: 0.011401436 | AQ16: 0.023844083 | AR16: 0.023844083 | AS16: 0.023844083 | AT16: 0.023844083 | AU16: 0.0086943909 | AV16: 0.023844083 | AW16: 0.023844083 | AX16: 0.023844083 | AY16: 0.023844083 | AZ16: 0.041070668 | BA16: 0.038376262 | BB16: 0.022851656 | BC16: 0.023705345 | BD16: 0.024662577 | BE16: 0.043261966 | BF16: 0.024294083 | BG16: 0.013265762 | BH16: 0.024048079 | BI16: 0.027783292 | BJ16: 0.01408065 | BK16: 0.01462047 | BL16: 0.015121381 | BM16: 0.022539991 | BN16: 0.015398324 | BO16: 0.024381221
... A60: 2025 | B60: 0.034377088 | C60: 0.038094444 | D60: 0.031271763 | E60: 0.038320784 | F60: 0.038479492 | G60: 0.024688581 | H60: 0.042231379 | I60: 0.032966032 | J60: 0.031164801 | K60: 0.035858815 | L60: 0.10605425 | M60: 0.035558083 | N60: 0.040757627 | O60: 0.037583473 | P60: 0.035433645 | Q60: 0.021736859 | R60: 0.041425484 | S60: 0.036639325 | T60: 0.036733667 | U60: 0.036733667 | V60: 0.028201019 | W60: 0.038245473 | X60: 0.054055842 | Y60: 0.043374129 | Z60: 0.030131291 | AA60: 0.035652969 | AB60: 0.039047039 | AC60: 0.048656876 | AD60: 0.025491935 | AE60: 0.03867514 | AF60: 0.038154194 | AG60: 0.016041877 | AH60: 0.036022722 | AI60: 0.031056836 | AJ60: 0.036022722 | AK60: 0.022246068 | AL60: 0.024672787 | AM60: 0.050179405 | AN60: 0.036022722 | AO60: 0.034227936 | AP60: 0.027159538 | AQ60: 0.025234064 | AR60: 0.025234064 | AS60: 0.025234064 | AT60: 0.025234064 | AU60: 0.019459246 | AV60: 0.025234064 | AW60: 0.025234064 | AX60: 0.025234064 | AY60: 0.025234064 | AZ60: 0.042231379 | BA60: 0.042501263 | BB60: 0.034087723 | BC60: 0.029897293 | BD60: 0.034485023 | BE60: 0.018589444 | BF60: 0.033164347 | BG60: 0.023274141 | BH60: 0.037054893 | BI60: 0.022490875 | BJ60: 0.025074563 | BK60: 0.026964975 | BL60: 0.031976557 | BM60: 0.027483925 | BN60: 0.026933665 | BO60: 0.032350163
A61: 2026
A62: 2027
A63: 2028
A64: 2029
A65: 2030
A66: 2031
A67: 2032
A68: 2033
A69: 2034
A70: 2035
A71: 2036
A72: 2037
... A135: 2100

Sheet O8
A1: ="Data series on A-Matrix Coefficients: Total Other Services Inputs used by " & ReadMe!D1 & " Sector as Share of " & ReadMe!D1 & " Output (current price MER)." -> Data series on A-Matrix Coefficients: Total Other Services Inputs used by "Manufacturing" Sector as Share of "Manufacturing" Output (current price MER).
A4: Year | B4: World | C4: Europe | D4: North America/ Oceania | E4: Latin America | F4: Middle East/North Africa | G4: Subsaharan Africa | H4: Russia/ Central Asia | I4: East Asia | J4: South & South-East Asia | K4: DE | L4: DK | M4: ES | N4: FR | O4: GB | P4: IT | Q4: NL | R4: NO | S4: SE | T4: OC | U4: QM | V4: US | W4: CA | X4: AU | Y4: NZ | Z4: OH | AA4: AR | AB4: BR | AC4: CL | AD4: CO | AE4: MX | AF4: OD | AG4: AE | AH4: DZ | AI4: EG | AJ4: IR | AK4: MA | AL4: SA | AM4: TR | AN4: OE | AO4: CD | AP4: CI | AQ4: ET | AR4: KE | AS4: ML | AT4: NE | AU4: NG | AV4: RW | AW4: SD | AX4: ZA | AY4: OJ | AZ4: RU | BA4: OA | BB4: CN | BC4: JP | BD4: KR | BE4: TW | BF4: OB | BG4: BD | BH4: IN | BI4: ID | BJ4: MM | BK4: PK | BL4: PH | BM4: TH | BN4: VN | BO4: OI
A5: 1970 | B5: 0.037619178 | C5: 0.032398218 | D5: 0.053770496 | E5: 0.018656044 | F5: 0.019009137 | G5: 0.03291315 | H5: 0.048053933 | I5: 0.016818449 | J5: 0.021428351 | K5: 0.027977666 | L5: 0.027775762 | M5: 0.025666316 | N5: 0.049847015 | O5: 0.020020651 | P5: 0.041732473 | Q5: 0.028792461 | R5: 0.020825967 | S5: 0.043591122 | T5: 0.033681576 | U5: 0.033681576 | V5: 0.057853128 | W5: 0.035209616 | X5: 0.016406797 | Y5: 0.035207046 | Z5: 0.055653137 | AA5: 0.017664615 | AB5: 0.018838196 | AC5: 0.052417852 | AD5: 0.014376069 | AE5: 0.014715687 | AF5: 0.01814277 | AG5: 0.013556939 | AH5: 0.023656946 | AI5: 0.012236048 | AJ5: 0.023656946 | AK5: 0.023384911 | AL5: 0.010074098 | AM5: 0.019002617 | AN5: 0.023656946 | AO5: 0.015338306 | AP5: 0.04884441 | AQ5: 0.043318696 | AR5: 0.043318696 | AS5: 0.043318696 | AT5: 0.043318696 | AU5: 0.025121453 | AV5: 0.043318696 | AW5: 0.043318696 | AX5: 0.043318696 | AY5: 0.043318696 | AZ5: 0.048053933 | BA5: 0.035240753 | BB5: 0.014027087 | BC5: 0.017989384 | BD5: 0.011224651 | BE5: 0.014248911 | BF5: 0.017949263 | BG5: 0.0108922 | BH5: 0.022756814 | BI5: 0.022271801 | BJ5: 0.010102233 | BK5: 0.017985682 | BL5: 0.012087478 | BM5: 0.045330708 | BN5: 0.006967016 | BO5: 0.031382125
A6: 1971 | B6: 0.039125971 | C6: 0.034182723 | D6: 0.053574163 | E6: 0.020292599 | F6: 0.021382675 | G6: 0.033818799 | H6: 0.054282571 | I6: 0.018640525 | J6: 0.022342361 | K6: 0.03063382 | L6: 0.030181071 | M6: 0.026188347 | N6: 0.051638213 | O6: 0.020802984 | P6: 0.044206371 | Q6: 0.02965692 | R6: 0.021849508 | S6: 0.044577257 | T6: 0.035336935 | U6: 0.035336935 | V6: 0.057816485 | W6: 0.036136977 | X6: 0.014869885 | Y6: 0.035368356 | Z6: 0.055908126 | AA6: 0.018926243 | AB6: 0.019251111 | AC6: 0.056161599 | AD6: 0.015402826 | AE6: 0.016406091 | AF6: 0.019438549 | AG6: 0.015314158 | AH6: 0.026723304 | AI6: 0.013822056 | AJ6: 0.026723304 | AK6: 0.026416008 | AL6: 0.011379879 | AM6: 0.021465692 | AN6: 0.026723304 | AO6: 0.015848458 | AP6: 0.050468976 | AQ6: 0.044759477 | AR6: 0.044759477 | AS6: 0.044759477 | AT6: 0.044759477 | AU6: 0.025956993 | AV6: 0.044759477 | AW6: 0.044759477 | AX6: 0.044759477 | AY6: 0.044759477 | AZ6: 0.054282571 | BA6: 0.039808577 | BB6: 0.014662107 | BC6: 0.020413671 | BD6: 0.011230385 | BE6: 0.014141858 | BF6: 0.020275804 | BG6: 0.011254474 | BH6: 0.023513706 | BI6: 0.023012561 | BJ6: 0.010438234 | BK6: 0.018583886 | BL6: 0.012489508 | BM6: 0.046838409 | BN6: 0.007198739 | BO6: 0.032425895
A7: 1972 | B7: 0.039557522 | C7: 0.035698005 | D7: 0.052013849 | E7: 0.021259755 | F7: 0.023352275 | G7: 0.032692358 | H7: 0.059070075 | I7: 0.019012617 | J7: 0.022029662 | K7: 0.032136727 | L7: 0.03131829 | M7: 0.02524139 | N7: 0.052969693 | O7: 0.021256751 | P7: 0.046910776 | Q7: 0.030881354 | R7: 0.022804063 | S7: 0.047698018 | T7: 0.036880726 | U7: 0.036880726 | V7: 0.056192578 | W7: 0.035385029 | X7: 0.014484092 | Y7: 0.034433618 | Z7: 0.05443055 | AA7: 0.019903579 | AB7: 0.01907866 | AC7: 0.05906174 | AD7: 0.016198215 | AE7: 0.018167959 | AF7: 0.02044234 | AG7: 0.016664805 | AH7: 0.029080191 | AI7: 0.015041105 | AJ7: 0.029080191 | AK7: 0.028745794 | AL7: 0.012383538 | AM7: 0.02335888 | AN7: 0.029080191 | AO7: 0.015514229 | AP7: 0.049404634 | AQ7: 0.043815542 | AR7: 0.043815542 | AS7: 0.043815542 | AT7: 0.043815542 | AU7: 0.025409585 | AV7: 0.043815542 | AW7: 0.043815542 | AX7: 0.043815542 | AY7: 0.043815542 | AZ7: 0.059070075 | BA7: 0.043319533 | BB7: 0.011085071 | BC7: 0.021923544 | BD7: 0.010541874 | BE7: 0.013436237 | BF7: 0.022064049 | BG7: 0.011017128 | BH7: 0.023017825 | BI7: 0.022527248 | BJ7: 0.010218101 | BK7: 0.01819197 | BL7: 0.012226116 | BM7: 0.045850631 | BN7: 0.0070469245 | BO7: 0.031742064
A8: 1973 | B8: 0.039480779 | C8: 0.03677957 | D8: 0.053746397 | E8: 0.021073334 | F8: 0.023434378 | G8: 0.031106508 | H8: 0.059365883 | I8: 0.018929261 | J8: 0.020650785 | K8: 0.033527611 | L8: 0.032950819 | M8: 0.025680436 | N8: 0.055348033 | O8: 0.023600084 | P8: 0.043676401 | Q8: 0.032421997 | R8: 0.023538576 | S8: 0.046172413 | T8: 0.038068644 | U8: 0.038068644 | V8: 0.059132252 | W8: 0.033895167 | X8: 0.013391733 | Y8: 0.03563168 | Z8: 0.056324373 | AA8: 0.019445939 | AB8: 0.01817681 | AC8: 0.057703743 | AD8: 0.015825773 | AE8: 0.018475044 | AF8: 0.019972313 | AG8: 0.016748258 | AH8: 0.029225818 | AI8: 0.015116427 | AJ8: 0.029225818 | AK8: 0.028889745 | AL8: 0.012445552 | AM8: 0.023475855 | AN8: 0.029225818 | AO8: 0.014482387 | AP8: 0.046118761 | AQ8: 0.040901396 | AR8: 0.040901396 | AS8: 0.040901396 | AT8: 0.040901396 | AU8: 0.023719608 | AV8: 0.040901396 | AW8: 0.040901396 | AX8: 0.040901396 | AY8: 0.040901396 | AZ8: 0.059365883 | BA8: 0.043536466 | BB8: 0.010078581 | BC8: 0.021821189 | BD8: 0.0094300433 | BE8: 0.01359787 | BF8: 0.02217454 | BG8: 0.010284386 | BH8: 0.021486923 | BI8: 0.021028974 | BJ8: 0.0095385014 | BK8: 0.016982033 | BL8: 0.011412964 | BM8: 0.042801133 | BN8: 0.0065782377 | BO8: 0.029630918
A9: 1974 | B9: 0.037573278 | C9: 0.03675632 | D9: 0.050406657 | E9: 0.018845981 | F9: 0.022469024 | G9: 0.025012354 | H9: 0.060212712 | I9: 0.019453715 | J9: 0.017046838 | K9: 0.033563149 | L9: 0.034585156 | M9: 0.025203828 | N9: 0.056073304 | O9: 0.026238085 | P9: 0.041442347 | Q9: 0.033585887 | R9: 0.023267258 | S9: 0.039132321 | T9: 0.037629845 | U9: 0.037629845 | V9: 0.055851679 | W9: 0.03139622 | X9: 0.012798592 | Y9: 0.033639487 | Z9: 0.053175236 | AA9: 0.017927945 | AB9: 0.017444141 | AC9: 0.053199256 | AD9: 0.014590376 | AE9: 0.016630967 | AF9: 0.018413228 | AG9: 0.016987164 | AH9: 0.029642711 | AI9: 0.015332057 | AJ9: 0.029642711 | AK9: 0.029301845 | AL9: 0.012623082 | AM9: 0.023810728 | AN9: 0.029642711 | AO9: 0.012005023 | AP9: 0.038229663 | AQ9: 0.033904783 | AR9: 0.033904783 | AS9: 0.033904783 | AT9: 0.033904783 | AU9: 0.01966212 | AV9: 0.033904783 | AW9: 0.033904783 | AX9: 0.033904783 | AY9: 0.033904783 | AZ9: 0.060212712 | BA9: 0.044157495 | BB9: 0.010678757 | BC9: 0.022125904 | BD9: 0.010124094 | BE9: 0.015566014 | BF9: 0.02249085 | BG9: 0.0085251336 | BH9: 0.017811359 | BI9: 0.017431747 | BJ9: 0.0079068406 | BK9: 0.014077078 | BL9: 0.009460657 | BM9: 0.03547955 | BN9: 0.0054529611 | BO9: 0.024562239
A10: 1975 | B10: 0.039769926 | C10: 0.038778394 | D10: 0.054833414 | E10: 0.019554637 | F10: 0.023418887 | G10: 0.026427876 | H10: 0.061836961 | I10: 0.019651437 | J10: 0.018550142 | K10: 0.034719575 | L10: 0.034388026 | M10: 0.030574282 | N10: 0.057781022 | O10: 0.022760223 | P10: 0.048551442 | Q10: 0.036892446 | R10: 0.024452584 | S10: 0.042400033 | T10: 0.039546858 | U10: 0.039546858 | V10: 0.061357978 | W10: 0.032759152 | X10: 0.010493986 | Y10: 0.036676608 | Z10: 0.05797613 | AA10: 0.01968161 | AB10: 0.019547095 | AC10: 0.058403069 | AD10: 0.016017569 | AE10: 0.017988589 | AF10: 0.020214362 | AG10: 0.017445396 | AH10: 0.030442329 | AI10: 0.015745642 | AJ10: 0.030442329 | AK10: 0.030092268 | AL10: 0.012963592 | AM10: 0.024453027 | AN10: 0.030442329 | AO10: 0.01291842 | AP10: 0.04113835 | AQ10: 0.036484414 | AR10: 0.036484414 | AS10: 0.036484414 | AT10: 0.036484414 | AU10: 0.021158104 | AV10: 0.036484414 | AW10: 0.036484414 | AX10: 0.036484414 | AY10: 0.036484414 | AZ10: 0.061836961 | BA10: 0.045348652 | BB10: 0.010662926 | BC10: 0.023040162 | BD10: 0.010673308 | BE10: 0.016820961 | BF10: 0.023097545 | BG10: 0.0091737646 | BH10: 0.019166529 | BI10: 0.018758034 | BJ10: 0.0085084291 | BK10: 0.015148126 | BL10: 0.010180467 | BM10: 0.038178996 | BN10: 0.0058678473 | BO10: 0.026431046
A11: 1976 | B11: 0.038164147 | C11: 0.038973923 | D11: 0.050145479 | E11: 0.020621799 | F11: 0.022176873 | G11: 0.026772012 | H11: 0.059381962 | I11: 0.019277806 | J11: 0.019287046 | K11: 0.03505915 | L11: 0.035829652 | M11: 0.031197144 | N11: 0.05827223 | O11: 0.023501147 | P11: 0.044562842 | Q11: 0.038359719 | R11: 0.024602069 | S11: 0.041588395 | T11: 0.039788619 | U11: 0.039788619 | V11: 0.05535282 | W11: 0.034720897 | X11: 0.0096298018 | Y11: 0.034019757 | Z11: 0.053776344 | AA11: 0.02027898 | AB11: 0.020486924 | AC11: 0.060175703 | AD11: 0.01650373 | AE11: 0.018576529 | AF11: 0.020827903 | AG11: 0.016752794 | AH11: 0.029233734 | AI11: 0.015120522 | AJ11: 0.029233734 | AK11: 0.02889757 | AL11: 0.012448923 | AM11: 0.023482213 | AN11: 0.029233734 | AO11: 0.013326681 | AP11: 0.042438447 | AQ11: 0.037637433 | AR11: 0.037637433 | AS11: 0.037637433 | AT11: 0.037637433 | AU11: 0.021826765 | AV11: 0.037637433 | AW11: 0.037637433 | AX11: 0.037637433 | AY11: 0.037637433 | AZ11: 0.059381962 | BA11: 0.043548259 | BB11: 0.01095594 | BC11: 0.021954497 | BD11: 0.011995502 | BE11: 0.017317972 | BF11: 0.022180546 | BG11: 0.0094636836 | BH11: 0.01977225 | BI11: 0.019350845 | BJ11: 0.0087773215 | BK11: 0.015626853 | BL11: 0.010502201 | BM11: 0.039385569 | BN11: 0.0060532892 | BO11: 0.027266348
A12: 1977 | B12: 0.038078928 | C12: 0.039437043 | D12: 0.049334094 | E12: 0.020344261 | F12: 0.022882038 | G12: 0.0257154 | H12: 0.061258166 | I12: 0.019876823 | J12: 0.018638988 | K12: 0.03579654 | L12: 0.037342562 | M12: 0.032981047 | N12: 0.058387326 | O12: 0.023705102 | P12: 0.045552307 | Q12: 0.040320533 | R12: 0.024790984 | S12: 0.041946343 | T12: 0.040094148 | U12: 0.040094148 | V12: 0.053630431 | W12: 0.036711162 | X12: 0.0097820724 | Y12: 0.033402101 | Z12: 0.052799991 | AA12: 0.019718698 | AB12: 0.021524691 | AC12: 0.058513124 | AD12: 0.016047752 | AE12: 0.016384262 | AF12: 0.020252454 | AG12: 0.017282107 | AH12: 0.030157389 | AI12: 0.015598262 | AJ12: 0.030157389 | AK12: 0.029810604 | AL12: 0.012842253 | AM12: 0.024224146 | AN12: 0.030157389 | AO12: 0.012817341 | AP12: 0.040816469 | AQ12: 0.036198947 | AR12: 0.036198947 | AS12: 0.036198947 | AT12: 0.036198947 | AU12: 0.020992555 | AV12: 0.036198947 | AW12: 0.036198947 | AX12: 0.036198947 | AY12: 0.036198947 | AZ12: 0.061258166 | BA12: 0.044924188 | BB12: 0.010880513 | BC12: 0.02266993 | BD12: 0.013986635 | BE12: 0.017705689 | BF12: 0.022881352 | BG12: 0.0091019858 | BH12: 0.019016563 | BI12: 0.018611265 | BJ12: 0.0084418561 | BK12: 0.015029602 | BL12: 0.010100811 | BM12: 0.03788027 | BN12: 0.0058219351 | BO12: 0.02622424
A13: 1978 | B13: 0.039000799 | C13: 0.041700349 | D13: 0.051982671 | E13: 0.020053501 | F13: 0.02331663 | G13: 0.024119781 | H13: 0.062445346 | I13: 0.020188606 | J13: 0.017583766 | K13: 0.036135359 | L13: 0.039000429 | M13: 0.032737143 | N13: 0.065960485 | O13: 0.023365037 | P13: 0.049467357 | Q13: 0.043600357 | R13: 0.02699516 | S13: 0.045374147 | T13: 0.043658935 | U13: 0.043658935 | V13: 0.056566527 | W13: 0.036899641 | X13: 0.012222098 | Y13: 0.034829463 | Z13: 0.055056278 | AA13: 0.019936728 | AB13: 0.022602411 | AC13: 0.059160105 | AD13: 0.016225193 | AE13: 0.015082951 | AF13: 0.020476386 | AG13: 0.017617033 | AH13: 0.030741837 | AI13: 0.015900556 | AJ13: 0.030741837 | AK13: 0.030388332 | AL13: 0.013091135 | AM13: 0.024693609 | AN13: 0.030741837 | AO13: 0.012001968 | AP13: 0.038219936 | AQ13: 0.033896156 | AR13: 0.033896156 | AS13: 0.033896156 | AT13: 0.033896156 | AU13: 0.019657117 | AV13: 0.033896156 | AW13: 0.033896156 | AX13: 0.033896156 | AY13: 0.033896156 | AZ13: 0.062445346 | BA13: 0.045794816 | BB13: 0.010440626 | BC13: 0.023054598 | BD13: 0.015261702 | BE13: 0.017714684 | BF13: 0.023324791 | BG13: 0.0085229644 | BH13: 0.017806827 | BI13: 0.017427312 | BJ13: 0.0079048288 | BK13: 0.014073496 | BL13: 0.0094582498 | BM13: 0.035470523 | BN13: 0.0054515737 | BO13: 0.024555989
A14: 1979 | B14: 0.039139387 | C14: 0.043644021 | D14: 0.053384338 | E14: 0.018978337 | F14: 0.02215144 | G14: 0.022753794 | H14: 0.05992042 | I14: 0.019260575 | J14: 0.016491988 | K14: 0.038471952 | L14: 0.040665643 | M14: 0.033576114 | N14: 0.074083439 | O14: 0.024600283 | P14: 0.047342058 | Q14: 0.042871847 | R14: 0.02910671 | S14: 0.044027766 | T14: 0.047073918 | U14: 0.047073918 | V14: 0.058220508 | W14: 0.034591043 | X14: 0.015857816 | Y14: 0.035356808 | Z14: 0.055889871 | AA14: 0.019527333 | AB14: 0.023015656 | AC14: 0.057945269 | AD14: 0.015892013 | AE14: 0.013055635 | AF14: 0.020055909 | AG14: 0.016904703 | AH14: 0.029498816 | AI14: 0.01525763 | AJ14: 0.029498816 | AK14: 0.029159605 | AL14: 0.012561806 | AM14: 0.023695143 | AN14: 0.029498816 | AO14: 0.011255153 | AP14: 0.035841723 | AQ14: 0.031786988 | AR14: 0.031786988 | AS14: 0.031786988 | AT14: 0.031786988 | AU14: 0.018433965 | AV14: 0.031786988 | AW14: 0.031786988 | AX14: 0.031786988 | AY14: 0.031786988 | AZ14: 0.05992042 | BA14: 0.043943141 | BB14: 0.0091426626 | BC14: 0.022245217 | BD14: 0.016380038 | BE14: 0.019282159 | BF14: 0.022381672 | BG14: 0.0079926281 | BH14: 0.016698808 | BI14: 0.016342908 | BJ14: 0.0074129556 | BK14: 0.013197781 | BL14: 0.0088697159 | BM14: 0.033263391 | BN14: 0.0051123528 | BO14: 0.023028007
A15: 1980 | B15: 0.038186615 | C15: 0.04554908 | D15: 0.049313903 | E15: 0.017680174 | F15: 0.02120249 | G15: 0.02124868 | H15: 0.060060338 | I15: 0.019376755 | J15: 0.015421245 | K15: 0.041317108 | L15: 0.040656391 | M15: 0.034881131 | N15: 0.078893433 | O15: 0.026985564 | P15: 0.045538275 | Q15: 0.043899724 | R15: 0.03076727 | S15: 0.043535407 | T15: 0.049759521 | U15: 0.049759521 | V15: 0.053537558 | W15: 0.034953791 | X15: 0.019248336 | Y15: 0.033225459 | Z15: 0.052520765 | AA15: 0.019349347 | AB15: 0.023854662 | AC15: 0.057417114 | AD15: 0.015747162 | AE15: 0.011165253 | AF15: 0.019873105 | AG15: 0.016944177 | AH15: 0.029567698 | AI15: 0.015293258 | AJ15: 0.029567698 | AK15: 0.029227694 | AL15: 0.012591138 | AM15: 0.023750473 | AN15: 0.029567698 | AO15: 0.010393211 | AP15: 0.033096892 | AQ15: 0.029352677 | AR15: 0.029352677 | AS15: 0.029352677 | AT15: 0.029352677 | AU15: 0.017022255 | AV15: 0.029352677 | AW15: 0.029352677 | AX15: 0.029352677 | AY15: 0.029352677 | AZ15: 0.060060338 | BA15: 0.044045751 | BB15: 0.0090419148 | BC15: 0.022243279 | BD15: 0.02121093 | BE15: 0.019332387 | BF15: 0.022433935 | BG15: 0.0073805365 | BH15: 0.01541998 | BI15: 0.015091335 | BJ15: 0.0068452565 | BK15: 0.012187069 | BL15: 0.0081904552 | BM15: 0.030716013 | BN15: 0.0047208385 | BO15: 0.021264476
A16: 1981 | B16: 0.039200114 | C16: 0.047702964 | D16: 0.051745214 | E16: 0.017775149 | F16: 0.021539763 | G16: 0.023364773 | H16: 0.062062848 | I16: 0.020211681 | J16: 0.016762248 | K16: 0.043258606 | L16: 0.042529481 | M16: 0.036019194 | N16: 0.081257467 | O16: 0.031936697 | P16: 0.046854361 | Q16: 0.04312229 | R16: 0.031770299 | S16: 0.047976944 | T16: 0.051381707 | U16: 0.051381707 | V16: 0.056191395 | W16: 0.03735576 | X16: 0.021745831 | Y16: 0.035053908 | Z16: 0.055411066 | AA16: 0.018536503 | AB16: 0.022121337 | AC16: 0.055005089 | AD16: 0.015085642 | AE16: 0.013199764 | AF16: 0.01903826 | AG16: 0.017509124 | AH16: 0.030553533 | AI16: 0.01580316 | AJ16: 0.030553533 | AK16: 0.030202193 | AL16: 0.013010948 | AM16: 0.024542353 | AN16: 0.030553533 | AO16: 0.011271176 | AP16: 0.035892749 | AQ16: 0.031832242 | AR16: 0.031832242 | AS16: 0.031832242 | AT16: 0.031832242 | AU16: 0.018460209 | AV16: 0.031832242 | AW16: 0.031832242 | AX16: 0.031832242 | AY16: 0.031832242 | AZ16: 0.062062848 | BA16: 0.045514309 | BB16: 0.0094335134 | BC16: 0.023013387 | BD16: 0.019374482 | BE16: 0.020941077 | BF16: 0.023181919 | BG16: 0.0080040069 | BH16: 0.016722582 | BI16: 0.016366175 | BJ16: 0.0074235091 | BK16: 0.01321657 | BL16: 0.0088823434 | BM16: 0.033310746 | BN16: 0.005119631 | BO16: 0.023060791
... A60: 2025 | B60: 0.054980763 | C60: 0.089737689 | D60: 0.080192583 | E60: 0.029229317 | F60: 0.033528823 | G60: 0.058086433 | H60: 0.053652349 | I60: 0.031922307 | J60: 0.036124244 | K60: 0.098281467 | L60: 0.025646968 | M60: 0.06955911 | N60: 0.095049158 | O60: 0.11717534 | P60: 0.068780054 | Q60: 0.095980449 | R60: 0.046565217 | S60: 0.088863111 | T60: 0.081850911 | U60: 0.081850911 | V60: 0.084740675 | W60: 0.05015988 | X60: 0.080823998 | Y60: 0.090467671 | Z60: 0.081704898 | AA60: 0.025385073 | AB60: 0.045521161 | AC60: 0.071588912 | AD60: 0.02645288 | AE60: 0.019653511 | AF60: 0.034152984 | AG60: 0.017041504 | AH60: 0.035644335 | AI60: 0.039881318 | AJ60: 0.035644335 | AK60: 0.024170223 | AL60: 0.017595143 | AM60: 0.041616281 | AN60: 0.035644335 | AO60: 0.018781566 | AP60: 0.047535807 | AQ60: 0.054455711 | AR60: 0.054455711 | AS60: 0.054455711 | AT60: 0.054455711 | AU60: 0.085480495 | AV60: 0.054455711 | AW60: 0.054455711 | AX60: 0.054455711 | AY60: 0.054455711 | AZ60: 0.053652349 | BA60: 0.047758149 | BB60: 0.030396733 | BC60: 0.033576844 | BD60: 0.040522097 | BE60: 0.039604667 | BF60: 0.031798522 | BG60: 0.01077432 | BH60: 0.048891817 | BI60: 0.020155705 | BJ60: 0.009671176 | BK60: 0.020425452 | BL60: 0.026744119 | BM60: 0.060127065 | BN60: 0.012559329 | BO60: 0.038467392
A61: 2026
A62: 2027
A63: 2028
A64: 2029
A65: 2030
A66: 2031
A67: 2032
A68: 2033
A69: 2034
A70: 2035
A71: 2036
A72: 2037
... A135: 2100

Sheet P0
A1: ="Data Series on Inputs used by " & ReadMe!D1 & " Sector: Total Domestic Input as Share of Total Input (current price MER)." -> Data Series on Inputs used by "Manufacturing" Sector: Total Domestic Input as Share of Total Input (current price MER).
A4: Year | B4: World | C4: Europe | D4: North America/ Oceania | E4: Latin America | F4: Middle East/North Africa | G4: Subsaharan Africa | H4: Russia/ Central Asia | I4: East Asia | J4: South & South-East Asia | K4: DE | L4: DK | M4: ES | N4: FR | O4: GB | P4: IT | Q4: NL | R4: NO | S4: SE | T4: OC | U4: QM | V4: US | W4: CA | X4: AU | Y4: NZ | Z4: OH | AA4: AR | AB4: BR | AC4: CL | AD4: CO | AE4: MX | AF4: OD | AG4: AE | AH4: DZ | AI4: EG | AJ4: IR | AK4: MA | AL4: SA | AM4: TR | AN4: OE | AO4: CD | AP4: CI | AQ4: ET | AR4: KE | AS4: ML | AT4: NE | AU4: NG | AV4: RW | AW4: SD | AX4: ZA | AY4: OJ | AZ4: RU | BA4: OA | BB4: CN | BC4: JP | BD4: KR | BE4: TW | BF4: OB | BG4: BD | BH4: IN | BI4: ID | BJ4: MM | BK4: PK | BL4: PH | BM4: TH | BN4: VN | BO4: OI
A5: 1970 | B5: 0.89493938 | C5: 0.84000825 | D5: 0.93429914 | E5: 0.91496649 | F5: 0.80610917 | G5: 0.89444433 | H5: 0.89347622 | I5: 0.9468001 | J5: 0.85678797 | K5: 0.88613179 | L5: 0.66423861 | M5: 0.861397 | N5: 0.84588575 | O5: 0.85522979 | P5: 0.86081861 | Q5: 0.52197324 | R5: 0.76622134 | S5: 0.83776193 | T5: 0.83605662 | U5: 0.83605662 | V5: 0.95905808 | W5: 0.71807902 | X5: 0.87285492 | Y5: 0.86602912 | Z5: 0.93796956 | AA5: 0.96143076 | AB5: 0.94615803 | AC5: 0.84291065 | AD5: 0.78838485 | AE5: 0.91050322 | AF5: 0.90948964 | AG5: 0.67194904 | AH5: 0.78408168 | AI5: 0.7199974 | AJ5: 0.78408168 | AK5: 0.68569849 | AL5: 0.80757761 | AM5: 0.87305634 | AN5: 0.78408168 | AO5: 0.79398982 | AP5: 0.86804101 | AQ5: 0.8630392 | AR5: 0.8630392 | AS5: 0.8630392 | AT5: 0.8630392 | AU5: 0.93596491 | AV5: 0.8630392 | AW5: 0.8630392 | AX5: 0.8630392 | AY5: 0.8630392 | AZ5: 0.89347622 | BA5: 0.85878673 | BB5: 0.96167794 | BC5: 0.95084856 | BD5: 0.80852736 | BE5: 0.80426351 | BF5: 0.94135365 | BG5: 0.84872204 | BH5: 0.94940979 | BI5: 0.8302949 | BJ5: 0.73723577 | BK5: 0.90727604 | BL5: 0.54037037 | BM5: 0.72100462 | BN5: 0.75420579 | BO5: 0.75750032
A6: 1971 | B6: 0.89563022 | C6: 0.84079453 | D6: 0.93206799 | E6: 0.92030943 | F6: 0.80491196 | G6: 0.90075029 | H6: 0.89690282 | I6: 0.94980702 | J6: 0.86974005 | K6: 0.88732874 | L6: 0.6754751 | M6: 0.86689271 | N6: 0.84957299 | O6: 0.85897472 | P6: 0.86746631 | Q6: 0.52973524 | R6: 0.76977715 | S6: 0.84868184 | T6: 0.83993651 | U6: 0.83993651 | V6: 0.95701006 | W6: 0.72026966 | X6: 0.88595801 | Y6: 0.8643105 | Z6: 0.93610818 | AA6: 0.96340518 | AB6: 0.94194468 | AC6: 0.84464167 | AD6: 0.7900039 | AE6: 0.9217881 | AF6: 0.91135739 | AG6: 0.67452605 | AH6: 0.78708873 | AI6: 0.72275868 | AJ6: 0.78708873 | AK6: 0.68832824 | AL6: 0.81067478 | AM6: 0.87640462 | AN6: 0.78708873 | AO6: 0.79888394 | AP6: 0.87339159 | AQ6: 0.86835894 | AR6: 0.86835894 | AS6: 0.86835894 | AT6: 0.86835894 | AU6: 0.94173416 | AV6: 0.86835894 | AW6: 0.86835894 | AX6: 0.86835894 | AY6: 0.86835894 | AZ6: 0.89690282 | BA6: 0.86208029 | BB6: 0.96437439 | BC6: 0.95556872 | BD6: 0.80334139 | BE6: 0.80739324 | BF6: 0.94496387 | BG6: 0.85395353 | BH6: 0.95526192 | BI6: 0.83541281 | BJ6: 0.74178006 | BK6: 0.91286845 | BL6: 0.54370119 | BM6: 0.72544886 | BN6: 0.75885469 | BO6: 0.76216953
A7: 1972 | B7: 0.89360557 | C7: 0.83591374 | D7: 0.92775008 | E7: 0.92161668 | F7: 0.80890551 | G7: 0.89984683 | H7: 0.89900636 | I7: 0.95258236 | J7: 0.86129124 | K7: 0.88712246 | L7: 0.67900477 | M7: 0.86671822 | N7: 0.84393367 | O7: 0.85431248 | P7: 0.86128813 | Q7: 0.53332707 | R7: 0.76736594 | S7: 0.84910327 | T7: 0.83730554 | U7: 0.83730554 | V7: 0.95297826 | W7: 0.71256875 | X7: 0.89686153 | Y7: 0.86080061 | Z7: 0.93230673 | AA7: 0.96127092 | AB7: 0.9377614 | AC7: 0.84277051 | AD7: 0.78825378 | AE7: 0.92113198 | AF7: 0.90933843 | AG7: 0.67610804 | AH7: 0.78893472 | AI7: 0.72445379 | AJ7: 0.78893472 | AK7: 0.6899426 | AL7: 0.81257608 | AM7: 0.87846008 | AN7: 0.78893472 | AO7: 0.79625139 | AP7: 0.87051352 | AQ7: 0.86549746 | AR7: 0.86549746 | AS7: 0.86549746 | AT7: 0.86549746 | AU7: 0.93863088 | AV7: 0.86549746 | AW7: 0.86549746 | AX7: 0.86549746 | AY7: 0.86549746 | AZ7: 0.89900636 | BA7: 0.86410216 | BB7: 0.96254864 | BC7: 0.9591049 | BD7: 0.81538476 | BE7: 0.802031 | BF7: 0.94718012 | BG7: 0.85113951 | BH7: 0.95211406 | BI7: 0.83265989 | BJ7: 0.73933569 | BK7: 0.9098603 | BL7: 0.54190954 | BM7: 0.72305831 | BN7: 0.75635405 | BO7: 0.75965797
A8: 1973 | B8: 0.88602764 | C8: 0.8296701 | D8: 0.92134455 | E8: 0.91896923 | F8: 0.80060997 | G8: 0.88612367 | H8: 0.89120355 | I8: 0.94363095 | J8: 0.84328126 | K8: 0.8862478 | L8: 0.67348571 | M8: 0.86133015 | N8: 0.83562164 | O8: 0.84828303 | P8: 0.84301358 | Q8: 0.52534008 | R8: 0.76077994 | S8: 0.84263603 | T8: 0.83011927 | U8: 0.83011927 | V8: 0.94896225 | W8: 0.7042647 | X8: 0.87417753 | Y8: 0.85589291 | Z8: 0.92699134 | AA8: 0.95834461 | AB8: 0.93817395 | AC8: 0.84020495 | AD8: 0.78585417 | AE8: 0.90856467 | AF8: 0.90657022 | AG8: 0.67023985 | AH8: 0.78208727 | AI8: 0.71816599 | AJ8: 0.78208727 | AK8: 0.68395433 | AL8: 0.80552344 | AM8: 0.87083561 | AN8: 0.78208727 | AO8: 0.78659886 | AP8: 0.85996074 | AQ8: 0.85500549 | AR8: 0.85500549 | AS8: 0.85500549 | AT8: 0.85500549 | AU8: 0.92725236 | AV8: 0.85500549 | AW8: 0.85500549 | AX8: 0.85500549 | AY8: 0.85500549 | AZ8: 0.89120355 | BA8: 0.8566023 | BB8: 0.95138131 | BC8: 0.95270666 | BD8: 0.78959837 | BE8: 0.79346078 | BF8: 0.9389592 | BG8: 0.8408216 | BH8: 0.94057208 | BI8: 0.82256599 | BJ8: 0.73037311 | BK8: 0.89883054 | BL8: 0.53534026 | BM8: 0.71429305 | BN8: 0.74718517 | BO8: 0.75044903
A9: 1974 | B9: 0.86990896 | C9: 0.81331238 | D9: 0.908638 | E9: 0.89325204 | F9: 0.78994242 | G9: 0.88271263 | H9: 0.88137918 | I9: 0.93280406 | J9: 0.82747296 | K9: 0.87528601 | L9: 0.66785005 | M9: 0.84976642 | N9: 0.79880414 | O9: 0.83169655 | P9: 0.83812181 | Q9: 0.51196702 | R9: 0.74436462 | S9: 0.82116341 | T9: 0.81220782 | U9: 0.81220782 | V9: 0.93904177 | W9: 0.68813007 | X9: 0.86006329 | Y9: 0.84581003 | Z9: 0.91607088 | AA9: 0.9263869 | AB9: 0.90155026 | AC9: 0.81218681 | AD9: 0.75964846 | AE9: 0.88881868 | AF9: 0.87633902 | AG9: 0.66285132 | AH9: 0.77346576 | AI9: 0.71024914 | AJ9: 0.77346576 | AK9: 0.67641462 | AL9: 0.79664358 | AM9: 0.86123577 | AN9: 0.77346576 | AO9: 0.77890786 | AP9: 0.85155244 | AQ9: 0.84664564 | AR9: 0.84664564 | AS9: 0.84664564 | AT9: 0.84664564 | AU9: 0.91818611 | AV9: 0.84664564 | AW9: 0.84664564 | AX9: 0.84664564 | AY9: 0.84664564 | AZ9: 0.88137918 | BA9: 0.84715936 | BB9: 0.9392268 | BC9: 0.94457933 | BD9: 0.77625229 | BE9: 0.76110063 | BF9: 0.92860838 | BG9: 0.83260043 | BH9: 0.93137561 | BI9: 0.81452332 | BJ9: 0.72323186 | BK9: 0.89004219 | BL9: 0.53010595 | BM9: 0.70730903 | BN9: 0.73987954 | BO9: 0.74311149
A10: 1975 | B10: 0.87513767 | C10: 0.82480835 | D10: 0.9145875 | E10: 0.9016823 | F10: 0.7953073 | G10: 0.88525068 | H10: 0.88644022 | I10: 0.93870698 | J10: 0.82539024 | K10: 0.87472368 | L10: 0.6804804 | M10: 0.85453201 | N10: 0.82748655 | O10: 0.85033901 | P10: 0.86766038 | Q10: 0.5287533 | R10: 0.75854578 | S10: 0.83670319 | T10: 0.82768149 | U10: 0.82768149 | V10: 0.94435839 | W10: 0.68794045 | X10: 0.88040525 | Y10: 0.85072686 | Z10: 0.92139615 | AA10: 0.94488726 | AB10: 0.92692607 | AC10: 0.82840655 | AD10: 0.77481898 | AE10: 0.89072923 | AF10: 0.8938399 | AG10: 0.66665753 | AH10: 0.77790714 | AI10: 0.71432752 | AJ10: 0.77790714 | AK10: 0.68029871 | AL10: 0.80121805 | AM10: 0.86618114 | AN10: 0.77790714 | AO10: 0.77835221 | AP10: 0.85094497 | AQ10: 0.84604167 | AR10: 0.84604167 | AS10: 0.84604167 | AT10: 0.84604167 | AU10: 0.91753111 | AV10: 0.84604167 | AW10: 0.84604167 | AX10: 0.84604167 | AY10: 0.84604167 | AZ10: 0.88644022 | BA10: 0.8520239 | BB10: 0.94472115 | BC10: 0.95027997 | BD10: 0.79156461 | BE10: 0.77975451 | BF10: 0.93394062 | BG10: 0.83200648 | BH10: 0.93071119 | BI10: 0.81394227 | BJ10: 0.72271593 | BK10: 0.88940726 | BL10: 0.52972779 | BM10: 0.70680445 | BN10: 0.73935173 | BO10: 0.74258138
A11: 1976 | B11: 0.87207848 | C11: 0.81474822 | D11: 0.91240982 | E11: 0.91254673 | F11: 0.79259837 | G11: 0.90040939 | H11: 0.88439606 | I11: 0.93583257 | J11: 0.82731564 | K11: 0.86547128 | L11: 0.67613518 | M11: 0.84888068 | N11: 0.80963674 | O11: 0.84477771 | P11: 0.84582708 | Q11: 0.52264353 | R11: 0.74810531 | S11: 0.83512887 | T11: 0.81628944 | U11: 0.81628944 | V11: 0.94215195 | W11: 0.69578486 | X11: 0.86683145 | Y11: 0.84868044 | Z11: 0.91917973 | AA11: 0.95758279 | AB11: 0.93976666 | AC11: 0.83953703 | AD11: 0.78522947 | AE11: 0.89628876 | AF11: 0.90584955 | AG11: 0.66512019 | AH11: 0.77611326 | AI11: 0.71268025 | AJ11: 0.77611326 | AK11: 0.67872992 | AL11: 0.79937041 | AM11: 0.86418369 | AN11: 0.77611326 | AO11: 0.78846501 | AP11: 0.86200094 | AQ11: 0.85703393 | AR11: 0.85703393 | AS11: 0.85703393 | AT11: 0.85703393 | AU11: 0.9294522 | AV11: 0.85703393 | AW11: 0.85703393 | AX11: 0.85703393 | AY11: 0.85703393 | AZ11: 0.88439606 | BA11: 0.8500591 | BB11: 0.94622753 | BC11: 0.9498581 | BD11: 0.80193569 | BE11: 0.77057465 | BF11: 0.93178692 | BG11: 0.84281639 | BH11: 0.94280353 | BI11: 0.82451747 | BJ11: 0.73210587 | BK11: 0.90096296 | BL11: 0.53661032 | BM11: 0.71598767 | BN11: 0.74895782 | BO11: 0.75222942
A12: 1977 | B12: 0.87322323 | C12: 0.81583774 | D12: 0.91330332 | E12: 0.91309455 | F12: 0.79336479 | G12: 0.90266816 | H12: 0.88695324 | I12: 0.93616664 | J12: 0.83207319 | K12: 0.8641414 | L12: 0.68291113 | M12: 0.8604465 | N12: 0.81170189 | O12: 0.84563098 | P12: 0.8523012 | Q12: 0.5260728 | R12: 0.75055144 | S12: 0.83526954 | T12: 0.81895852 | U12: 0.81895852 | V12: 0.94019963 | W12: 0.69532134 | X12: 0.86951388 | Y12: 0.84845317 | Z12: 0.91893359 | AA12: 0.9649079 | AB12: 0.94837566 | AC12: 0.84595915 | AD12: 0.79123615 | AE12: 0.8901446 | AF12: 0.91277893 | AG12: 0.66704335 | AH12: 0.77835735 | AI12: 0.71474093 | AJ12: 0.77835735 | AK12: 0.68069243 | AL12: 0.80168175 | AM12: 0.86668243 | AN12: 0.77835735 | AO12: 0.79085793 | AP12: 0.86461703 | AQ12: 0.85963495 | AR12: 0.85963495 | AS12: 0.85963495 | AT12: 0.85963495 | AU12: 0.932273 | AV12: 0.85963495 | AW12: 0.85963495 | AX12: 0.85963495 | AY12: 0.85963495 | AZ12: 0.88695324 | BA12: 0.852517 | BB12: 0.95057634 | BC12: 0.95321813 | BD12: 0.7975708 | BE12: 0.75494686 | BF12: 0.93448113 | BG12: 0.84537426 | BH12: 0.94566485 | BI12: 0.82701981 | BJ12: 0.73432775 | BK12: 0.90369729 | BL12: 0.53823888 | BM12: 0.71816062 | BN12: 0.75123083 | BO12: 0.75451237
A13: 1978 | B13: 0.8754126 | C13: 0.82144284 | D13: 0.90951135 | E13: 0.90947248 | F13: 0.79452114 | G13: 0.89592428 | H13: 0.88751946 | I13: 0.93687719 | J13: 0.83347454 | K13: 0.86443454 | L13: 0.69166797 | M13: 0.87093007 | N13: 0.82282226 | O13: 0.85362133 | P13: 0.85713563 | Q13: 0.52867549 | R13: 0.75604172 | S13: 0.83050391 | T13: 0.82494921 | U13: 0.82494921 | V13: 0.93650945 | W13: 0.71029763 | X13: 0.85813712 | Y13: 0.84576135 | Z13: 0.91601816 | AA13: 0.96581574 | AB13: 0.95371657 | AC13: 0.84675507 | AD13: 0.79198059 | AE13: 0.87734032 | AF13: 0.91363772 | AG13: 0.66746919 | AH13: 0.77885425 | AI13: 0.71519721 | AJ13: 0.77885425 | AK13: 0.68112698 | AL13: 0.80219354 | AM13: 0.86723571 | AN13: 0.77885425 | AO13: 0.78672153 | AP13: 0.86009485 | AQ13: 0.85513882 | AR13: 0.85513882 | AS13: 0.85513882 | AT13: 0.85513882 | AU13: 0.92739696 | AV13: 0.85513882 | AW13: 0.85513882 | AX13: 0.85513882 | AY13: 0.85513882 | AZ13: 0.88751946 | BA13: 0.85306124 | BB13: 0.93975514 | BC13: 0.95652159 | BD13: 0.79161211 | BE13: 0.76977055 | BF13: 0.9350777 | BG13: 0.84095272 | BH13: 0.94071877 | BI13: 0.82269427 | BJ13: 0.73048701 | BK13: 0.89897071 | BL13: 0.53542374 | BM13: 0.71440445 | BN13: 0.74730169 | BO13: 0.75056607
A14: 1979 | B14: 0.86524193 | C14: 0.810378 | D14: 0.90753794 | E14: 0.89576052 | F14: 0.79129897 | G14: 0.88887855 | H14: 0.87857152 | I14: 0.92764371 | J14: 0.82451281 | K14: 0.85516248 | L14: 0.68926971 | M14: 0.86703184 | N14: 0.81593234 | O14: 0.83246272 | P14: 0.84737928 | Q14: 0.51602855 | R14: 0.74636234 | S14: 0.81278199 | T14: 0.81438762 | U14: 0.81438762 | V14: 0.93542113 | W14: 0.6819054 | X14: 0.85890666 | Y14: 0.8433581 | Z14: 0.91341528 | AA14: 0.95329543 | AB14: 0.94535525 | AC14: 0.8357782 | AD14: 0.78171378 | AE14: 0.86005173 | AF14: 0.90179381 | AG14: 0.66073978 | AH14: 0.77100186 | AI14: 0.70798661 | AJ14: 0.77100186 | AK14: 0.67425988 | AL14: 0.79410584 | AM14: 0.85849227 | AN14: 0.77100186 | AO14: 0.77971112 | AP14: 0.85243062 | AQ14: 0.84751876 | AR14: 0.84751876 | AS14: 0.84751876 | AT14: 0.84751876 | AU14: 0.91913301 | AV14: 0.84751876 | AW14: 0.84751876 | AX14: 0.84751876 | AY14: 0.84751876 | AZ14: 0.87857152 | BA14: 0.8444607 | BB14: 0.93865305 | BC14: 0.94695507 | BD14: 0.79842449 | BE14: 0.75135216 | BF14: 0.92565027 | BG14: 0.83345907 | BH14: 0.9323361 | BI14: 0.81536331 | BJ14: 0.72397771 | BK14: 0.89096006 | BL14: 0.53065263 | BM14: 0.70803845 | BN14: 0.74064255 | BO14: 0.74387784
A15: 1980 | B15: 0.86053844 | C15: 0.80772065 | D15: 0.90146355 | E15: 0.89516127 | F15: 0.78026901 | G15: 0.87988066 | H15: 0.87700936 | I15: 0.92519914 | J15: 0.81764733 | K15: 0.847428 | L15: 0.68495273 | M15: 0.8569009 | N15: 0.80941733 | O15: 0.83891054 | P15: 0.84569479 | Q15: 0.50625628 | R15: 0.74296667 | S15: 0.82000149 | T15: 0.81068246 | U15: 0.81068246 | V15: 0.92952994 | W15: 0.68848641 | X15: 0.85858587 | Y15: 0.83794265 | Z15: 0.90754997 | AA15: 0.95605326 | AB15: 0.95452638 | AC15: 0.83819605 | AD15: 0.78397523 | AE15: 0.8615235 | AF15: 0.90440265 | AG15: 0.65956495 | AH15: 0.76963097 | AI15: 0.70672777 | AJ15: 0.76963097 | AK15: 0.673061 | AL15: 0.79269387 | AM15: 0.85696582 | AN15: 0.76963097 | AO15: 0.77133948 | AP15: 0.8432782 | AQ15: 0.83841907 | AR15: 0.83841907 | AS15: 0.83841907 | AT15: 0.83841907 | AU15: 0.90926441 | AV15: 0.83841907 | AW15: 0.83841907 | AX15: 0.83841907 | AY15: 0.83841907 | AZ15: 0.87700936 | BA15: 0.8429592 | BB15: 0.93954987 | BC15: 0.94439991 | BD15: 0.79946139 | BE15: 0.74004215 | BF15: 0.92400441 | BG15: 0.82451034 | BH15: 0.92232575 | BI15: 0.80660888 | BJ15: 0.71620446 | BK15: 0.88139396 | BL15: 0.52495509 | BM15: 0.70043634 | BN15: 0.73269038 | BO15: 0.73589093
A16: 1981 | B16: 0.86111172 | C16: 0.8017953 | D16: 0.90212891 | E16: 0.8828944 | F16: 0.7791573 | G16: 0.88547759 | H16: 0.8757102 | I16: 0.92441986 | J16: 0.82305776 | K16: 0.8388574 | L16: 0.68196356 | M16: 0.85329844 | N16: 0.81163658 | O16: 0.83047741 | P16: 0.85368346 | Q16: 0.50408551 | R16: 0.74098101 | S16: 0.82043886 | T16: 0.80851582 | U16: 0.80851582 | V16: 0.93038528 | W16: 0.69822452 | X16: 0.86036837 | Y16: 0.83898881 | Z16: 0.90868303 | AA16: 0.94144941 | AB16: 0.94689143 | AC16: 0.8253925 | AD16: 0.77199991 | AE16: 0.85797942 | AF16: 0.89058778 | AG16: 0.65858789 | AH16: 0.76849087 | AI16: 0.70568085 | AJ16: 0.76849087 | AK16: 0.67206396 | AL16: 0.79151961 | AM16: 0.85569635 | AN16: 0.76849087 | AO16: 0.7774686 | AP16: 0.84997895 | AQ16: 0.84508121 | AR16: 0.84508121 | AS16: 0.84508121 | AT16: 0.84508121 | AU16: 0.9164895 | AV16: 0.84508121 | AW16: 0.84508121 | AX16: 0.84508121 | AY16: 0.84508121 | AZ16: 0.8757102 | BA16: 0.84171048 | BB16: 0.9340257 | BC16: 0.94462735 | BD16: 0.80395224 | BE16: 0.77467373 | BF16: 0.92263563 | BG16: 0.83106196 | BH16: 0.92965462 | BI16: 0.81301825 | BJ16: 0.72189548 | BK16: 0.88839758 | BL16: 0.52912642 | BM16: 0.70600207 | BN16: 0.7385124 | BO16: 0.74173837
... A60: 2025 | B60: 0.78625237 | C60: 0.67946565 | D60: 0.81536504 | E60: 0.68181437 | F60: 0.6452435 | G60: 0.81145904 | H60: 0.86515347 | I60: 0.88071188 | J60: 0.74044511 | K60: 0.70555941 | L60: 0.65732363 | M60: 0.69579887 | N60: 0.63844486 | O60: 0.65630368 | P60: 0.72572138 | Q60: 0.62846768 | R60: 0.62003723 | S60: 0.66543569 | T60: 0.66222434 | U60: 0.66222434 | V60: 0.84338247 | W60: 0.65586812 | X60: 0.78881347 | Y60: 0.75176124 | Z60: 0.82163099 | AA60: 0.84379434 | AB60: 0.83958797 | AC60: 0.71088256 | AD60: 0.69268566 | AE60: 0.58317988 | AF60: 0.72105976 | AG60: 0.27753533 | AH60: 0.64792819 | AI60: 0.73933547 | AJ60: 0.64792819 | AK60: 0.52609761 | AL60: 0.83236696 | AM60: 0.66988213 | AN60: 0.64792819 | AO60: 0.45592713 | AP60: 0.85674063 | AQ60: 0.82106751 | AR60: 0.82106751 | AS60: 0.82106751 | AT60: 0.82106751 | AU60: 0.85364761 | AV60: 0.82106751 | AW60: 0.82106751 | AX60: 0.82106751 | AY60: 0.82106751 | AZ60: 0.86515347 | BA60: 0.84123279 | BB60: 0.91205351 | BC60: 0.82575563 | BD60: 0.75839968 | BE60: 0.68902356 | BF60: 0.88599772 | BG60: 0.82470752 | BH60: 0.80927822 | BI60: 0.81949617 | BJ60: 0.75819699 | BK60: 0.83488456 | BL60: 0.58291277 | BM60: 0.59077239 | BN60: 0.61109451 | BO60: 0.72694514
A61: 2026
A62: 2027
A63: 2028
A64: 2029
A65: 2030
A66: 2031
A67: 2032
A68: 2033
A69: 2034
A70: 2035
A71: 2036
A72: 2037
... A135: 2100

Sheet P1
A1: ="Data Series on Inputs used by " & ReadMe!D1 & " Sector: Domestic Food Input as Share of Total Food Input (current price MER)." -> Data Series on Inputs used by "Manufacturing" Sector: Domestic Food Input as Share of Total Food Input (current price MER).
A4: Year | B4: World | C4: Europe | D4: North America/ Oceania | E4: Latin America | F4: Middle East/North Africa | G4: Subsaharan Africa | H4: Russia/ Central Asia | I4: East Asia | J4: South & South-East Asia | K4: DE | L4: DK | M4: ES | N4: FR | O4: GB | P4: IT | Q4: NL | R4: NO | S4: SE | T4: OC | U4: QM | V4: US | W4: CA | X4: AU | Y4: NZ | Z4: OH | AA4: AR | AB4: BR | AC4: CL | AD4: CO | AE4: MX | AF4: OD | AG4: AE | AH4: DZ | AI4: EG | AJ4: IR | AK4: MA | AL4: SA | AM4: TR | AN4: OE | AO4: CD | AP4: CI | AQ4: ET | AR4: KE | AS4: ML | AT4: NE | AU4: NG | AV4: RW | AW4: SD | AX4: ZA | AY4: OJ | AZ4: RU | BA4: OA | BB4: CN | BC4: JP | BD4: KR | BE4: TW | BF4: OB | BG4: BD | BH4: IN | BI4: ID | BJ4: MM | BK4: PK | BL4: PH | BM4: TH | BN4: VN | BO4: OI
